#{"t_start": 1701251821.909935, "env_id": "None"}
r,l,t
-78.647835,250,48.572472
-54.80232,250,48.572472
-26.57337,250,48.572472
-24.092398,250,48.572472
-40.25158,250,48.572472
-26.73988,250,48.572472
-34.9845,250,97.588597
-34.640476,250,97.588597
-59.459568,250,97.588597
12.970736,250,97.588597
-17.241344,250,97.588597
-42.857143,250,97.588597
-29.99997,250,125.80425
-65.75353,250,125.80425
-78.41742,250,125.80425
-43.894398,250,125.80425
-32.86215,250,125.80425
-72.30782,250,125.80425
-67.42683,250,155.189639
-20.289839,250,155.189639
-7.6433115,250,155.189639
-35.01815,250,155.189639
-16.666662,250,155.189639
-53.405075,250,155.189639
-39.16347,250,182.350671
-8.759124,250,182.350671
-58.18821,250,182.350671
-0.76332736,250,182.351667
-33.120987,250,182.351667
-22.261467,250,182.351667
-54.386032,250,211.617826
-42.307682,250,211.617826
-29.889372,250,211.617826
-50.495132,250,211.617826
-45.57824,250,211.617826
-47.735207,250,211.617826
-32.90732,250,238.393781
-46.043205,250,238.393781
-76.11955,250,238.393781
-52.381012,250,238.393781
-19.540192,250,238.393781
-70.37049,250,238.393781
-25.093624,250,264.501925
-51.672916,250,264.501925
-62.406097,250,264.501925
-71.786964,250,264.501925
-44.62542,250,264.501925
-57.236908,250,264.501925
-46.23656,250,400.502063
-69.38786,250,400.502063
-63.57628,250,400.502063
-39.39395,250,400.503067
-78.41742,250,400.503067
-17.266188,250,400.503067
-23.333292,250,429.007376
-70.58835,250,429.007376
-29.32857,250,429.007376
-77.34643,250,429.007376
-38.053097,250,429.007376
-7.063272,250,429.007376
-71.87512,250,458.633454
-32.20333,250,458.633454
-26.421385,250,458.633454
-66.44306,250,458.633454
-71.608955,250,458.633454
-75.35224,250,458.633454
-41.3793,250,486.069829
-56.5218,250,486.070826
-47.368423,250,486.070826
-42.76093,250,486.070826
-36.5559,250,486.070826
-38.983036,250,486.070826
-42.567554,250,512.716327
-30.131037,250,512.716327
-31.034512,250,512.716327
-25.925974,250,512.716327
-69.178185,250,512.716327
-38.650284,250,512.716327
-63.93452,250,539.793497
-60.854225,250,539.793497
-43.77515,250,539.793497
-52.554775,250,539.793497
-39.71628,250,539.793497
-22.636057,250,539.793497
-54.717087,250,566.335542
-43.66201,250,566.335542
-37.70495,250,566.335542
-34.306522,250,566.335542
-43.46288,250,566.335542
-43.0605,250,566.335542
-33.96232,250,593.51767
-41.176506,250,593.51767
-73.42205,250,593.51767
-74.359116,250,593.51767
-11.184277,250,593.51767
-70.03757,250,593.51767
-44.852955,250,713.370623
-35.153595,250,713.370623
-28.057577,250,713.370623
-70.03756,250,713.370623
-26.98409,250,713.370623
-66.21631,250,713.370623
0.34587726,250,739.924619
-71.63132,250,739.924619
-62.32884,250,739.924619
-2.684725,250,739.924619
-65.4089,250,739.925616
-6.137322,250,739.925616
-34.707912,250,766.818711
-59.876606,250,766.818711
-43.28358,250,766.818711
-27.152355,250,766.818711
50.19731,250,766.818711
-7.9756036,250,766.818711
-67.63764,250,793.827598
36.489998,250,793.827598
-71.73156,250,793.827598
-60.655804,250,793.827598
2.3891377,250,793.827598
124.00098,250,793.827598
15.523251,250,820.798303
-64.15778,250,820.798303
-17.91054,250,820.798303
-57.894863,250,820.798303
-77.12432,250,820.798303
-63.768196,250,820.798303
-128.50609,233,845.424289
-37.50002,250,847.228465
-6.6666307,250,847.228465
-9.448962,250,847.228465
-48.012253,250,847.228465
-42.23828,250,847.228465
8.949215,250,872.285932
42.85694,250,874.097088
-73.42205,250,874.097088
116.949356,250,874.097088
38.157745,250,874.097088
-74.44103,250,874.097088
-21.641779,250,899.065241
-1.1407477,250,900.864429
-41.176495,250,900.864429
-36.102276,250,900.864429
-28.030321,250,900.864429
-33.085487,250,900.864429
-123.16592,221,1020.515546
1.7542192,250,1021.757225
-29.765867,250,1023.556414
-33.121025,250,1023.556414
-8.425033,250,1023.556414
-50.49508,250,1023.556414
-32.075478,250,1046.928587
-28.813578,250,1048.207177
-41.35804,250,1050.0273
-16.923182,250,1050.0273
121.05286,250,1050.0273
93.430916,250,1050.0273
13.401861,250,1073.331985
144.44534,250,1074.741217
-34.853455,250,1077.797045
-29.078035,250,1077.797045
-25.65064,250,1077.797045
201.81812,250,1077.797045
-92.30693,139,1102.890018
-36.170223,250,1117.919361
-23.076962,250,1122.305727
175.97487,250,1124.327324
-26.66672,250,1124.327324
40.74044,250,1124.327324
-23.07697,250,1140.133593
-58.95529,250,1149.331021
-34.69389,250,1150.6854
-146.08067,247,1152.23826
-13.194558,250,1152.615252
71.4285,250,1152.615252
7.407214,250,1168.416697
38.80105,250,1177.600143
59.574257,250,1179.094148
-29.999985,250,1180.827513
109.96486,250,1181.27332
-42.652348,250,1181.27332
47.601204,250,1197.601799
18.958887,250,1206.488034
-32.30771,250,1207.79454
22.743423,250,1209.313478
63.20452,250,1209.647584
1.4924028,250,1209.647584
-35.48389,250,1224.407639
-42.953014,250,1232.886962
76.470375,250,1234.169532
-13.857793,250,1235.66208
-43.620197,250,1236.032091
-29.82459,250,1236.032091
125.30924,250,1252.406994
-1.9609464,250,1354.777011
-3.7268388,250,1356.067548
73.333305,250,1357.512683
4.294318,250,1357.877707
-10.852855,250,1357.877707
29.770702,250,1372.3171
212.28116,250,1380.849289
-27.672974,250,1382.123878
218.5195,250,1383.586966
30.908827,250,1383.942016
25.827538,250,1383.942016
178.31761,250,1399.169297
11.110895,250,1408.025719
2.3889146,250,1409.339207
46.78871,250,1410.859142
-22.829659,250,1411.231147
-34.78265,250,1411.231147
132.47334,250,1426.251992
56.351547,250,1434.905859
-67.27282,250,1436.225342
66.00761,250,1437.771208
49.501366,250,1438.142216
-17.431286,250,1438.142216
196.8208,250,1453.465251
62.72158,250,1462.471208
146.24683,250,1463.793644
88.15352,250,1465.36019
97.18323,250,1465.711251
191.94695,250,1465.711251
22.111956,250,1480.631333
-24.460514,250,1489.306135
-21.212208,250,1490.608651
-4.153496,250,1492.136566
181.35692,250,1492.552453
42.85688,250,1492.552453
-19.093801,250,1507.775745
119.69761,250,1516.665985
47.058533,250,1517.954539
6.6665096,250,1519.467493
-41.717823,250,1519.826532
-53.06864,250,1519.826532
183.7845,250,1534.809903
31.147223,250,1543.562497
166.40999,250,1544.820138
40.84475,250,1546.369993
-30.069962,250,1546.710084
7.7842345,250,1546.710084
46.428246,250,1562.888046
29.824299,250,1572.239039
40.793953,250,1573.617353
104.86148,250,1670.358717
93.30898,250,1670.689832
-0.56831187,250,1670.689832
319.3553,250,1685.32669
86.38007,250,1693.807525
179.8751,250,1695.069151
-26.315838,250,1696.545209
257.38892,250,1696.893279
100.68066,250,1696.893279
62.3375,250,1711.573021
44.486435,250,1720.373486
209.85892,250,1721.756792
545.38983,250,1723.363495
312.33798,250,1723.714556
29.746555,250,1723.714556
159.78745,250,1739.009652
66.133995,250,1747.900133
406.62238,250,1749.227583
100.0004,250,1750.704116
339.59814,250,1751.052184
174.64864,250,1751.052184
165.061,250,1765.882354
-13.207656,250,1774.753631
292.15793,250,1776.101026
246.80228,250,1777.666839
475.30188,250,1778.018899
197.94606,250,1778.018899
294.6499,250,1793.197312
218.99731,250,1801.833218
209.6095,250,1803.165654
343.3334,250,1804.711521
161.90533,250,1805.073552
350.79376,250,1805.073552
307.4079,250,1820.262931
159.13687,250,1829.03946
181.25075,250,1830.338985
673.0775,250,1831.873881
676.2708,250,1832.261842
336.42676,250,1832.261842
403.52124,250,1847.685488
415.90173,250,1856.382229
84.71345,250,1857.727633
264.74203,250,1859.237594
127.58714,250,1859.593642
157.32956,250,1859.593642
-19.11774,250,1875.790327
379.0208,250,1885.262365
39.53456,250,1886.68556
102.81677,250,1888.348121
92.857346,250,1888.718132
195.13953,250,1888.718132
23.809328,250,1999.049194
601.63916,250,2007.748935
280.19254,250,2009.099323
600.7575,250,2010.669127
761.9396,250,2011.038139
434.24695,250,2011.038139
181.96819,250,2026.330262
328.1355,250,2035.299275
423.0767,250,2036.666619
264.28632,250,2038.174586
420.12448,250,2038.526645
356.6668,250,2038.526645
44.653778,250,2053.869613
403.59738,250,2062.730926
362.3294,250,2064.073337
194.8727,250,2065.565347
183.91272,250,2065.928376
576.1896,250,2065.928376
337.8707,250,2080.725802
377.73398,250,2089.246843
85.03963,250,2090.513455
329.0785,250,2091.94762
494.1554,250,2092.313642
260.295,250,2092.313642
225.42474,250,2107.097085
211.32172,250,2115.767982
338.9324,250,2117.053544
80.00014,250,2118.617363
215.57426,250,2118.983384
291.45996,250,2118.983384
244.05194,250,2134.174187
499.999,250,2143.103945
179.41269,250,2144.451342
348.71823,250,2146.015167
752.7399,250,2146.386175
629.09674,250,2146.386175
80.327896,250,2161.530406
12.499781,250,2170.415644
15.254009,250,2171.745088
356.74835,250,2173.294943
453.7978,250,2173.667947
706.33887,250,2173.667947
212.31294,250,2190.099298
440.14636,250,2199.848744
482.49274,250,2201.254982
452.3808,250,2202.896592
311.76566,250,2203.312479
710.63086,250,2203.313477
812.40875,250,2313.241732
214.17612,250,2322.052225
792.59344,250,2323.404609
677.09045,250,2324.927536
337.50092,250,2325.279594
16.20774,250,2325.279594
517.7462,250,2340.484086
427.47275,250,2349.306493
659.1972,250,2350.634939
351.26453,250,2352.16086
653.7306,250,2352.505936
654.44763,250,2352.505936
230.06638,250,2367.736219
45.26998,250,2376.637415
322.28806,250,2377.979825
618.1828,250,2379.550624
665.67664,250,2379.912656
853.57184,250,2379.912656
544.5996,250,2395.236924
562.11456,250,2404.106205
552.3419,250,2405.400743
702.19714,250,2406.951596
477.06186,250,2407.299664
511.64883,250,2407.299664
635.4839,250,2422.572345
785.05664,250,2431.304628
659.4949,250,2432.633075
715.2174,250,2434.136055
259.43158,250,2434.522022
680.39197,250,2434.522022
811.6596,250,2449.885027
611.0377,250,2458.870996
461.15118,250,2460.18947
541.1153,250,2461.764258
665.9574,250,2462.129283
666.5519,250,2462.13028
254.39664,250,2477.521147
699.9996,250,2486.459264
603.42163,250,2487.889441
269.08612,250,2490.569274
664.7057,250,2491.140746
645.2222,250,2491.140746
478.94852,250,2517.548392
724.7431,250,2534.026111
395.72702,250,2539.094558
695.1383,250,2540.838893
745.8493,250,2541.249793
185.21207,250,2541.249793
378.26196,250,2653.439091
690.69727,250,2662.288437
218.71402,250,2663.646689
573.9127,250,2665.168619
570.9677,250,2665.52367
695.0523,250,2665.52367
687.985,250,2680.406905
65.01621,250,2689.13656
630.1582,250,2690.490949
463.51834,250,2692.036815
572.13116,250,2692.374911
68.42098,250,2692.374911
670.8334,250,2707.720411
505.17764,250,2716.669478
716.94855,250,2717.99294
624.26465,250,2719.516863
467.4749,250,2719.886874
792.7193,250,2719.886874
671.5225,250,2734.735638
650.0003,250,2743.736568
64.178955,250,2745.02911
647.3303,250,2746.597914
688.5297,250,2746.966929
670.5481,250,2746.966929
630.8968,250,2762.472467
611.86475,250,2771.446471
707.5482,250,2772.746993
579.8679,250,2774.295851
458.39438,250,2774.667856
273.37723,250,2774.667856
536.6785,250,2789.87419
400.00107,250,2798.701605
692.1138,250,2800.040026
604.69836,250,2801.60185
603.9469,250,2801.967871
639.9259,250,2801.967871
334.2639,250,2816.727411
660.1369,250,2825.395249
625.5641,250,2826.658874
83.33365,250,2828.12595
211.82904,250,2828.492972
83.05099,250,2828.492972
532.83636,250,2845.120505
407.04245,250,2854.780787
829.3668,250,2856.245868
759.7789,250,2857.934354
530.91534,250,2858.335282
687.4577,250,2858.335282
634.6274,250,2875.252126
156.75755,250,2979.881936
522.8077,250,2981.199413
649.9996,250,2982.719348
658.38965,250,2983.078388
626.35297,250,2983.078388
32.86685,250,2998.075332
712.49945,250,3007.190783
516.19714,250,3008.529204
553.72125,250,3010.048142
695.3019,250,3010.401198
552.4818,250,3010.401198
504.57614,250,3025.75015
715.0687,250,3034.757063
717.5182,250,3036.098487
755.01715,250,3037.669302
652.5785,250,3038.050282
578.44556,250,3038.050282
227.21812,250,3053.502964
770.00006,250,3062.74918
700.7386,250,3064.07264
692.7624,250,3065.58759
329.42935,250,3065.953612
333.7746,250,3065.953612
590.4765,250,3081.049492
701.3702,250,3089.977643
674.19305,250,3091.308058
810.9302,250,3092.852931
585.71375,250,3093.206984
841.63257,250,3093.206984
772.34094,250,3108.572549
776.8658,250,3117.577467
648.2765,250,3118.928853
557.98035,250,3120.529572
126.973404,250,3120.882628
704.9648,250,3120.882628
669.76,250,3136.097951
416.76068,250,3145.052005
656.9446,250,3146.486338
308.75967,250,3147.985328
708.4285,250,3148.346363
473.24786,250,3148.346363
632.63916,250,3164.722581
652.542,250,3174.350852
895.6715,250,3175.797982
451.84055,250,3177.55372
725.203,250,3178.016481
580.5561,250,3178.016481
538.8899,250,3194.625169
689.64355,250,3205.200986
670.90967,250,3302.042957
717.30634,250,3303.560898
713.3329,250,3303.902982
583.7354,250,3303.902982
692.7627,250,3318.686452
663.7535,250,3327.500879
891.90125,250,3328.780457
635.8489,250,3330.305385
874.17065,250,3330.660436
824.1861,250,3330.660436
791.6955,250,3345.925623
764.23785,250,3355.047572
760.21387,250,3356.408931
539.14465,250,3357.948813
737.74774,250,3358.316828
774.1251,250,3358.316828
681.4563,250,3373.747567
818.92053,250,3382.765456
793.9918,250,3384.097894
800.73584,250,3385.612843
312.58777,250,3385.984847
801.8196,250,3385.984847
791.3043,250,3401.134333
687.8784,250,3410.146232
728.1797,250,3411.462713
804.7614,250,3413.005586
787.3707,250,3413.383575
777.88806,250,3413.383575
838.8501,250,3428.678679
821.5006,250,3437.687586
780.54486,250,3439.016034
519.88293,250,3440.551926
855.55646,250,3440.920939
406.66666,250,3440.920939
813.5328,250,3456.253962
741.5842,250,3465.471314
722.46387,250,3466.831676
867.873,250,3468.415269
700.6344,250,3468.782288
794.1968,250,3468.782288
706.4516,250,3485.542986
690.8506,250,3495.245154
866.7905,250,3496.688294
749.1219,250,3498.361818
759.42334,250,3498.755771
711.7278,250,3498.755771
565.50586,250,3515.409314
774.12506,250,3525.927186
845.6528,250,3527.572802
564.2603,250,3529.278241
858.0169,250,3529.700113
688.7789,250,3529.700113
658.50305,250,3641.524179
780.0011,250,3650.360557
735.1245,250,3651.73189
686.4073,250,3653.270782
877.9418,250,3653.617855
727.7042,250,3653.617855
656.0987,250,3668.971514
659.8794,250,3678.023307
752.2345,250,3679.33879
564.68744,250,3680.949482
47.79843,250,3681.308522
687.7899,250,3681.308522
749.1218,250,3696.751224
661.90405,250,3705.860109
520.689,250,3707.167623
862.5475,250,3708.698529
700.6642,250,3709.061559
620.25574,250,3709.061559
737.93176,250,3724.251054
864.7907,250,3733.41754
846.04425,250,3734.780895
691.94653,250,3736.384605
842.858,250,3736.730693
863.1005,250,3736.730693
650.7327,250,3752.313032
801.7535,250,3761.471667
665.24414,250,3762.840008
596.2443,250,3764.372908
634.56775,250,3764.736936
576.47064,250,3764.736936
696.35345,250,3780.018074
892.1554,250,3789.940544
763.4791,250,3791.402633
900.39856,249,3792.928573
622.9284,250,3793.456167
788.89,250,3793.456167
851.3114,250,3811.707842
761.59033,250,3822.068383
763.9451,250,3823.556403
777.25507,250,3825.138174
405.26334,250,3825.664764
305.06396,250,3825.664764
713.05707,250,3842.577881
868.99133,250,3852.895309
865.9094,250,3854.369366
805.10956,250,3856.024941
729.11554,250,3856.591434
696.72046,250,3856.591434
763.19116,250,3970.128021
839.99976,250,3978.866606
731.2097,250,3980.172114
843.39685,250,3981.647169
505.73575,250,3982.124892
764.68665,250,3982.124892
903.5012,242,3996.336905
634.10406,250,4006.20751
779.99994,250,4007.578841
841.81976,250,4009.037939
873.07733,250,4009.510674
620.5869,250,4009.510674
770.8602,250,4023.824403
811.5639,250,4033.710093
761.48834,250,4035.05749
864.7907,250,4036.499633
862.32935,250,4036.964391
850.5708,250,4036.964391
885.76324,250,4051.215806
691.0453,250,4060.993762
841.38043,250,4062.360108
841.78156,250,4063.785297
580.29755,250,4064.252048
840.78906,250,4064.252048
861.8046,250,4078.657559
780.79425,250,4088.656866
875.00055,250,4089.998279
880.5426,250,4091.425462
777.41956,250,4091.910166
677.10956,250,4091.910166
721.21295,250,4106.359529
807.89435,250,4116.397477
884.616,250,4117.755852
833.10034,250,4119.172064
598.30554,250,4119.661755
871.52795,250,4119.661755
809.08984,250,4135.469949
547.65,250,4146.276319
631.95905,250,4147.756361
821.87366,250,4149.330153
761.8418,250,4149.836797
723.104,250,4149.836797
879.92065,250,4165.456915
752.6305,250,4176.906302
892.7777,250,4178.377372
876.18915,250,4179.910273
819.99994,250,4180.443849
800.3315,250,4180.443849
783.49475,250,4293.946367
905.60046,236,4303.356224
715.62445,250,4303.587605
882.20416,250,4306.313316
867.9694,250,4306.776078
716.0519,250,4306.776078
522.5888,250,4321.211485
728.9947,250,4330.889614
452.34766,250,4331.135956
849.09174,250,4333.882611
812.2795,250,4334.352354
871.0139,250,4334.353351
459.00742,250,4348.813694
556.8607,250,4358.327942
409.09164,250,4358.555334
839.1634,250,4361.267083
681.758,250,4361.724858
767.9232,250,4361.724858
626.38275,250,4376.258558
618.5164,250,4385.833961
751.1895,250,4386.095263
910.9986,223,4386.338611
883.8183,250,4388.894785
758.62146,250,4389.336604
831.6556,250,4403.718158
473.37894,250,4413.401244
890.3832,250,4413.636616
519.04767,250,4413.900909
401.59836,250,4416.495968
329.57812,250,4416.944769
699.9976,250,4431.621842
842.8571,250,4441.46925
859.5945,250,4441.711603
764.6859,250,4441.961932
203.75525,250,4444.562988
606.26874,250,4445.045698
805.2619,250,4459.396321
829.0329,250,4469.077448
280.47244,250,4469.321796
885.01874,250,4469.572129
849.4933,250,4472.088406
734.4593,250,4472.564132
874.1698,250,4486.936711
647.2509,250,4496.529072
775.45667,250,4496.788381
815.7882,250,4497.051674
858.01465,250,4499.651721
719.3971,250,4500.115482
749.8278,250,4514.532525
506.70557,250,4622.561173
393.4652,250,4622.808511
337.50082,250,4623.036901
334.3761,250,4625.40756
794.5455,250,4625.844392
403.2691,250,4640.249382
908.6985,229,4648.476407
301.21664,250,4650.411602
869.6959,250,4650.670914
417.7311,250,4653.595095
900.3007,250,4654.025944
35.92207,250,4669.065899
887.85297,250,4693.264536
873.4205,250,4695.993801
743.74915,250,4696.313618
869.0728,250,4699.856827
452.72794,250,4700.386412
797.00775,250,4729.939676
-35.582848,250,4738.732135
355.10922,250,4740.8046
440.62616,250,4741.114773
38.613556,250,4744.991402
855.1733,250,4745.69153
814.4965,250,4764.048584
466.66797,250,4772.281197
880.26263,250,4774.330717
581.38617,250,4774.659834
-32.69231,250,4777.707683
462.09262,250,4778.186404
264.2391,250,4792.97174
-29.530222,250,4801.326527
914.3996,214,4802.25704
235.46432,250,4803.347124
175.2817,250,4803.60244
811.34814,250,4807.122587
809.772,250,4822.339973
564.77344,250,4830.834871
-7.5343895,250,4832.001761
496.33002,250,4833.187578
854.3848,250,4833.442895
10.68681,250,4836.921593
-30.599379,250,4852.463269
912.7005,219,4856.856526
429.41275,250,4861.157036
840.5196,250,4862.182295
-27.007349,250,4862.417665
580.3788,250,4865.970165
35.999657,250,4881.012464
-40.063126,250,4885.483436
912.8999,218,4887.358423
-6.8101363,250,4889.970438
861.1284,250,5009.342874
31.67232,250,5012.59135
-30.93096,250,5027.673041
342.00742,250,5032.073952
914.19867,215,5032.523749
522.6382,250,5033.904058
354.5461,250,5037.685944
263.05798,250,5041.025016
786.52545,250,5056.335879
57.142475,250,5060.742095
291.44827,250,5061.223807
470.95724,250,5062.670945
329.04358,250,5069.308242
883.67316,250,5074.925469
873.8549,250,5099.502476
73.145004,250,5107.121598
717.035,250,5107.870586
391.3505,250,5112.349181
427.21167,250,5116.363377
849.6099,250,5119.746483
679.7183,250,5135.557656
893.12695,250,5140.346848
635.91406,250,5140.881418
532.29956,250,5142.313589
524.99713,250,5146.31389
403.1651,250,5149.802561
901.5972,246,5164.846339
888.8454,250,5170.224956
259.55133,250,5170.762522
821.7666,250,5172.345295
846.42816,250,5176.603249
594.5314,250,5180.15894
455.55615,250,5195.426038
883.1077,250,5200.281057
499.99875,250,5200.742821
587.0202,250,5202.051322
435.35477,250,5205.796306
882.81683,250,5208.933916
-26.910313,250,5222.739012
622.00543,250,5227.542168
857.92816,250,5227.99596
889.76,250,5229.339875
338.16376,250,5233.012056
873.9761,250,5236.21351
736.9558,250,5249.846058
365.70508,250,5254.537723
821.3472,250,5255.014448
270.8216,250,5256.349876
577.41736,250,5260.040012
564.44904,250,5263.152049
874.5467,250,5377.855546
911.39813,222,5379.998826
439.47443,250,5382.588909
439.68356,250,5384.388097
851.80707,250,5388.106169
723.72815,250,5391.350491
354.19952,250,5405.45379
687.23364,250,5407.589079
761.4877,250,5410.206081
890.161,250,5411.954418
845.4546,250,5415.568753
192.518,250,5418.704387
321.21317,250,5432.518195
889.6893,250,5434.709335
865.3836,250,5437.335313
914.30164,215,5438.986819
873.3336,250,5439.116472
723.5288,250,5445.920254
434.723,250,5459.953731
856.5212,250,5462.19374
520.251,250,5464.815728
338.87262,250,5466.500224
860.7149,250,5466.656805
699.9988,250,5473.474585
861.3888,250,5487.521037
428.6207,250,5489.733133
843.6639,250,5492.377061
867.1525,250,5494.023658
536.7015,250,5494.160295
892.98157,250,5501.046876
860.9111,250,5515.009063
846.1259,250,5517.248076
481.04102,250,5519.860597
522.37805,250,5521.529135
622.9276,250,5521.673748
862.06976,250,5528.527428
889.75995,250,5542.299648
503.91946,250,5544.488793
359.8075,250,5547.071885
884.7323,250,5548.770343
590.1817,250,5548.904984
658.9556,250,5555.683612
803.11127,250,5569.586468
239.04205,250,5571.765641
556.8616,250,5574.360701
442.7518,250,5575.979373
818.8195,250,5576.106034
445.7528,250,5582.951464
775.8169,250,5697.417049
524.5324,250,5699.581275
753.04376,250,5702.175346
793.6851,250,5703.798007
789.3,250,5703.924668
916.6002,209,5706.250448
564.40735,250,5724.513847
490.16373,250,5726.712966
541.1265,250,5729.302048
199.436,250,5730.986543
889.0502,250,5731.128164
837.0855,250,5733.530739
861.2681,250,5751.925038
896.5634,250,5754.145101
844.8528,250,5756.758113
835.8466,250,5758.434629
333.43738,250,5758.570267
836.841,250,5760.98481
583.2745,250,5779.471889
852.5666,250,5781.645597
450.00052,250,5784.308476
695.39014,250,5785.932135
784.6141,250,5786.064779
435.21173,250,5788.501772
919.5003,202,5801.680462
817.1776,250,5809.172427
848.9045,250,5811.810372
507.38074,250,5813.510824
841.78046,250,5813.645465
846.2337,250,5816.022109
868.30975,250,5829.295759
780.23865,250,5836.872496
750.84534,250,5839.485507
305.3264,250,5841.129112
881.68384,250,5841.257769
526.9576,250,5843.645384
913.1996,217,5853.302681
883.60376,250,5864.307252
878.72394,250,5866.94819
889.43774,250,5868.59729
888.4608,250,5868.735947
903.6006,241,5870.151134
902.7002,244,5879.925351
598.41266,250,5891.687479
884.905,250,5894.212725
724.9264,250,5895.849348
451.1823,250,5895.975013
850.1748,250,5897.380254
262.46033,250,5907.164093
398.3616,250,6019.857606
706.3491,250,6022.424746
790.0708,250,6024.024467
699.26843,250,6024.157113
882.81757,250,6025.545401
778.4195,250,6035.507912
587.9168,250,6047.030098
574.9997,250,6049.672039
810.3925,250,6051.340577
800.3527,250,6051.47023
761.11053,250,6052.880459
381.72842,250,6062.681264
566.66406,250,6073.964095
759.71295,250,6076.648916
822.806,250,6078.31845
434.42715,250,6078.451097
838.8484,250,6079.86731
732.2368,250,6089.62508
310.95975,250,6101.170207
774.1483,250,6103.736342
564.53406,250,6105.348032
800.63916,250,6105.468709
256.21024,250,6106.904869
254.83969,250,6116.573019
736.3625,250,6128.093646
835.3734,250,6130.76052
542.85657,250,6132.454988
786.8614,250,6132.585639
591.5229,250,6134.013819
511.93954,250,6143.878441
216.56909,250,6155.55311
682.46735,250,6158.185076
775.8384,250,6159.883544
805.59326,250,6160.021176
623.5471,250,6161.456338
811.1111,250,6171.152457
461.2255,250,6182.804308
859.04443,250,6185.506098
817.2427,250,6187.167654
828.8385,250,6187.301297
609.5563,250,6188.765382
270.71768,250,6198.634929
902.4998,244,6209.311389
390.00037,250,6212.465953
650.9852,250,6214.104571
374.51105,250,6214.230234
382.1435,250,6215.707285
540.8424,250,6225.327365
269.49265,250,6236.146047
877.27185,250,6339.851547
341.86127,250,6341.419363
566.6657,250,6341.554999
543.78876,250,6342.907384
305.40634,250,6352.659819
517.0197,250,6363.787585
789.6094,250,6367.047879
465.69406,250,6368.699462
510.06064,250,6368.832107
650.81714,250,6370.288213
542.1414,250,6380.020985
369.17883,250,6391.100677
559.8612,250,6394.304109
764.4048,250,6395.917795
712.9229,250,6396.053432
855.9301,250,6397.509544
300.62238,250,6407.288065
535.085,250,6418.332051
728.0701,250,6421.586348
372.0286,250,6423.261872
840.19775,250,6423.390528
803.7793,250,6424.774826
828.0293,250,6434.50981
623.24524,250,6445.247101
426.49042,250,6448.520347
775.0005,250,6450.186891
700.66174,250,6450.312554
822.8057,250,6451.815535
450.16208,250,6461.477406
786.84906,250,6472.420168
879.16455,250,6475.671435
504.97955,250,6477.3669
702.157,250,6477.511513
806.24866,250,6478.921746
465.08957,250,6488.743325
432.0514,250,6499.71999
864.66296,250,6503.057065
438.16885,250,6504.661774
722.2224,250,6504.793422
817.2189,250,6506.246536
784.1053,250,6516.032398
730.32227,250,6527.06988
802.51373,250,6530.439878
714.69495,250,6532.141328
852.5535,250,6532.26799
661.6101,250,6533.691184
819.0154,250,6543.61405
758.18146,250,6554.373304
789.2611,250,6557.636577
872.54767,250,6559.295141
722.78625,250,6559.429781
864.16766,250,6560.849983
846.1517,250,6671.357522
589.31793,250,6682.178325
563.9117,250,6685.360822
893.17303,250,6686.950571
857.1956,250,6687.073243
560.6046,250,6688.498431
808.74426,250,6698.05288
912.8987,218,6705.563803
872.9718,250,6712.079899
862.263,250,6713.679621
718.18005,250,6713.798303
853.4859,250,6715.247428
783.9589,250,6725.161919
331.885,250,6732.805477
489.22675,250,6739.752344
695.3798,250,6741.408914
354.86212,250,6741.551533
885.50574,250,6743.016614
552.31494,250,6752.891208
392.06442,250,6760.315355
405.12018,250,6767.126035
831.9704,250,6768.820513
817.76294,250,6768.953159
713.6083,250,6770.370368
927.4007,182,6772.715102
342.67563,250,6787.743428
922.8003,193,6791.404638
852.20483,250,6794.456476
854.0615,250,6796.10008
377.7456,250,6796.230731
882.0761,250,6800.055503
889.2446,250,6815.066869
835.4835,250,6818.765763
875.60864,250,6821.771724
583.54266,250,6823.400377
824.65686,250,6823.517066
457.0039,250,6827.360799
918.10077,205,6837.467769
872.5465,250,6846.157531
873.3836,250,6849.22034
642.13837,250,6850.92678
841.1762,250,6851.056434
841.5796,250,6854.944037
850.7042,250,6864.948082
845.8459,250,6873.494227
856.374,250,6876.483233
863.3324,250,6878.178699
885.34674,250,6878.302368
887.901,250,6882.124658
871.1162,250,6993.582276
457.19638,250,7002.310945
422.03503,250,7005.333861
837.49786,250,7006.973477
852.381,250,7007.106632
718.18,250,7010.866585
638.4596,250,7020.906735
413.2454,250,7029.460619
685.7134,250,7032.526421
885.9156,250,7034.145092
705.5529,250,7034.275757
865.3952,250,7037.991805
816.3633,250,7047.737753
476.47083,250,7056.319805
778.9694,225,7056.648923
875.9969,250,7060.930473
456.9235,250,7061.074089
702.11993,250,7064.887911
888.13983,250,7074.838302
398.37207,250,7083.222878
631.17993,250,7083.588899
867.96844,250,7087.972177
403.3793,250,7088.107816
860.2642,250,7091.845819
504.6486,250,7101.719822
588.8087,250,7110.303873
243.466,250,7110.67887
820.3822,250,7115.10603
871.6958,250,7115.240671
348.2769,250,7119.042526
573.0741,250,7129.033807
920.5982,199,7136.774114
510.52686,250,7137.537082
858.9542,250,7137.885151
850.2063,250,7142.235517
805.45465,250,7146.18296
918.59863,204,7151.09578
917.6006,206,7159.937469
759.1561,250,7164.017668
638.7102,250,7165.12954
870.9097,250,7169.574313
552.629,250,7173.594724
893.1507,250,7178.583893
839.9999,250,7187.424718
913.6979,216,7187.77578
564.5972,250,7192.512861
497.86273,250,7196.872203
866.9111,250,7200.954293
607.78973,250,7206.121475
854.83826,250,7316.153696
835.7129,250,7316.479824
816.6661,250,7321.220148
723.968,250,7325.503692
860.9103,250,7329.506987
739.16095,250,7334.461735
877.6111,250,7343.296122
869.48914,250,7343.653167
690.2079,250,7348.390498
854.12646,250,7352.739878
875.2623,250,7356.722234
446.39243,250,7361.735833
472.9536,250,7370.261064
654.49084,250,7370.60714
913.9982,215,7371.598487
809.43274,250,7379.775619
889.7942,250,7384.033234
812.75116,250,7389.891733
838.1833,250,7399.549322
598.35767,250,7399.935289
851.04846,250,7401.017395
247.00427,250,7409.735922
854.98334,250,7414.050084
537.03467,250,7419.505262
916.7981,208,7423.880561
909.39777,227,7427.263519
853.7339,250,7428.790842
921.2999,197,7432.125938
918.90094,203,7436.738609
910.1997,225,7444.158764
923.10034,193,7449.827615
464.10278,250,7451.167037
434.9658,250,7454.581904
763.63635,250,7459.456868
406.45227,250,7464.143336
755.6682,250,7471.596405
546.4258,250,7477.260262
864.4009,250,7478.572751
922.10126,195,7480.894543
558.1461,250,7482.023524
533.9629,250,7491.647003
889.9643,250,7499.187293
480.75684,250,7504.973825
341.71832,250,7506.325212
889.4726,250,7508.639023
789.2507,250,7509.740078
823.58765,250,7519.338374
857.0954,250,7526.689427
866.16284,250,7532.309398
378.96487,250,7533.66577
537.0632,250,7535.964623
200.2764,250,7537.09859
504.39276,250,7648.235662
863.1007,250,7655.62889
854.70483,250,7661.271825
884.0614,250,7662.603264
635.8481,250,7664.91907
859.59436,250,7666.04506
869.92303,250,7675.524726
342.954,250,7682.996749
906.89905,233,7686.845462
727.0422,250,7690.013993
852.56744,250,7692.301984
889.8284,250,7693.396065
833.08466,250,7702.902652
911.6988,221,7707.215119
678.8444,250,7714.166998
856.1124,250,7717.355471
875.61127,250,7719.698205
581.5263,250,7720.801529
856.37524,250,7730.471185
885.18445,250,7734.803599
868.74805,250,7741.847761
886.01324,250,7745.052191
903.00006,243,7746.562931
837.31366,250,7748.52655
789.22034,250,7758.029143
911.9975,220,7759.03071
882.2035,250,7769.264699
813.35486,250,7772.502041
791.17755,250,7774.007015
864.5384,250,7775.882999
874.7268,250,7785.473869
394.9844,250,7786.476189
864.40063,250,7796.88237
861.935,250,7800.09478
831.37225,250,7801.670566
493.75043,250,7803.548545
674.7748,250,7813.048139
858.1897,250,7814.048464
892.728,250,7824.153448
876.28265,250,7827.322045
870.2119,250,7828.872891
858.7632,250,7830.768602
888.5931,250,7840.299124
871.5272,250,7841.291471
858.4905,250,7851.488236
864.539,250,7854.640777
854.06177,250,7856.186643
782.35345,250,7858.093559
843.5201,250,7969.907674
886.1565,250,7970.900021
781.5329,250,7981.16088
714.8126,250,7984.28353
855.0148,250,7985.810446
846.80804,250,7987.746278
832.3284,250,7997.365558
839.99976,250,7998.386827
369.13654,250,8008.602535
535.17633,250,8011.766587
768.2439,250,8013.34736
422.49234,250,8015.188436
915.2978,212,8020.512224
896.4791,250,8025.677416
870.3692,250,8035.979511
497.3585,250,8039.223853
909.4997,227,8040.08854
785.38806,250,8040.762737
882.6961,250,8047.936062
707.6905,250,8053.054379
583.0964,250,8063.624112
377.50967,250,8067.025017
862.06946,250,8068.008388
531.5762,250,8068.699539
859.2577,250,8076.403935
912.9995,218,8078.194149
889.0912,250,8093.160137
506.8951,250,8096.665762
886.10876,250,8097.647137
886.61975,250,8098.40511
665.1011,250,8106.466512
490.4757,250,8108.395354
837.95514,250,8123.726862
839.39197,250,8127.219523
863.3334,250,8128.173978
796.55194,250,8128.868122
925.1987,187,8129.212202
674.6464,250,8137.709493
924.7988,188,8149.580257
867.9472,250,8151.6996
890.031,250,8154.968864
876.6666,250,8155.878431
371.38147,250,8156.896711
769.9694,250,8165.378041
869.99915,250,8177.353325
420.1249,250,8179.494609
916.0981,210,8180.175788
862.961,250,8182.731952
869.59564,250,8183.62257
454.86008,250,8193.19399
872.60284,250,8307.222176
492.02386,250,8309.365443
769.5641,250,8310.067566
841.63135,250,8312.51902
884.2263,250,8313.437565
602.96814,250,8322.656968
881.1297,250,8334.273917
551.24255,250,8336.362337
678.59625,250,8337.035537
336.48288,250,8339.618634
830.14764,250,8340.492296
870.80225,250,8350.007865
885.71466,250,8361.613827
373.8573,250,8363.769069
367.12906,250,8364.440274
861.8037,250,8366.952556
841.17676,250,8367.852149
870.258,250,8377.189179
908.89825,228,8386.443443
896.31006,250,8391.28225
854.35425,250,8392.022269
873.855,250,8394.765932
368.8534,250,8395.763265
312.54193,250,8406.143663
833.5653,250,8416.579793
903.6999,241,8420.683818
798.30273,250,8422.587726
883.7648,250,8425.505949
867.6254,250,8426.491314
820.5748,250,8437.09213
448.17334,250,8448.251071
849.1503,250,8452.43189
865.0339,250,8454.279948
877.9171,250,8457.163238
559.5721,250,8458.252326
887.7529,250,8468.385943
866.52563,250,8477.884541
873.60516,250,8481.513835
869.59436,250,8483.258171
835.9402,250,8485.814336
854.39545,250,8486.760804
603.4469,250,8497.012393
874.6361,250,8506.712452
833.823,250,8510.457439
871.0139,250,8512.185816
883.81854,250,8514.771899
873.76807,250,8515.741307
209.02878,250,8525.644837
885.01776,250,8534.933996
530.6597,250,8639.265347
847.91455,250,8640.86507
866.44226,250,8643.308054
845.6844,250,8644.184709
893.3087,250,8653.680412
145.56317,250,8662.884808
430.36554,250,8666.35054
888.09283,250,8667.971205
767.7412,250,8670.485481
716.768,250,8671.390062
870.9103,250,8680.869956
264.82178,250,8690.312713
822.8293,250,8693.860254
911.6999,221,8695.406093
882.20374,250,8696.421378
872.879,250,8701.777061
801.0239,250,8717.448677
917.5017,207,8732.744775
453.19217,250,8733.107803
877.1858,250,8742.874809
800.34393,250,8744.573248
872.30786,250,8748.352143
554.5435,250,8758.654578
920.5003,199,8762.433824
709.5222,250,8768.652195
250.99423,250,8772.425955
835.9765,250,8774.228149
743.97003,250,8777.887366
859.1178,250,8788.466078
381.84875,250,8792.353684
621.893,250,8799.065755
808.3636,250,8803.144845
459.4857,250,8805.050646
726.666,250,8808.94523
639.2966,250,8819.169814
844.95245,250,8822.741263
920.0987,200,8826.581991
846.0429,250,8828.553719
922.10065,195,8831.079962
322.71396,250,8833.759797
332.99045,250,8846.729128
896.57574,250,8850.244725
806.8072,250,8854.079979
885.01886,250,8856.103566
848.97845,250,8858.583933
875.7756,250,8861.272743
688.9253,250,8874.476761
827.67126,250,8878.061176
881.06,250,8881.893926
356.37683,250,8883.912528
275.81802,250,8886.416834
692.87854,250,8889.09867
828.57117,250,9002.472793
331.65567,250,9005.800405
608.0268,250,9009.700973
834.30566,250,9011.681677
676.9239,250,9014.141099
863.5759,250,9016.764088
729.26904,250,9029.696508
883.27527,250,9033.217093
59.169464,250,9036.993992
893.21826,250,9038.924829
864.6294,250,9041.453331
844.4439,250,9044.02246
852.20605,250,9057.007251
793.2034,250,9060.434098
916.80023,208,9061.655845
865.24976,250,9064.281822
859.86475,250,9068.946349
893.86487,250,9071.644134
914.3012,215,9080.785687
364.28632,250,9088.067215
734.2387,250,9089.295927
917.1001,208,9091.752519
887.80646,250,9091.886174
896.1064,250,9098.912096
922.5006,194,9101.843258
893.5486,250,9115.263386
55.405212,250,9116.504074
826.8279,250,9119.033309
586.4672,250,9119.160969
890.0318,250,9126.313204
859.9992,250,9129.307196
914.7979,213,9142.4239
830.7231,250,9142.70814
840.2969,250,9143.892972
889.6558,250,9146.429189
881.27325,250,9153.688775
798.95557,250,9156.627915
863.4534,250,9169.625679
301.38516,250,9169.877007
415.68002,250,9171.110708
886.25275,250,9173.605037
475.7585,250,9180.902521
603.8309,250,9184.083513
921.79895,196,9195.395285
857.1424,250,9197.380974
889.3612,250,9197.626318
874.26385,250,9198.842066
840.97076,250,9208.664798
815.5834,250,9211.709655
907.9976,230,9324.123778
847.1844,250,9324.359149
887.1375,250,9326.55727
386.20786,250,9327.777014
52.904984,250,9337.56431
877.3463,250,9340.54235
878.49225,250,9351.573985
253.12616,250,9351.823319
857.6534,250,9353.995508
633.11707,250,9355.224223
925.19904,187,9358.04468
886.6664,250,9367.841492
581.3156,250,9378.897942
427.58713,250,9379.146277
890.5087,250,9381.377312
852.85944,250,9382.589076
892.7525,250,9385.395577
421.88663,250,9395.188754
770.2532,250,9406.228622
880.4664,250,9406.470972
177.60367,250,9408.661115
824.092,250,9409.872875
850.9429,250,9412.730246
885.964,250,9422.564467
912.29974,220,9430.581242
739.7227,250,9433.810121
436.33316,250,9436.253586
292.28363,250,9437.454376
864.51624,250,9440.273836
893.1506,250,9450.080615
851.13837,250,9458.003427
915.39795,212,9460.516711
816.0827,250,9461.12809
896.60767,250,9463.61843
821.87335,250,9467.686563
569.9003,250,9477.489347
913.2979,217,9481.886587
841.6049,250,9487.975306
662.0556,250,9488.554755
836.2395,250,9491.042103
813.6204,250,9495.071895
880.1565,250,9504.99947
750.0003,250,9509.324903
909.7978,226,9512.856457
851.49176,250,9516.054905
718.8167,250,9518.512332
536.3614,250,9522.589429
842.8558,250,9532.50183
849.2168,250,9536.848205
904.19806,240,9539.201913
616.61066,250,9645.392968
877.77655,250,9647.665889
279.92944,250,9651.574437
821.5682,250,9661.521174
881.5496,250,9665.918414
883.81836,250,9668.345923
258.30713,250,9672.584587
887.2174,250,9674.99115
889.6162,250,9679.073238
893.88184,250,9688.873048
849.84314,250,9693.245356
545.3877,250,9695.628982
869.3855,250,9699.880611
871.3379,250,9702.33006
664.7037,250,9706.363275
923.9996,190,9714.078647
842.1746,250,9716.326636
851.2971,250,9723.02971
874.0727,250,9727.429885
670.1486,250,9729.918106
890.3226,250,9734.06303
507.59265,250,9741.680673
703.8567,250,9743.922682
700.6128,250,9750.77735
667.8555,250,9755.13769
647.6634,250,9757.529294
307.5351,250,9761.576486
912.4984,219,9765.82416
873.8795,250,9771.422188
882.9915,250,9778.238964
901.3004,247,9782.150503
909.8983,226,9782.252231
928.89966,178,9785.31903
839.4997,250,9788.928378
769.15894,250,9798.973513
620.27747,250,9805.788289
574.1191,250,9809.659935
865.51465,250,9809.785599
545.9114,250,9812.788574
829.01074,250,9816.400914
615.5962,250,9826.283542
548.4385,250,9833.00756
502.8347,250,9836.830189
290.7292,250,9836.971809
465.83673,250,9839.993728
492.98285,250,9843.563191
859.853,250,9853.426815
922.5998,194,9858.151185
856.67633,250,9860.280492
487.11996,250,9864.212975
882.99146,250,9867.366541
889.0913,250,9972.771968
870.7777,250,9982.493987
866.5527,250,9987.225336
886.75415,250,9989.302779
913.00073,218,9989.73263
915.10077,213,9992.277823
803.7801,250,9999.819663
927.49976,182,10006.715222
885.9158,250,10009.422981
924.8992,188,10009.848844
867.625,250,10016.142018
834.4235,250,10019.250704
836.75665,250,10026.740676
760.8998,250,10033.892548
846.4857,250,10036.649176
838.4604,250,10037.079027
873.1774,250,10043.379777
881.4808,250,10046.447573
864.1553,250,10054.226775
851.12494,250,10061.295885
889.89667,250,10064.01962
795.62054,250,10064.510308
883.1081,250,10070.721718
849.3234,250,10073.756602
733.33386,250,10081.429095
883.9356,250,10088.439348
777.4918,250,10091.292717
889.1667,250,10091.760471
850.528,250,10098.265092
889.5096,250,10101.402701
891.2003,250,10109.117075
761.4464,250,10116.229062
557.14404,250,10118.938815
822.8171,250,10119.409556
912.6008,219,10125.430349
871.9288,250,10125.814322
620.5856,250,10136.561582
654.264,250,10143.768351
695.84735,250,10147.045176
888.0222,250,10147.569773
631.1798,250,10154.085104
331.8189,250,10154.50598
728.4655,250,10166.150836
884.06116,250,10173.590919
889.6904,250,10176.523077
845.45496,250,10176.997808
882.9338,250,10183.269041
444.58612,250,10183.622097
883.333,250,10194.428848
913.7005,216,10305.640787
877.0461,250,10306.611192
850.7045,250,10309.71191
504.81168,250,10315.734696
889.12946,250,10316.077778
362.64468,250,10326.87289
869.11084,250,10332.909256
858.1989,250,10333.930529
922.8015,193,10336.946463
530.2789,250,10337.187818
612.0752,250,10343.613633
317.19806,250,10354.7319
287.82132,250,10361.157225
876.42865,250,10362.291194
721.65515,250,10365.554477
292.21652,250,10365.832733
700.65424,250,10372.758212
497.17242,250,10384.579599
661.75507,250,10391.506585
797.1054,250,10392.61462
829.7103,250,10395.888869
531.3963,250,10396.151171
748.2131,250,10403.16753
813.6203,250,10415.810702
480.85846,250,10422.658902
854.81885,250,10423.745995
363.25974,250,10427.100116
861.5368,250,10427.364411
839.3926,250,10433.79123
707.5702,250,10444.598338
484.90485,250,10450.70908
865.86975,250,10451.723369
860.7142,250,10454.692428
792.15625,250,10454.937772
796.66644,250,10461.460332
873.1783,250,10472.171702
874.9078,250,10478.332232
857.0954,250,10479.315602
896.1973,250,10482.185849
873.5971,250,10482.422217
922.60016,194,10482.658584
629.5373,250,10499.866925
914.80084,213,10503.023483
839.2855,250,10506.222927
872.8788,250,10510.234201
809.721,250,10510.509464
464.8154,250,10510.771762
726.2402,250,10527.923914
910.5021,224,10528.173248
920.8,198,10528.436543
474.4686,250,10637.730504
729.03107,250,10637.973853
514.90466,250,10638.211219
836.1708,250,10655.02365
885.9638,250,10655.257026
869.282,250,10655.503367
925.60016,186,10658.076486
903.29944,242,10664.540107
871.1523,250,10665.62321
916.49774,209,10681.120783
814.95416,250,10682.567913
830.7933,250,10682.80428
840.2978,250,10683.040648
850.5275,250,10692.216111
794.19556,250,10693.400943
877.12366,250,10709.071037
812.4564,250,10710.586982
658.50385,250,10710.821356
832.1437,250,10711.047749
462.06985,250,10719.957924
859.5939,250,10721.070948
813.04083,250,10736.494197
861.83,250,10737.99219
886.3922,250,10738.247507
845.9474,250,10738.482878
845.25507,250,10747.488794
517.3198,250,10748.605807
862.3287,250,10763.948775
842.85706,250,10765.422832
880.19806,250,10765.685889
886.9275,250,10765.928242
871.5444,250,10774.961596
879.9992,250,10776.038716
924.40027,189,10786.773059
917.4001,207,10788.568277
849.81824,250,10791.684952
853.0182,250,10793.130094
678.76184,250,10802.548416
669.47125,250,10803.741225
630.8941,250,10814.621769
865.07916,250,10816.504733
886.4867,250,10819.616413
868.50134,250,10821.09148
877.6936,250,10830.514287
851.22015,250,10831.617337
896.45416,250,10842.275835
862.19904,250,10844.094968
795.9092,250,10847.228588
857.5949,250,10848.679708
811.6717,250,10858.322919
839.68195,250,10859.48182
911.10004,223,10968.87067
860.65283,250,10973.544087
844.9523,250,10976.615887
578.4538,250,10978.084972
851.7244,250,10988.545853
861.53644,250,10989.838396
697.9438,250,10998.227495
743.1372,250,11003.429582
732.2354,250,11006.775635
290.88034,250,11008.372364
719.52594,250,11019.256786
841.57886,250,11020.403718
616.1693,250,11028.454189
690.3785,250,11033.584469
243.28452,250,11036.879707
293.44363,250,11038.394656
713.1459,250,11048.71862
854.54315,250,11049.87353
761.5386,250,11058.418679
923.3,192,11060.072713
776.1067,250,11064.017178
834.8635,250,11068.981426
598.24316,250,11079.561643
849.2747,250,11080.847203
850.16516,250,11088.629401
657.2793,250,11090.119417
812.408,250,11093.486413
413.35382,250,11098.064189
864.74194,250,11107.545834
685.4871,250,11108.727672
665.5362,250,11116.519834
788.8864,250,11117.961977
805.723,250,11121.304039
915.99896,210,11121.441671
638.41064,250,11135.394869
575.75586,250,11136.501908
558.22784,250,11144.054714
827.3333,250,11145.533774
255.26413,250,11148.751178
598.9941,250,11148.911747
458.59497,250,11162.969164
798.49347,250,11164.046664
557.8045,250,11171.90764
791.2266,250,11173.392668
826.31506,250,11176.762664
659.64294,250,11176.909272
869.92224,250,11190.65501
772.8526,250,11191.774016
827.8664,250,11299.676488
859.10675,250,11301.037847
519.86035,250,11304.178447
566.66394,250,11304.319073
916.30194,210,11313.519484
867.1046,250,11318.950991
880.2343,250,11326.535719
879.93085,250,11327.973872
823.87256,250,11331.215528
888.1398,250,11331.342189
690.83154,250,11340.84303
842.56775,250,11346.376747
888.8461,250,11353.99139
822.5569,250,11355.463454
869.38574,250,11358.755649
848.3871,250,11358.918215
425.77405,250,11368.390888
893.2637,250,11373.869245
818.748,250,11381.48326
844.02844,250,11382.917424
817.1972,250,11386.202639
868.35657,250,11386.334287
852.3789,250,11395.64543
784.4992,250,11401.25045
852.7031,250,11409.021668
896.76337,250,11410.451843
839.2941,250,11413.821832
819.9999,250,11413.956471
765.38324,250,11423.246627
874.3581,250,11428.754544
888.4162,250,11436.429026
761.8187,250,11437.869174
825.14844,250,11441.157843
817.2418,250,11441.299466
871.42786,250,11450.609472
870.9096,250,11456.115747
865.6485,250,11463.754332
875.8628,250,11465.233376
911.79846,221,11465.469193
816.386,250,11468.56398
893.30884,250,11478.091502
855.38837,250,11483.559877
913.30096,217,11489.126989
777.02167,250,11491.36999
856.22656,250,11493.037712
479.9996,250,11496.136364
869.072,250,11505.737493
882.45526,250,11511.295629
623.464,250,11516.696187
500.0005,250,11518.885332
687.00055,250,11520.578803
826.73883,250,11523.824692
862.82416,250,11641.897152
642.8557,250,11647.360541
844.23627,250,11652.808981
369.8803,250,11655.009097
429.80164,250,11656.682631
860.6533,250,11659.782342
751.1449,250,11669.365722
856.11194,250,11674.919876
825.3721,250,11680.351351
847.0398,250,11682.600338
442.7639,250,11684.213024
367.06644,250,11687.290794
792.30634,250,11696.825296
878.49274,250,11702.284695
613.3531,250,11707.606475
860.5707,250,11709.821552
648.3421,250,11711.507044
708.98706,250,11714.666594
772.34076,250,11724.490323
876.0271,250,11730.011557
465.98312,250,11735.592632
829.25964,250,11737.803731
788.88965,250,11739.440356
772.6599,250,11742.513178
886.92676,250,11752.086576
863.896,250,11757.492125
892.56433,250,11762.980726
910.89935,223,11763.877328
863.5027,250,11765.25664
828.0817,250,11769.954078
709.23047,250,11779.421773
563.11804,250,11785.084321
637.7048,250,11790.632818
515.7,250,11791.548375
456.25116,250,11792.902754
815.3605,250,11797.530377
877.00934,250,11806.893346
193.29715,250,11812.352746
730.5079,250,11817.732369
876.3504,250,11818.685819
646.09076,250,11820.008282
906.7988,233,11822.824751
658.61945,250,11834.018607
851.55414,250,11839.532897
614.82654,250,11844.920969
823.33203,250,11845.802582
830.0384,250,11847.104101
511.53928,250,11849.916579
775.8859,250,11963.749883
876.9224,250,11969.105568
902.09875,245,11974.047352
881.88416,250,11975.462567
874.8211,250,11976.810961
616.463,250,11979.675302
809.3948,250,11991.166511
735.6628,250,11996.644866
882.0765,250,12001.537781
809.38477,250,12002.979347
746.7144,250,12004.355667
907.1008,233,12005.292162
775.0007,250,12018.311344
849.0922,250,12023.727859
859.5596,250,12028.553953
631.77765,250,12029.964181
884.67236,250,12031.282655
646.8364,250,12032.279997
837.7407,250,12045.398924
903.49756,242,12049.922826
906.39795,234,12055.382226
780.1372,250,12055.74326
706.5473,250,12058.44703
667.3611,250,12059.41544
883.10925,250,12072.597189
867.96893,250,12077.186919
851.72473,250,12082.72693
824.4611,250,12083.082976
730.50604,250,12085.768807
787.37,250,12086.763148
807.216,250,12099.777738
828.05853,250,12104.356493
832.3814,250,12109.862767
847.5514,250,12110.216821
837.4985,250,12112.970467
835.4818,250,12113.999716
863.5032,250,12127.275723
835.5916,250,12131.985127
819.57935,250,12137.496268
821.05225,250,12137.851319
851.8903,250,12140.604954
793.10394,250,12141.614255
788.1112,250,12155.152052
730.8166,250,12159.896369
818.3656,250,12165.476455
726.2203,250,12165.849458
770.6625,250,12168.628036
650.7597,250,12169.650302
778.1344,250,12183.108679
790.90967,250,12292.45242
568.98895,250,12297.878909
595.1213,250,12298.217003
474.25778,250,12300.947701
593.60114,250,12301.973957
169.84148,250,12314.909873
423.97327,250,12319.316099
220.28581,250,12324.668789
310.4486,250,12325.024836
314.1422,250,12327.679736
133.97498,250,12328.667095
295.83353,250,12341.757089
258.6966,250,12346.443066
282.83905,250,12351.806722
329.10516,250,12352.166759
181.96797,250,12354.91142
334.78375,250,12355.928699
348.76447,250,12368.959851
129.0334,250,12373.453348
278.88324,250,12378.839951
459.4853,250,12379.221929
539.2157,250,12381.95163
101.86406,250,12382.941982
416.60574,250,12396.133703
250.51552,250,12400.626688
214.88004,250,12405.948455
452.23898,250,12406.293533
133.01074,250,12408.987337
197.87294,250,12409.986657
179.87509,250,12423.03367
225.17532,250,12427.501722
247.9739,250,12432.840445
267.92514,250,12433.181532
126.30079,250,12435.932177
187.92598,250,12436.949463
341.37973,250,12449.996336
324.24356,250,12454.576092
134.5288,250,12460.026517
405.22705,250,12460.379573
332.62506,250,12463.068383
320.66516,250,12464.069704
194.1188,250,12476.957239
137.80585,250,12481.624757
412.19568,250,12486.944535
209.80505,250,12487.302577
123.88122,250,12490.010337
407.75272,250,12491.032602
165.30717,250,12504.125588
272.09302,250,12508.789118
177.2286,250,12619.642033
306.89758,250,12619.977136
384.25296,250,12622.867408
405.61804,250,12623.877707
346.36765,250,12637.100345
265.69635,250,12641.700044
176.36452,250,12647.132521
590.3914,250,12647.479594
314.9666,250,12650.191342
344.81683,250,12651.215604
155.8934,250,12664.491558
235.69028,250,12669.073476
190.9099,250,12674.561799
243.75046,250,12674.928818
336.48288,250,12677.63159
328.0945,250,12678.640892
451.85315,250,12691.808686
151.7253,250,12696.442362
348.5056,250,12701.968424
274.07532,250,12702.325469
218.43582,250,12705.095063
381.4825,250,12706.118326
141.15852,250,12719.362907
176.22458,250,12723.947645
219.14978,250,12729.449947
470.47125,250,12729.792033
202.58348,250,12732.52273
225.92715,250,12733.5061
188.46254,250,12746.678108
502.11276,250,12751.328671
195.6819,250,12756.79506
454.74493,250,12757.149113
451.60233,250,12759.895769
552.83136,250,12760.903074
203.22647,250,12774.260784
323.91348,250,12778.836548
114.7245,250,12784.583194
435.94888,250,12784.979133
281.68057,250,12787.77366
137.08212,250,12788.788946
130.50946,250,12802.402104
510.48648,250,12807.001804
170.6277,250,12812.545978
530.87396,250,12812.910004
468.34537,250,12815.685581
121.26505,250,12816.690893
360.20865,250,12829.969601
276.17664,250,12834.697956
293.5491,250,12840.282022
459.14084,250,12840.639068
226.53104,250,12950.648481
112.218475,250,12951.612901
745.0192,250,12964.873724
311.76462,250,12969.43853
713.55853,250,12974.891947
811.0298,250,12975.258965
791.3719,250,12978.020589
711.1108,250,12979.017924
828.02997,250,12991.971636
165.95863,250,12996.561361
489.59564,250,13002.169369
645.58325,250,13002.50946
636.84015,250,13005.310969
738.2349,250,13006.296332
476.54785,250,13019.478103
298.62625,250,13024.058853
620.36523,250,13029.584077
828.57227,250,13029.931157
870.8027,250,13032.72369
524.559,250,13033.737977
719.9351,250,13047.021453
838.566,250,13051.625142
781.2489,250,13057.108487
657.5745,250,13057.463538
605.50073,250,13060.23613
627.868,250,13061.245431
849.21625,250,13074.473121
867.153,250,13079.073835
862.80865,250,13084.531253
760.6285,250,13084.896278
608.9045,250,13087.600051
567.7222,250,13088.598382
799.6395,250,13101.950102
588.88763,250,13106.668995
656.3644,250,13112.213169
651.67645,250,13112.596146
645.76294,250,13115.42254
755.2621,250,13116.451788
781.35455,250,13129.618576
832.3826,250,13134.263155
822.177,250,13139.797355
448.1937,250,13140.176341
872.1094,250,13142.927494
757.6046,250,13143.924841
524.0008,250,13157.283117
671.81036,250,13161.884812
354.213,250,13167.371139
715.7889,250,13167.721203
677.38324,250,13170.46686
767.74164,250,13171.476161
472.49152,250,13290.505161
849.456,250,13295.083942
611.4729,250,13300.534563
679.935,250,13300.911554
729.58026,250,13303.682145
712.2723,250,13304.672497
749.82874,250,13317.984905
795.4717,250,13322.639457
817.4597,250,13328.137754
562.3793,250,13328.48682
831.0345,250,13331.277358
750.1755,250,13332.288653
769.1269,250,13345.694878
711.94073,250,13350.314529
809.72003,250,13355.714089
398.2942,250,13356.062158
780.0002,250,13358.836739
689.64233,250,13359.829085
836.56604,250,13373.119549
813.0433,250,13377.676363
712.4997,250,13383.270778
762.6182,250,13383.644778
823.0756,250,13386.389445
553.57153,250,13387.406724
832.658,250,13400.8777
799.9998,250,13405.572144
496.8756,250,13411.057477
758.6558,250,13411.41452
719.3555,250,13414.164793
449.54965,250,13415.188068
770.1742,250,13428.554332
836.84216,250,13433.122118
782.35266,250,13438.634375
814.17834,250,13438.98045
706.64703,250,13441.737078
774.52405,250,13442.758347
797.0586,250,13456.244281
750.6935,250,13460.858941
621.3092,250,13466.316351
705.2805,250,13466.679381
398.42365,250,13469.484193
285.351,250,13470.465568
799.9989,250,13483.526644
733.93463,250,13488.05754
885.964,250,13493.565809
758.10944,250,13493.935819
627.89,250,13496.729349
713.95325,250,13497.747625
835.7148,250,13617.808274
866.41736,250,13622.385539
644.26056,250,13627.724262
830.69275,250,13628.097265
812.2135,250,13630.779093
633.5769,250,13631.77842
603.4196,250,13644.951192
763.9255,250,13649.519975
612.2084,250,13654.962419
748.59296,250,13655.322457
850.705,250,13658.030216
805.92334,250,13659.011591
812.34766,250,13672.152449
624.4565,250,13676.737188
607.792,250,13682.053969
802.59625,250,13682.416999
785.05536,250,13685.139717
221.42957,250,13686.123092
787.595,250,13699.17416
635.09766,250,13703.856637
746.93805,250,13709.393339
830.40155,250,13709.759362
735.8778,250,13712.456149
841.1761,250,13713.457472
267.97836,250,13726.66015
767.54895,250,13731.243891
685.2552,250,13736.6255
777.6345,250,13736.955617
780.00055,250,13739.766101
744.06616,250,13740.745481
686.7627,250,13754.017668
442.5536,250,13761.534565
691.14056,250,13770.743947
790.41144,250,13771.300458
792.5927,250,13775.722653
813.0425,250,13777.385206
779.56116,250,13803.433362
845.4542,250,13808.465138
812.72736,250,13814.459616
793.5482,250,13814.822646
830.6561,250,13817.820629
878.7962,250,13818.88977
500.59097,250,13833.337729
847.95416,250,13838.28749
760.62823,250,13844.136612
291.75336,250,13844.509614
810.34485,250,13847.439779
805.7228,250,13848.527869
779.24414,250,13971.051468
822.11804,250,13975.630223
809.7453,250,13981.088799
839.7968,250,13981.447841
743.5373,250,13984.183033
579.8681,250,13985.178372
743.4487,250,13998.381069
765.8988,250,14003.010687
656.0231,250,14008.54786
797.8878,250,14008.9069
744.5945,250,14011.6775
825.6749,250,14012.714726
771.1653,250,14026.250084
829.48553,250,14030.792946
792.6159,250,14036.256335
782.94165,250,14036.609391
646.31323,250,14039.292216
862.58325,250,14040.290547
829.3669,250,14053.595976
772.9631,250,14058.19368
799.639,250,14063.748318
795.89764,250,14064.12232
765.7708,250,14066.887922
758.1083,250,14067.91318
555.735,250,14081.04806
799.022,250,14085.640779
837.49927,250,14091.176987
671.127,250,14091.568938
794.0389,250,14094.32058
726.2418,250,14095.293977
681.3487,250,14108.745005
829.99927,250,14113.549291
769.5635,250,14119.081497
852.21735,250,14119.456494
522.89667,250,14122.25501
713.72595,250,14123.243379
796.6663,250,14136.769881
756.65356,250,14141.474306
840.76764,250,14147.042946
574.9987,250,14147.393011
798.988,250,14150.149638
687.6112,250,14151.17689
768.4204,250,14164.484313
864.7035,250,14169.192725
567.7827,250,14174.730089
673.0252,250,14175.114063
792.50714,250,14177.877671
721.6769,250,14178.903931
846.2344,250,14192.440494
768.1661,250,14197.246672
761.38654,250,14310.507414
664.3297,250,14310.835538
482.80167,250,14313.512379
638.7387,250,14314.50672
814.5878,250,14327.563841
833.57965,250,14332.134621
804.9421,250,14337.7516
783.95703,250,14338.105653
699.3294,250,14340.908159
793.99133,250,14341.955358
890.7972,250,14355.220891
812.77264,250,14359.824591
859.7057,250,14365.306557
846.4862,250,14365.668589
765.97864,250,14368.434193
772.2631,250,14369.454463
771.97,250,14382.540476
796.9075,250,14387.109289
828.5708,250,14392.477002
794.30756,250,14392.815097
812.16235,250,14395.516886
817.3553,250,14396.488288
546.83716,250,14409.56868
785.9931,250,14414.157407
820.0002,250,14419.594866
821.4281,250,14419.953906
809.4333,250,14422.681626
641.6108,250,14423.726837
810.15405,250,14437.20621
565.4387,250,14441.929579
785.52026,250,14447.428895
484.61548,250,14447.786937
617.0403,250,14450.574482
828.823,250,14451.566828
801.3148,250,14464.901185
636.11176,250,14469.671428
677.7777,250,14475.27944
763.191,250,14475.65643
827.0813,250,14478.427938
832.14233,250,14479.465164
712.4984,250,14492.88429
356.66687,250,14497.597684
781.75665,250,14503.13488
794.5463,250,14503.490929
807.534,250,14506.326346
834.78186,250,14507.314702
773.7187,250,14520.742534
878.1821,250,14525.378136
867.2729,250,14530.850502
835.25183,250,14531.221511
681.2489,250,14643.343857
539.7034,250,14644.347174
438.46188,250,14657.551873
516.4846,250,14662.215402
715.53265,250,14667.768551
763.63654,250,14668.136567
858.04114,250,14670.859285
827.39264,250,14671.887536
817.6019,250,14685.084604
587.9429,250,14689.597539
834.25366,250,14695.007071
541.8898,250,14695.361125
772.7273,250,14698.114761
839.5956,250,14699.104116
884.3724,250,14712.248968
824.4612,250,14716.806779
874.26355,250,14722.289119
804.29,250,14722.633197
782.73486,250,14725.427726
893.1251,250,14726.416081
789.271,250,14739.479167
787.41656,250,14744.043959
857.0282,250,14749.376698
886.57526,250,14749.715791
851.0187,250,14752.480909
547.05963,250,14753.533104
925.79895,186,14764.257415
846.61615,250,14766.764709
400.00128,250,14777.058674
689.8075,250,14777.419709
754.9372,250,14780.226203
851.04785,250,14781.250465
829.9989,250,14792.158307
859.99884,250,14794.601773
883.44324,250,14804.609207
835.48395,250,14804.964257
780.7009,250,14807.676005
827.0062,250,14808.698272
756.16376,250,14819.594077
799.6512,250,14822.015601
912.4982,219,14829.106637
521.053,250,14832.182412
776.3652,250,14835.282122
815.25165,250,14836.314363
807.5338,250,14847.256111
680.25476,250,14849.825259
772.4151,250,14856.661908
846.56366,250,14859.732695
783.1153,250,14862.882383
715.94995,250,14863.914623
786.7914,250,14982.943434
843.05774,250,14985.407845
857.37427,250,14992.489905
593.4499,250,14995.521796
684.37286,250,14998.567651
846.37036,250,14999.580951
829.5777,250,15010.344105
873.5969,250,15012.819485
850.18896,250,15019.742497
523.23865,250,15022.826258
844.82806,250,15025.908017
792.8575,250,15026.950229
597.6715,250,15037.698489
837.90735,250,15040.15093
786.4343,250,15047.201085
844.8519,250,15050.280229
812.7275,250,15053.309129
858.6439,250,15054.310451
790.90875,250,15065.064705
849.1503,250,15067.463291
832.3811,250,15074.486509
354.546,250,15077.527408
874.3577,250,15080.610164
889.1292,250,15081.597524
825.53174,250,15092.323843
852.0294,250,15094.773314
858.8007,250,15101.904244
858.0409,250,15105.007954
812.08655,250,15108.098689
808.42316,250,15109.116966
831.0344,250,15120.053437
787.45966,250,15122.464696
798.6006,250,15129.456774
846.23376,250,15132.561473
839.79706,250,15135.676142
684.50995,250,15136.7014
875.2635,250,15147.493548
871.8315,250,15149.986881
687.87915,250,15157.016082
820.9612,250,15160.115801
868.64105,250,15163.247635
797.105,250,15164.284862
843.66187,250,15175.103771
805.8427,250,15177.791583
699.25446,250,15185.295532
695.1366,250,15188.655454
821.4286,250,15191.984521
885.29315,250,15193.070616
434.79892,250,15315.214442
882.45514,250,15317.672868
596.862,250,15324.651434
535.838,250,15327.679844
775.47003,250,15330.842386
691.9445,250,15331.863656
657.4725,250,15342.441397
850.5276,250,15344.869185
781.75635,250,15351.828574
803.008,250,15354.848013
854.5445,250,15357.865941
776.97034,250,15358.878234
802.09686,250,15369.640467
795.9732,250,15372.05501
767.9863,250,15378.964044
469.5363,250,15381.96103
598.3024,250,15385.031473
759.10596,250,15386.001879
857.02856,250,15396.726669
874.7266,250,15399.164152
694.5193,250,15406.158461
861.3887,250,15409.162427
756.2282,250,15412.203296
824.3974,250,15413.221572
672.72687,250,15424.110469
831.9977,250,15426.567897
863.57526,250,15433.672896
848.48425,250,15436.783578
851.2971,250,15439.847384
814.285,250,15440.849703
760.06683,250,15451.632911
609.6778,250,15453.999548
583.4511,250,15460.99484
808.4508,250,15464.041693
725.27765,250,15467.15637
874.4516,250,15468.183623
809.0903,250,15479.052555
691.40936,250,15481.472088
777.07434,250,15488.501313
801.3586,250,15491.56113
849.9987,250,15494.715702
866.1626,250,15495.714032
825.00024,250,15506.636822
847.5785,250,15509.171045
844.8035,250,15516.308968
779.1935,250,15519.490469
749.4597,250,15522.54607
429.18393,250,15523.541406
694.28656,250,15534.671698
795.1039,250,15645.769674
794.409,250,15652.597416
879.3111,250,15655.584427
487.87833,250,15658.615322
854.0614,250,15659.623625
873.68176,250,15670.27115
851.2972,250,15672.635827
864.5645,250,15679.482524
683.0498,250,15682.470534
863.896,250,15685.569247
867.42664,250,15686.588521
927.4998,182,15689.90166
931.1994,172,15698.051875
718.5047,250,15699.618687
925.9006,186,15702.650577
875.8622,250,15712.650843
595.6527,250,15713.673109
711.44525,250,15717.128868
871.1163,250,15725.431545
863.3687,250,15727.005335
627.553,250,15730.022266
870.394,250,15740.184291
799.69617,250,15741.219523
856.07996,250,15744.671293
785.1835,250,15752.995033
855.1729,250,15754.541914
882.6958,250,15757.615694
893.5265,250,15767.738622
827.8989,250,15768.740942
637.1992,250,15772.18873
388.167,250,15780.703781
648.3649,250,15782.337413
862.82404,250,15785.392752
601.9869,250,15795.404977
830.76807,250,15796.40231
870.9675,250,15799.831149
852.8596,250,15808.154893
703.8568,250,15809.727698
904.2999,240,15811.667519
701.4692,250,15823.053071
693.70447,250,15824.067358
707.40594,250,15827.480231
906.99963,233,15833.96489
812.49835,250,15837.56848
327.35123,250,15839.575983
831.5067,250,15850.723172
815.62305,250,15851.748431
721.30347,250,15855.15532
723.94476,250,15861.667908
851.61273,250,15865.052861
868.3095,250,15867.08742
921.8988,196,15982.057301
808.4238,250,15986.914819
855.1728,250,15991.248236
818.8295,250,15997.676047
728.82965,250,16001.090936
621.3606,250,16003.067653
657.9596,250,16009.129212
663.75183,250,16014.051062
896.0606,250,16018.351569
818.5652,250,16024.695609
873.42,250,16028.109479
687.5433,250,16030.065249
401.5302,250,16036.131027
522.07227,250,16040.911244
870.5873,250,16045.311478
485.28354,250,16051.672198
896.41296,250,16055.082355
867.03204,250,16057.100962
716.19794,250,16063.273456
676.39606,250,16068.207294
875.4376,250,16072.551682
622.9729,250,16079.108149
782.88416,250,16082.481128
928.6989,179,16082.904995
872.6951,250,16084.453866
706.69214,250,16095.665875
616.5963,250,16100.147617
707.6923,250,16106.700603
871.9287,250,16110.213209
784.9812,250,16110.692926
441.9169,250,16112.233805
858.862,250,16123.4907
691.80676,250,16127.876971
840.5937,250,16134.280845
567.7397,250,16137.674768
474.39542,250,16138.148502
876.9217,250,16139.688384
904.49963,239,16149.481205
881.61615,250,16155.09918
917.9011,206,16160.442401
768.2158,250,16161.43375
773.4152,250,16164.866572
867.0316,250,16166.856265
857.236,250,16176.757028
865.38293,250,16182.318166
878.72266,250,16187.776568
858.6207,250,16188.801826
846.3576,250,16192.216695
552.7303,250,16194.149526
