#{"t_start": 1701106442.4911065, "env_id": "None"}
r,l,t
-78.647835,250,39.011441
-46.32775,250,39.012442
-37.06292,250,39.012442
-53.79543,250,39.012442
-62.8484,250,74.312642
-37.908493,250,74.312642
-22.297276,250,74.312642
-49.790833,250,74.312642
-36.66664,250,94.71146
-48.63017,250,94.71146
-13.669058,250,94.71146
-30.693024,250,94.71146
-54.39744,250,115.193604
-63.76821,250,115.193604
-71.33773,250,115.193604
-38.628136,250,115.193604
-27.756605,250,136.063967
-41.605846,250,136.063967
-37.28221,250,136.063967
-50.381718,250,136.063967
-50.877224,250,157.23501
-42.307747,250,157.23501
-26.199238,250,157.23501
-33.993378,250,157.23501
-48.88184,250,177.468389
-56.83461,250,177.468389
-37.313408,250,177.468389
-39.68255,250,177.470389
-66.29224,250,197.373294
-59.10788,250,197.373294
-9.774402,250,197.373294
-62.382545,250,197.373294
-17.562687,250,295.824483
-69.38787,250,295.824483
-60.26499,250,295.824483
-73.0641,250,295.824483
13.333239,250,316.471504
2.9410052,250,316.472506
-22.261444,250,316.472506
-64.40138,250,316.472506
-78.125145,250,336.679096
-52.54241,250,336.679096
-16.38793,250,336.679096
-66.443054,250,336.679096
44.827393,250,356.235984
-72.04982,250,356.235984
-19.298315,250,356.235984
17.844944,250,356.235984
-59.459538,250,376.601112
-43.23143,250,376.601112
-40.438866,250,376.601112
-32.659874,250,376.601112
-54.098396,250,396.2498
-67.971634,250,396.2498
-39.759018,250,396.2498
-48.905174,250,396.2498
-16.981115,250,416.083608
-64.78882,250,416.083608
-50.8197,250,416.083608
20.437857,250,416.083608
-27.672945,250,437.508926
-47.368458,250,437.508926
-23.587988,250,437.508926
-55.128258,250,437.508926
-8.088246,250,522.724304
-45.392513,250,522.724304
-17.26619,250,522.724304
-47.565655,250,522.724304
-55.017387,250,542.027311
-25.531975,250,542.027311
-34.931477,250,542.027311
-42.953007,250,542.027311
-34.707905,250,561.568225
-47.53093,250,561.569227
-40.298515,250,561.569227
-30.463594,250,561.569227
-150.15576,224,579.01993
-41.747585,250,580.984698
-52.64629,250,580.984698
-54.063637,250,580.984698
-106.172066,244,598.209787
-141.9686,223,598.591394
-28.315357,250,600.781781
-70.14936,250,600.781781
-56.69296,250,617.428345
-43.18182,250,617.817569
-56.250046,250,619.980309
-76.66682,250,619.980309
-125.222,165,630.177543
-64.98066,250,637.047271
-44.805187,250,639.174988
-40.199326,250,639.174988
-58.466568,250,649.839505
-29.104443,250,656.920034
-20.15211,250,659.067393
-32.35294,250,659.067393
-37.728912,250,670.075395
-29.824572,250,740.281853
-73.24427,250,742.363273
-33.121037,250,742.363273
-54.386013,250,752.655968
-22.033974,250,759.442687
-47.530876,250,761.581926
-32.307716,250,761.581926
-33.08555,250,771.877727
3.703545,250,779.084692
-34.853413,250,782.762937
-75.17744,250,782.762937
0.62876606,250,800.21241
-29.487198,250,813.627408
-57.792255,250,815.76834
-46.666702,250,815.76834
-33.566456,250,826.427998
-18.367447,250,833.50895
-23.611153,250,835.643808
-15.322522,250,835.644807
29.629337,250,846.342983
-0.7093489,250,853.353656
35.23107,250,855.516983
-26.66672,250,855.516983
32.84104,250,866.294751
-47.692383,250,873.473946
-67.359146,250,875.63252
15.523235,250,875.63252
-64.15778,250,886.316458
-30.147102,250,893.598074
95.84594,250,895.802216
-13.857793,250,895.802216
-50.61733,250,906.946551
-72.04981,250,978.040089
-60.122765,250,980.139487
66.66642,250,980.139487
-23.664192,250,990.112948
-37.106937,250,996.897643
-45.45458,250,998.918142
-3.703859,250,998.919142
-25.566402,250,1009.141026
74.061424,250,1015.949887
-144.73766,249,1017.884015
196.63676,250,1017.970547
-26.199322,250,1028.226398
12.727064,250,1035.063881
-13.621358,250,1037.130294
-40.711475,250,1037.225821
-25.795118,250,1047.987087
-60.961037,250,1055.150914
35.210968,250,1057.181846
18.466663,250,1057.280427
8.910694,250,1067.538502
-0.0001600325,250,1074.614497
-32.203415,250,1076.619061
-39.29717,250,1076.713638
3.5596867,250,1087.059979
230.06636,250,1094.058229
-14.110545,250,1096.03289
-0.00013714432,250,1096.126436
38.51326,250,1106.268543
-11.197047,250,1113.084767
-44.055965,250,1115.083834
9.154758,250,1115.175356
57.142532,250,1125.949939
29.963696,250,1133.041475
48.698616,250,1197.840502
-13.194543,250,1197.944062
-54.838757,250,1208.185265
161.00722,250,1215.23452
133.6768,250,1217.319753
271.93015,250,1217.414264
-25.755981,205,1224.200147
333.0986,250,1234.432572
-25.324741,250,1236.403767
95.03594,250,1236.507335
-25.266972,250,1243.246895
-23.841103,250,1253.407964
255.70554,250,1255.38385
-37.14287,250,1255.485374
128.9164,250,1262.694383
68.62734,250,1273.372796
29.517782,250,1275.442862
98.65312,250,1275.546411
164.21472,250,1282.436137
-104.16698,198,1288.81444
-34.523838,250,1294.741884
190.00095,250,1294.838461
48.147865,250,1301.514212
18.055304,250,1307.700987
-18.64416,250,1313.576695
84.61538,250,1313.66122
-36.61976,250,1320.500419
256.6884,250,1326.973984
237.93184,250,1332.87683
55.014908,250,1332.963354
72.79394,250,1340.226722
-40.199368,250,1346.664878
-1.0999924,191,1348.149997
-40.8451,250,1353.000884
312.69864,250,1422.399143
21.405546,250,1428.731625
-17.910532,250,1430.216081
388.6369,250,1434.853247
247.54181,250,1441.70526
-29.230804,250,1448.048972
382.97275,250,1449.539969
-60.95747,233,1452.739233
123.27076,250,1460.901372
129.45224,250,1467.426224
10.409931,250,1468.917542
182.05208,250,1472.225889
-43.787014,250,1480.643796
218.8984,250,1487.201465
55.843925,250,1488.715806
17.02106,250,1492.150823
62.71158,250,1500.270019
22.13714,250,1506.724341
80.328094,250,1508.212787
-0.00013332962,250,1511.601602
170.0972,250,1519.875365
158.82451,250,1526.366506
150.00096,250,1527.864816
34.615158,250,1531.174772
-40.983654,250,1539.273336
188.13661,250,1545.778828
368.35474,250,1547.290132
318.686,250,1550.665785
200.30087,250,1559.173501
260.2704,250,1565.81602
353.28812,250,1567.319218
287.30194,250,1570.759236
5.8392115,250,1641.826598
-33.333324,250,1648.244239
188.19504,250,1649.727497
79.56662,250,1653.089292
173.03851,250,1661.305928
231.10475,250,1667.87043
616.41656,250,1669.408834
524.5478,250,1672.701061
63.398468,250,1680.872448
128.73975,250,1687.192039
183.82912,250,1688.649319
251.51614,250,1691.988932
415.67975,250,1700.535936
419.53235,250,1707.223094
430.4669,250,1708.732438
145.42206,250,1712.270512
606.4515,250,1720.655287
134.17809,250,1727.013128
202.49205,250,1728.515559
113.76886,250,1731.865784
292.22717,250,1739.92204
367.62634,250,1746.326536
59.57428,250,1747.808378
370.38376,250,1751.270039
204.94566,250,1759.493265
204.1835,250,1765.994337
561.76373,250,1768.610907
329.023,250,1774.487051
321.0538,250,1788.783224
107.97779,250,1801.34804
299.2102,250,1802.899225
674.30505,250,1806.457961
73.912994,250,1815.116453
-21.07257,166,1883.177951
160.23471,250,1884.947741
322.58118,250,1886.462389
101.41395,250,1898.044715
323.4535,250,1902.766414
201.58801,250,1904.491074
578.68823,250,1905.991737
545.8332,250,1917.50462
396.32394,250,1922.209896
679.6608,250,1923.902364
453.63412,250,1925.406461
217.88141,250,1937.204156
761.2083,250,1942.213369
758.208,250,1943.969285
294.26624,250,1945.525692
199.004,250,1957.124459
269.63757,250,1961.83149
35.848816,250,1963.519367
42.33544,250,1964.988535
239.10135,250,1976.542728
430.20255,250,1981.350282
441.21964,250,1983.04099
248.68506,250,1984.509276
816.33356,250,1995.998443
891.666,250,2000.841369
790.9764,250,2002.567163
710.0347,250,2004.076463
135.82164,250,2015.977529
604.7964,250,2020.908097
606.3188,250,2022.7094
187.06728,250,2024.268679
563.43005,250,2036.133766
503.33252,250,2040.964912
274.2698,250,2042.669762
446.9811,250,2107.22146
546.85126,250,2118.790622
55.339478,250,2123.436219
452.81702,250,2125.135002
64.429344,250,2126.606464
220.26253,250,2138.171954
431.59927,250,2142.873302
403.65005,250,2144.62252
676.6328,250,2146.16344
438.22742,250,2158.348339
715.7889,250,2163.451857
745.0188,250,2165.28179
560.66046,250,2166.852044
682.31256,250,2178.646756
831.17303,250,2183.426208
484.22998,250,2185.141972
315.87335,250,2186.649177
765.24866,250,2198.293601
189.90324,250,2202.913109
317.2422,250,2204.607414
80.92114,250,2206.109971
467.01105,250,2217.807902
790.5108,250,2222.608741
656.944,250,2224.35098
846.35864,250,2225.830159
490.2784,250,2237.864578
481.94092,250,2242.934279
874.026,250,2244.741113
753.65796,250,2246.324684
195.13954,250,2258.086208
720.51154,250,2262.900577
-12.727397,250,2264.594157
619.9985,250,2266.072966
515.1315,250,2340.445565
683.01794,250,2345.162939
717.81226,250,2346.862609
29.151024,250,2348.387069
871.1173,250,2360.034877
474.92468,250,2364.813052
860.57184,250,2366.53851
363.5764,250,2368.038364
562.24976,250,2380.002621
425.73566,250,2385.018529
599.6468,250,2386.832998
686.7125,250,2388.372247
657.2462,250,2400.137718
852.3808,250,2404.900882
274.5712,250,2406.661799
743.00305,250,2408.172101
874.82086,250,2419.84251
361.98917,250,2424.669762
783.9585,250,2426.387192
814.81506,250,2427.883978
396.24176,250,2439.495683
799.5989,250,2444.311515
63.04325,250,2446.04581
270.25388,250,2447.535197
677.4187,250,2459.536175
668.4201,250,2464.591169
770.8495,250,2466.427352
829.7104,250,2467.968693
481.88184,250,2479.716583
690.6133,250,2484.491483
823.9129,250,2486.203115
537.4025,250,2487.69768
729.9311,250,2562.213313
709.0611,250,2567.013003
451.97235,250,2568.783895
91.176796,250,2570.282745
638.67694,250,2582.120114
437.0915,250,2587.019902
662.8874,250,2588.78613
632.70416,250,2590.348162
731.5783,250,2602.431443
589.13794,250,2607.518198
558.30786,250,2609.321883
680.73047,250,2610.888961
796.5527,250,2622.775832
648.3225,250,2627.730062
745.32446,250,2629.482491
725.0003,250,2631.02579
553.95953,250,2642.947644
644.02637,250,2647.879224
399.9998,250,2649.642896
288.88953,250,2651.131349
-4.282472,111,2651.831205
806.88165,250,2667.689556
630.3745,250,2669.450689
651.5918,250,2670.936002
810.11273,250,2671.660882
741.1541,250,2688.075919
695.9179,250,2689.912863
594.73615,250,2691.499698
585.4602,250,2692.282015
779.5621,250,2708.186606
756.061,250,2709.933978
574.0511,250,2711.468131
685.016,250,2712.190496
881.13245,250,2790.715994
645.2222,250,2792.471287
720.78784,250,2793.960728
687.77014,250,2794.698163
34.54518,250,2810.116731
703.3323,250,2811.86515
57.692,250,2813.338643
621.8527,250,2814.080615
861.2694,250,2830.442583
677.02747,250,2832.268583
797.261,250,2833.830172
77.9361,250,2834.584497
667.123,250,2850.494647
772.4144,250,2852.251621
877.69495,250,2853.759988
806.2487,250,2854.480914
864.97833,250,2870.241439
810.7144,250,2872.008168
729.03235,250,2873.549974
675.7581,250,2874.269966
912.2004,220,2889.386891
223.9443,250,2890.027223
815.2533,250,2893.24819
802.35583,250,2893.968659
528.8644,250,2909.549125
-40.625046,250,2910.221105
728.9466,250,2913.542683
839.75964,250,2914.326316
488.44864,250,2929.672802
661.9046,250,2930.315355
633.33295,250,2933.567416
709.0609,250,2934.281743
889.28625,250,3012.463698
789.67773,250,3013.127731
906.69806,234,3015.067946
448.21045,250,3017.008092
74.72133,250,3031.882176
769.09186,250,3032.529224
833.33264,250,3034.512266
372.05078,250,3036.542075
671.2427,250,3052.315483
880.9892,250,3053.009745
675.2434,250,3055.085687
577.5243,250,3057.151328
777.77814,250,3072.559184
718.7698,250,3073.239041
868.96674,250,3075.215769
874.8205,250,3077.210787
855.63086,250,3092.39836
644.4083,250,3093.065591
745.0716,250,3095.038639
559.0152,250,3097.027395
722.22186,250,3112.290167
828.3264,250,3112.955963
777.8882,250,3114.956114
454.38544,250,3116.942777
770.968,250,3132.606492
357.91357,250,3133.285343
754.7306,250,3135.318112
822.5099,250,3137.344137
830.40265,250,3152.471341
877.0996,250,3153.125183
799.6647,250,3155.097283
777.1322,250,3157.117417
589.0244,250,3172.45667
596.8744,250,3173.130483
718.18256,250,3237.72669
815.0331,250,3239.702322
-10.577784,117,3248.916662
878.72345,250,3254.866643
807.8015,250,3255.534718
723.96906,250,3257.523853
893.3537,250,3268.925975
810.298,250,3275.125303
807.21704,250,3275.815138
845.4554,250,3277.867304
866.5421,250,3289.416399
599.6899,250,3295.546917
830.6935,250,3296.194283
827.58716,250,3298.17941
856.9532,250,3309.449592
778.2894,250,3315.420742
826.28046,250,3316.073592
700.6535,250,3318.07544
892.47943,250,3329.197721
666.7711,250,3335.128608
878.8124,250,3335.796378
896.45416,250,3337.749708
729.6532,250,3349.302831
759.32635,250,3355.542179
831.5074,250,3356.226998
873.2822,250,3358.27228
883.99817,250,3369.704302
855.3896,250,3375.745696
766.87354,250,3376.409567
852.5334,250,3378.373018
572.67285,250,3389.680087
826.7394,250,3395.623058
545.1592,250,3396.283901
850.17554,250,3398.318601
868.0856,250,3472.769136
850.9441,250,3478.73304
838.6957,250,3479.401004
463.69388,250,3481.402072
654.90265,250,3492.968084
705.28064,250,3499.401725
-1.3159351,250,3500.58763
830.61176,250,3503.933221
902.2998,245,3522.321347
900.3979,249,3534.131714
660.2523,250,3534.89008
901.99896,245,3536.564283
878.33746,250,3548.25362
480.75595,250,3554.791619
776.7616,250,3555.559001
691.1405,250,3557.228122
847.5297,250,3569.042407
848.97864,250,3575.298136
307.30405,250,3576.040105
761.73566,250,3577.630355
853.4877,250,3589.103834
884.73285,250,3595.589058
862.7103,250,3596.349471
869.0717,250,3598.005074
902.30066,245,3609.033727
807.84814,250,3615.809801
773.78546,250,3616.542733
74.720985,250,3618.100244
863.63727,250,3629.030789
39.817307,250,3635.815469
873.7831,250,3636.55701
700.66284,250,3638.161033
590.8391,250,3712.193599
919.2994,202,3715.028001
871.11676,250,3719.516337
849.1508,250,3721.130918
687.8785,250,3732.365055
880.3259,250,3735.362555
618.08563,250,3740.102086
865.9849,250,3741.75285
827.08234,250,3752.839594
879.99963,250,3755.666461
904.9002,238,3759.264286
717.338,250,3761.809487
914.1003,215,3769.790387
767.8577,250,3775.406647
849.27527,250,3779.02928
459.99957,250,3781.589696
642.66943,250,3789.725383
877.5282,250,3795.357119
836.026,250,3798.992578
885.9645,250,3801.544119
702.0469,250,3809.75914
778.9804,250,3815.604251
876.4296,250,3819.340504
813.7943,250,3821.979137
841.1747,250,3830.333857
673.00494,250,3835.961933
735.29346,250,3839.510684
847.88257,250,3842.127476
759.4776,250,3850.130636
881.5504,250,3855.884626
858.9046,250,3859.445304
883.6601,250,3861.955217
744.0673,250,3869.928826
800.36975,250,3938.051466
885.1283,250,3941.553952
892.5919,250,3944.092512
773.2404,250,3952.244287
-4.4272738,109,3952.831955
874.45233,250,3958.186716
683.6058,250,3962.012959
-6.5730987,100,3966.49437
811.03033,250,3972.85077
770.1744,250,3973.414099
769.4155,250,3981.996816
805.59375,250,3986.361168
877.9411,250,3992.527321
833.0998,250,3993.09862
828.85187,250,4001.602896
790.4111,250,4006.011604
854.2262,250,4012.291875
821.1455,250,4012.882163
731.28796,250,4021.604948
797.4354,250,4025.967412
698.6336,250,4032.357337
636.67755,250,4032.965581
729.34064,250,4041.932966
826.9238,250,4046.461561
247.65843,212,4050.326539
631.882,250,4052.782552
778.6866,250,4061.893287
837.00635,250,4066.149119
857.293,250,4069.891519
265.6964,250,4072.342533
361.95734,203,4077.709357
629.9256,250,4085.72775
759.10675,250,4089.496104
714.59015,250,4091.932414
795.0804,250,4097.39054
803.9128,250,4168.404122
743.7495,250,4172.224371
780.3979,250,4174.802914
641.60925,250,4180.44386
837.70294,250,4188.875354
799.28094,250,4192.771191
784.86804,250,4195.207659
805.2625,250,4200.641262
864.7421,250,4208.674523
723.5299,250,4212.506662
854.8392,250,4214.954119
478.76767,250,4220.379772
867.1529,250,4228.36238
547.45605,250,4232.16607
907.5998,231,4233.131518
812.7283,250,4239.992656
868.53094,250,4248.003927
882.9343,250,4251.842183
811.1108,250,4252.819315
719.5276,250,4260.05314
810.1125,250,4268.449758
888.97015,250,4272.372195
694.39307,250,4273.359837
865.98553,250,4280.322376
837.25323,250,4288.397941
599.40485,250,4292.187564
840.1419,250,4293.181287
861.97754,250,4300.137786
733.3319,250,4308.284287
550.32574,250,4312.08291
650.00006,250,4313.053021
811.8634,250,4320.042574
780.5016,250,4390.770854
775.40845,250,4394.600098
803.0091,250,4395.617906
495.74344,250,4402.809174
859.1824,250,4411.300721
845.7609,250,4415.203072
813.04236,250,4416.172112
834.93176,250,4423.173602
853.4868,250,4431.209802
820.96173,250,4434.99584
892.4239,250,4435.953452
868.42017,250,4442.833385
614.22925,242,4450.251336
901.9993,245,4454.266816
851.4556,250,4455.622634
881.5502,250,4462.5667
838.84973,250,4470.091329
772.4358,222,4471.897986
571.5968,250,4475.518636
171.68427,139,4481.320728
823.54584,250,4482.75089
727.5407,241,4491.639318
843.7082,250,4496.015115
867.1526,250,4501.631757
816.6654,250,4503.038123
466.13733,242,4510.905423
403.7853,194,4511.368235
789.24164,250,4521.397289
845.84644,250,4522.728362
770.9378,227,4529.14183
470.03317,250,4530.504947
701.2098,225,4540.373351
794.93945,250,4541.038761
534.5323,220,4546.525417
793.9395,250,4550.241985
147.71846,148,4615.303926
191.58722,162,4615.770776
838.5657,250,4629.265074
849.61035,250,4633.125181
830.5543,250,4635.703593
843.14215,250,4636.196356
843.7079,250,4649.411699
885.50653,250,4653.193557
840.78894,250,4655.664905
786.956,250,4656.171702
884.55524,250,4669.403369
604.14124,250,4673.157861
730.8609,250,4675.625154
788.8883,250,4676.125906
864.1552,250,4689.161469
855.0556,250,4692.859423
882.877,250,4695.303515
864.9679,250,4695.783248
870.68384,250,4709.429128
716.128,250,4713.273893
850.9797,250,4715.820433
885.6607,250,4716.284051
814.08887,250,4729.294907
845.0957,250,4732.918807
885.347,250,4735.339505
855.8824,250,4735.831753
863.70844,250,4748.865759
838.62604,250,4752.591732
874.3583,250,4755.184636
861.2682,250,4755.687325
893.00635,250,4768.64164
870.4797,250,4772.325475
861.80457,250,4774.74442
881.9468,250,4775.255312
387.89026,250,4853.656623
568.874,250,4857.425252
724.6152,250,4859.910268
826.15436,250,4860.409989
804.59155,250,4873.692749
476.47052,250,4877.490062
862.8387,250,4879.955634
620.0003,250,4880.45338
396.68854,250,4893.633456
759.9333,250,4897.38582
780.50183,250,4899.83311
872.3302,250,4900.326621
217.24141,250,4913.312018
795.1036,250,4917.038975
837.74066,250,4919.483144
840.1981,250,4919.966911
692.7283,250,4933.494576
696.4901,250,4937.367458
826.057,250,4939.939967
787.8189,250,4940.433864
819.29706,250,4953.55605
891.9687,250,4957.190471
871.3238,250,4959.620766
203.887,250,4960.116737
414.70547,250,4973.110349
803.3327,250,4976.82726
771.4291,250,4979.296049
800.6855,250,4979.788844
707.8157,250,4993.026853
854.83875,250,4996.798314
516.9498,250,4999.28687
737.6608,250,4999.794776
825.7933,250,5077.830746
870.1488,250,5081.547486
735.3289,250,5084.015892
830.06915,250,5084.511621
791.1555,250,5097.649196
875.08636,250,5101.39035
827.867,250,5103.866279
693.81525,250,5104.376018
527.00934,250,5117.599827
892.72815,250,5121.312705
764.7672,250,5123.810104
809.3951,250,5124.295367
848.38715,250,5137.304429
889.61694,250,5140.994293
885.29407,250,5143.410725
896.2958,250,5143.899459
867.7422,250,5157.448588
475.0911,250,5161.313684
857.143,250,5163.867112
398.37207,250,5164.351979
910.89954,223,5175.286537
799.67633,250,5181.165733
642.2687,250,5183.637577
862.1986,250,5184.141975
856.8093,250,5195.134765
829.4475,250,5200.975145
839.8475,250,5203.438082
853.1753,250,5203.930864
801.0981,250,5214.942454
780.25885,250,5220.793637
778.0498,250,5223.26653
480.8584,250,5223.767423
433.83585,250,5299.563671
913.9986,215,5302.664903
854.54407,250,5307.905339
892.6201,250,5308.401088
888.8467,250,5319.36098
739.6204,250,5322.490586
877.56244,250,5327.768142
879.8643,250,5328.28154
671.80963,250,5339.31808
266.77225,250,5342.446432
584.37335,250,5347.697367
847.91516,250,5348.195665
894.0103,250,5359.255243
886.013,250,5362.311113
835.9398,250,5367.472841
822.2208,250,5367.971687
791.696,250,5379.268231
878.3368,250,5382.501124
880.58215,250,5387.934644
515.6592,250,5388.438439
764.86633,250,5399.458604
626.641,250,5402.540253
910.5013,224,5405.669508
816.38617,250,5408.200367
877.186,250,5419.080112
805.1356,250,5422.159059
858.4895,250,5425.320403
732.7539,250,5427.842868
916.30066,210,5438.629329
843.5194,250,5438.719851
809.4079,250,5444.993804
878.64465,250,5447.516699
846.1262,250,5458.946813
858.64435,250,5459.048331
822.838,250,5528.889495
896.53723,250,5531.41201
904.6994,239,5541.363384
768.3247,250,5542.336968
874.07275,250,5548.543005
910.1,225,5549.105588
329.04358,250,5561.084072
598.9591,250,5562.04538
847.18353,250,5568.305833
864.78925,250,5568.88025
733.90906,250,5580.754111
885.1842,250,5581.7419
867.27295,250,5587.915222
770.6291,250,5588.490101
844.82794,250,5600.893902
842.952,250,5601.90033
834.30554,250,5608.370816
801.02246,250,5608.970914
886.5297,250,5621.245864
696.9898,250,5622.229006
903.3986,242,5627.821999
811.11084,250,5629.03487
803.65204,250,5641.031034
630.64,250,5641.983317
912.6016,219,5646.293565
522.29205,250,5647.601922
844.44293,250,5661.06333
851.5546,250,5662.038541
850.46436,250,5666.429259
884.66205,250,5667.698517
925.59875,186,5676.068241
825.4645,250,5682.404215
865.5171,250,5686.966616
821.7051,250,5688.292069
821.8222,250,5759.248379
881.54956,250,5765.273899
751.4847,250,5769.602075
775.81683,250,5770.859851
806.2488,250,5778.993048
771.9703,250,5785.008382
870.80237,250,5789.345396
733.9478,250,5790.632682
847.7126,250,5798.737308
883.4011,250,5804.737857
851.67163,250,5809.113316
832.51514,250,5810.387662
831.8169,250,5818.812459
774.5748,250,5825.036032
422.25958,230,5827.860094
896.60815,250,5830.821075
594.0046,250,5839.088991
917.8983,206,5844.439791
868.5307,250,5845.171559
782.6959,250,5850.838502
853.734,250,5859.032183
789.7947,250,5864.337033
778.3779,250,5865.053466
414.70642,250,5870.572983
676.69806,250,5878.693769
813.79407,250,5883.914037
809.4197,250,5884.622723
802.4395,250,5890.20245
829.5293,250,5898.463015
439.39825,215,5901.025137
893.0539,250,5904.676542
25.190443,91,5905.8893
855.4628,250,5910.490984
789.63043,250,5984.228323
174.01677,248,5987.51523
822.6011,250,5988.88212
819.6134,250,5993.365225
732.72736,250,6011.420398
811.0295,250,6016.932965
829.5776,250,6019.237161
683.2683,250,6028.394661
807.84863,250,6039.556687
814.08954,250,6043.021096
867.03186,250,6044.441985
810.5949,250,6049.116557
775.7581,250,6060.419779
796.34247,250,6063.872124
708.5809,250,6065.254709
820.31696,250,6069.902891
727.04333,250,6081.230286
826.0444,250,6084.731069
719.5706,250,6086.115717
850.52783,250,6090.735769
853.3046,250,6102.004114
833.75336,250,6105.439852
704.79486,250,6106.876801
915.8983,211,6108.273105
869.0716,250,6122.550753
778.89044,250,6125.997775
827.6715,250,6127.423325
650.0003,250,6128.841094
803.1119,250,6143.222371
841.747,250,6146.722678
813.6688,250,6148.145582
870.8026,250,6149.52634
782.14246,250,6227.783495
817.2184,250,6231.110012
883.2755,250,6232.465493
858.475,250,6233.82625
820.73285,250,6247.633985
892.59143,250,6250.954979
822.32983,250,6252.301775
872.972,250,6253.671524
863.2346,250,6267.560997
820.24506,250,6270.937252
825.3236,250,6272.352748
826.83014,250,6273.746605
865.51764,250,6287.742297
888.3244,250,6291.255241
864.5163,250,6292.701735
824.093,250,6294.134929
919.7004,201,6304.204031
816.94244,250,6311.47938
833.7354,250,6312.845755
882.20337,250,6314.227293
779.99976,250,6324.084599
862.54645,250,6331.325742
834.2531,250,6332.709013
793.68646,250,6334.083846
840.7677,250,6344.01457
830.3033,250,6351.247822
885.8151,250,6352.615147
825.00006,250,6353.96385
872.1266,250,6363.987706
830.55475,250,6371.518285
337.29956,250,6372.949081
892.8795,250,6374.387573
831.8167,250,6384.591473
477.9829,250,6454.433338
785.9919,250,6455.798102
882.07623,250,6457.162236
760.84076,250,6467.066244
896.16644,250,6474.241764
833.54663,250,6475.60768
874.3578,250,6476.946785
866.6663,250,6486.909701
845.6515,250,6494.138903
830.59827,250,6495.523603
830.381,250,6496.896089
819.18964,250,6506.933493
884.90485,250,6514.278778
792.7313,250,6515.72202
217.07407,250,6517.161611
854.385,250,6527.262043
751.6126,250,6534.426775
879.65906,250,6535.792062
529.36804,250,6537.155741
804.1088,250,6547.139178
868.7485,250,6554.402262
856.3745,250,6555.776082
890.3531,250,6557.172219
828.8018,250,6567.25932
820.2638,250,6574.446677
861.67365,250,6575.807511
870.14856,250,6577.161261
836.506,250,6587.135592
802.3548,250,6594.609279
874.0728,250,6596.019207
812.051,250,6597.448925
882.1426,250,6607.591725
469.89355,250,6614.830473
823.3207,250,6616.234972
818.56573,250,6680.023516
743.1364,250,6689.944252
827.33295,250,6697.229553
858.59894,250,6698.592257
838.77356,250,6699.958142
823.5459,250,6709.815093
830.1462,250,6717.083241
697.0154,250,6718.450115
840.73926,250,6719.781636
811.563,250,6729.862761
774.19293,250,6737.42374
778.50494,250,6738.85263
828.57166,250,6740.261479
790.67395,250,6750.514079
879.4521,250,6757.849245
750.4961,250,6759.207753
820.0003,250,6760.587468
885.0735,250,6770.390913
910.89844,223,6776.820412
850.1754,250,6777.651429
788.1769,250,6780.361529
345.484,250,6790.186683
767.5485,250,6796.655457
671.60443,250,6797.455622
811.34674,250,6800.060715
750.15204,250,6810.073585
788.8881,250,6816.678895
836.8408,250,6817.515368
816.66547,250,6820.341002
808.7581,250,6830.37422
853.17487,250,6836.757194
721.8174,250,6837.570119
804.25507,250,6840.258353
838.3101,250,6912.722094
799.9987,250,6919.103441
820.9615,250,6919.897842
788.8881,250,6922.568015
671.1252,250,6932.419574
847.3659,250,6938.748869
809.0882,250,6939.549229
765.3838,250,6942.253203
762.8738,250,6952.216163
802.2529,250,6958.875878
788.88635,250,6959.723904
590.23334,250,6962.563412
809.0886,250,6972.555619
787.5496,250,6978.945519
810.56744,250,6979.765916
809.74445,250,6982.478795
777.49243,250,6992.580681
680.12006,250,6999.022571
512.90094,250,6999.828003
71.14103,250,7002.5109
177.14378,250,7012.328279
780.54456,250,7018.790226
756.6161,250,7019.614532
753.2922,250,7022.329137
661.2428,250,7032.42219
792.42755,250,7039.190021
746.71387,250,7040.036332
827.2735,250,7042.859409
776.2876,250,7052.959376
752.45776,250,7059.378862
816.66626,250,7060.204451
350.70483,250,7062.859421
256.87836,250,7135.126652
314.79166,250,7141.620411
342.5297,250,7142.451145
797.88727,250,7145.129621
900.2991,250,7155.158576
856.2265,250,7161.523939
361.7839,250,7162.344755
280.24042,250,7165.059124
867.9471,250,7175.134973
797.105,250,7181.79162
882.32965,250,7182.645065
818.0875,250,7185.593964
363.951,250,7195.80143
875.9034,250,7202.234986
647.50555,250,7203.055566
807.04944,250,7205.788622
711.87964,250,7215.769298
896.5862,250,7222.252491
745.42426,250,7223.059745
449.02075,250,7225.737228
858.4884,250,7235.575005
804.2898,250,7242.04355
811.87494,250,7242.854996
632.6713,250,7245.55082
892.8288,250,7255.588859
848.6299,250,7262.24092
875.08575,250,7263.096497
840.9709,250,7265.987008
799.9987,250,7276.176227
890.5075,250,7282.567667
878.7224,250,7283.355051
596.772,250,7286.039563
497.8241,250,7295.858766
871.9287,250,7364.860634
754.6087,250,7365.663959
870.684,250,7368.356891
872.6952,250,7378.26798
432.87296,250,7384.720492
600.8773,250,7385.555593
829.3262,250,7388.238222
829.1029,250,7398.315937
872.7871,250,7404.910803
778.7861,250,7405.769679
448.27673,250,7408.600746
853.5707,250,7418.549027
918.1988,205,7421.403857
896.1815,250,7425.768371
900.4994,249,7428.380115
857.95874,250,7438.43283
748.18353,250,7441.237173
821.42957,250,7445.510362
737.39667,250,7448.11201
834.63995,250,7458.112785
892.98145,250,7461.003105
769.1253,250,7465.450433
357.22794,250,7468.084901
901.3992,247,7477.871088
826.9843,250,7481.041642
880.31244,250,7485.526441
873.97675,250,7488.286757
567.7711,250,7498.266819
735.0496,250,7501.392236
875.2627,250,7505.725254
824.28876,250,7508.316395
889.36053,250,7518.011341
857.3739,250,7521.170277
764.9502,250,7587.76389
837.9314,250,7590.365191
886.7542,250,7600.119731
805.2269,250,7603.252761
772.9638,250,7607.71489
686.9813,250,7610.377292
718.49176,250,7620.231157
449.82877,250,7623.410701
814.75287,250,7627.940886
875.77563,250,7630.675184
807.5898,250,7640.72319
492.9212,250,7643.919941
884.67175,250,7648.267328
728.06836,250,7650.923437
783.0765,250,7660.775837
889.0504,250,7663.873122
609.1978,250,7668.318066
858.33154,250,7670.945575
846.8429,250,7680.683728
876.4291,250,7683.805909
917.5988,206,7684.705322
840.39655,250,7690.827939
335.02924,250,7700.631471
288.15878,250,7703.808985
528.7613,250,7704.723772
860.93475,250,7711.046191
843.0395,250,7721.126619
889.4726,250,7724.288815
612.1666,250,7725.188504
924.39856,189,7726.435677
925.20074,187,7739.943694
880.0644,250,7741.004065
926.20135,185,7741.087653
608.90173,250,7744.070372
338.36963,224,7821.252685
884.187,250,7822.291799
467.33594,250,7823.402512
879.2358,250,7826.404689
872.3291,250,7841.045097
641.93365,250,7842.107333
824.39886,250,7843.258976
869.3856,250,7846.364717
904.2997,240,7860.632752
634.17633,250,7862.603859
765.7979,250,7863.774403
664.33093,250,7866.928877
774.999,250,7881.502996
799.99927,250,7883.417161
774.9981,250,7884.605803
868.04834,250,7887.744418
585.80853,250,7902.237518
886.2073,250,7904.163069
828.5709,250,7905.362761
705.38696,250,7908.467195
872.97174,250,7922.796737
736.80304,250,7924.759034
782.9405,250,7925.998034
893.3086,250,7929.132452
693.8909,250,7943.374127
924.5985,189,7944.542823
876.42847,250,7945.281676
590.7215,250,7946.431233
670.22455,250,7963.902042
878.02057,250,7965.056918
845.8453,250,7965.850042
814.4971,250,7967.00899
924.3997,189,8045.746791
590.323,250,8047.766545
742.6204,250,8048.891548
850.33,250,8049.654916
918.5991,204,8062.251099
746.3851,250,8067.86653
429.94073,250,8068.999717
528.29,250,8069.750173
868.08496,250,8082.728819
616.50885,250,8088.469583
903.19904,242,8088.965312
575.4939,250,8090.312271
896.73083,250,8102.823325
885.66003,250,8108.376043
881.2718,250,8108.870926
791.8928,250,8110.255432
893.84576,250,8122.683285
752.0883,250,8128.124084
584.9291,250,8128.59439
849.3224,250,8129.954742
796.5502,250,8142.33631
874.4515,250,8147.905117
382.75974,250,8148.397765
866.94,250,8149.75586
744.8269,250,8162.88956
521.8761,250,8168.687113
853.01807,250,8169.232691
862.8367,250,8170.65446
793.61646,250,8183.549965
845.3095,250,8189.287282
888.45984,250,8189.799994
859.9981,250,8191.210136
806.0382,250,8204.045741
603.7006,250,8276.406691
528.04645,250,8276.890512
856.5218,250,8278.257731
489.28445,250,8290.537997
515.10535,250,8296.041276
892.6458,250,8296.527598
877.3455,250,8297.895258
763.81036,250,8311.059554
918.50055,204,8313.034682
336.70953,250,8317.220815
506.41357,250,8318.585507
595.9436,250,8330.959531
857.8518,250,8332.87084
636.1099,250,8336.976458
825.48737,250,8338.349851
851.8903,250,8350.818145
236.31029,250,8352.739308
876.1081,250,8356.795234
541.37683,250,8358.119589
513.1392,250,8370.727801
655.9295,250,8372.653504
509.3162,250,8376.72226
522.77264,250,8378.088385
868.53033,250,8391.031688
702.08044,250,8393.008872
886.2074,250,8397.264346
893.00604,250,8398.696183
867.739,250,8411.712794
786.5961,250,8413.673408
471.42926,250,8418.108557
865.98425,250,8419.523124
699.9995,250,8432.576057
335.33224,250,8434.58723
566.664,250,8438.757574
805.9245,250,8440.146407
882.6366,250,8518.588248
781.18774,250,8520.505789
742.948,250,8524.63352
860.8508,250,8525.997205
737.45557,250,8539.086344
842.75867,250,8541.073298
853.1749,250,8545.408887
530.3606,250,8546.819526
848.33905,250,8559.946737
883.6036,250,8562.136132
747.82587,250,8566.652687
390.68448,250,8568.030154
447.17087,250,8580.829633
547.0559,250,8582.806698
513.4724,250,8586.965542
637.0216,250,8588.408989
727.5854,250,8601.430406
828.80164,250,8603.474478
352.01343,250,8607.803378
639.86304,250,8609.243346
647.402,250,8622.278465
432.11118,250,8624.298135
874.1693,250,8628.596731
629.6396,250,8630.029248
852.3798,250,8642.987444
687.23224,250,8645.030039
799.222,250,8649.341303
872.1254,250,8650.744078
844.63403,250,8663.808356
694.0297,250,8665.803406
832.5827,250,8670.033855
820.79156,250,8671.441712
627.27026,250,8750.742207
821.25726,250,8752.635616
839.7967,250,8756.716748
827.2726,250,8758.110226
874.072,250,8771.049984
845.5776,250,8773.007406
455.18506,250,8777.30143
449.0914,250,8778.744802
639.5477,250,8791.764818
538.4339,250,8793.767753
881.48114,250,8798.083748
783.7203,250,8799.495246
842.30676,250,8812.633568
654.1892,250,8814.686318
874.072,250,8818.915709
860.4854,250,8820.31882
829.0331,250,8833.307731
829.88934,250,8835.240312
884.9032,250,8839.541794
846.8416,250,8840.971292
855.9296,250,8854.011445
789.67645,250,8856.045794
705.4718,250,8860.466726
590.18146,250,8861.906818
837.71313,250,8874.921479
590.83905,250,8876.932929
517.81665,250,8881.286729
820.7915,250,8882.71502
848.3391,250,8895.592762
324.46115,250,8897.567836
854.983,250,8901.877513
503.22363,250,8903.267466
831.8169,250,8982.203046
763.94336,250,8984.077499
507.40515,250,8988.160024
835.5908,250,8989.53666
450.48926,250,9002.48665
823.3196,250,9004.473629
774.9984,250,9008.866562
720.8096,250,9010.3111
893.5683,250,9023.262243
670.67377,250,9025.216724
514.03577,250,9029.474889
553.4926,250,9030.874053
888.2783,250,9043.782553
786.86084,250,9045.839467
785.2433,250,9050.103728
696.87494,250,9051.522412
735.12524,250,9064.533035
838.5104,250,9066.486437
700.6331,250,9070.87813
702.29364,237,9071.21083
825.42114,250,9085.3521
742.4647,250,9087.36574
465.79013,250,9091.677168
863.6377,250,9092.034504
871.99713,250,9105.632754
251.84856,248,9107.384198
767.31366,250,9111.624595
588.7131,250,9111.963336
810.7797,250,9125.307542
836.2519,250,9127.032961
567.74054,250,9131.288221
859.70605,250,9131.623448
473.3793,250,9145.109373
772.7905,250,9209.811975
856.6756,250,9214.14701
621.31006,250,9214.48875
618.11816,250,9228.59917
674.9175,250,9230.395225
778.0501,250,9234.817145
747.6178,250,9235.174459
407.4633,250,9248.714384
520.6887,250,9250.518336
560.19434,250,9254.834378
674.3028,250,9255.17106
300.67447,250,9268.698601
925.3002,187,9269.734396
799.99884,250,9270.468688
889.5824,250,9275.079075
829.8233,250,9288.768511
494.59476,250,9289.849151
695.9851,250,9290.591868
665.623,250,9295.181702
918.0008,205,9306.584991
694.11633,250,9309.253399
519.35223,250,9311.077803
888.971,250,9315.762164
654.77686,250,9326.802162
840.7387,250,9329.390345
646.22266,250,9331.1726
886.8823,250,9335.760431
381.72852,250,9346.780304
842.856,250,9349.343222
474.13342,250,9351.106239
510.52356,250,9355.648759
772.2625,250,9366.643865
603.41956,250,9369.18758
869.38544,250,9370.93265
896.7183,250,9437.953836
889.54706,250,9449.291894
864.1403,250,9451.971736
846.5633,250,9453.785758
615.1163,250,9458.528125
689.28436,250,9469.524713
787.5941,250,9472.070888
815.4932,250,9473.858193
896.7517,250,9478.511911
857.5153,250,9489.587611
501.12457,250,9492.169023
815.7062,250,9493.915665
699.3186,250,9498.495195
879.65845,250,9509.357926
245.5885,250,9511.943846
838.92975,250,9514.859217
377.5645,250,9522.54182
563.0408,250,9541.15316
845.2542,250,9547.109614
820.00024,250,9548.94576
453.79794,250,9553.853142
846.994,250,9565.299968
512.42554,250,9568.027308
744.4425,250,9569.810803
798.1828,250,9574.525299
917.8987,206,9584.800199
852.85956,250,9585.774912
870.80206,250,9590.066268
868.6418,250,9594.798419
599.6808,250,9604.867621
543.56195,250,9605.850864
875.86237,250,9610.148042
867.506,250,9614.703227
590.184,250,9690.041168
666.8895,250,9691.011494
811.56323,250,9695.266033
677.1064,250,9699.838307
855.389,250,9709.876724
808.1611,250,9710.847377
619.59564,250,9715.158719
782.5498,250,9719.814839
804.91516,250,9729.839693
788.51227,250,9730.813912
925.1984,187,9734.731146
764.3077,250,9735.152301
591.3155,250,9749.911798
641.1329,250,9750.885839
728.9458,250,9754.835106
651.67737,250,9755.261197
799.9991,250,9770.293282
638.562,250,9771.319935
304.68338,250,9775.404636
866.88763,250,9775.851718
811.1831,250,9790.755221
584.36456,250,9791.759299
582.92456,250,9795.625774
724.9155,250,9796.032934
523.6569,250,9810.552625
574.82336,250,9811.507224
668.4537,250,9815.475294
772.0524,250,9815.898416
668.6801,250,9830.591644
293.3934,250,9831.585881
827.3929,250,9835.468949
688.27203,250,9835.89502
608.5884,250,9915.474508
772.7914,250,9916.421768
858.174,250,9920.33634
498.72412,250,9920.75848
855.01434,250,9935.333399
378.1027,250,9936.283117
779.119,250,9940.154106
699.3305,250,9940.575253
569.1422,250,9954.819608
833.8815,250,9955.784234
839.28406,250,9959.677576
418.9002,250,9960.097704
560.15594,250,9974.673852
517.4476,250,9975.644051
798.1829,250,9979.511128
839.1884,250,9979.926751
863.81464,250,9994.929539
618.8611,250,9995.950024
856.2268,250,9999.929769
888.67676,250,10000.354916
177.77791,250,10015.021969
900.9992,248,10015.884712
795.8305,250,10019.905658
555.94855,250,10020.318796
579.1781,250,10034.804238
530.432,250,10035.619401
921.499,197,10035.854953
734.45966,250,10039.646808
847.55133,250,10054.470788
833.8233,250,10055.267942
430.82257,250,10055.523018
729.0901,250,10059.333596
308.23987,250,10138.257244
863.696,250,10139.060409
206.25029,250,10139.308504
634.6257,250,10143.142556
853.1221,250,10158.116894
792.6153,250,10158.936644
700.69934,250,10159.187801
699.30756,250,10162.938821
858.47546,250,10178.185383
745.3582,250,10179.002
863.6367,250,10179.253617
580.1444,250,10183.065138
882.20306,250,10198.099314
651.33636,250,10198.915521
785.9917,250,10199.154071
884.372,250,10202.942667
866.6653,250,10218.362465
644.7532,250,10219.228855
838.7732,250,10219.497516
544.97003,250,10223.441601
688.92444,250,10238.56733
845.2544,250,10239.397522
214.81485,250,10239.659062
684.766,250,10243.438356
667.5158,250,10258.594817
611.8618,250,10259.410078
878.9476,250,10259.676622
657.89276,250,10263.474433
882.20306,250,10278.509295
872.3919,250,10279.317484
634.54675,250,10279.575051
819.84595,250,10283.390857
612.8691,250,10298.833296
565.6158,250,10299.699363
718.18054,250,10299.975549
629.16406,250,10367.334431
821.5672,250,10382.370718
882.142,250,10383.173933
799.9982,250,10383.426958
843.6618,250,10387.193179
818.6418,250,10402.006713
847.3657,250,10402.810028
624.13885,250,10403.067581
866.9114,250,10406.835212
925.6999,186,10417.43143
863.09937,250,10421.696907
830.90906,250,10422.751259
893.5051,250,10426.527241
859.7054,250,10437.592212
719.9358,250,10442.068581
848.7164,250,10443.14104
788.11053,250,10447.08729
819.19,250,10457.9348
445.77512,250,10462.22127
830.40204,250,10463.263419
699.2803,250,10467.065138
826.0437,250,10477.777544
412.98746,250,10482.051704
779.59644,250,10483.105488
831.26935,250,10486.861721
888.9695,250,10497.448329
594.7345,250,10501.663979
868.64124,250,10502.69065
847.9147,250,10506.487856
685.23553,250,10517.46522
871.72876,250,10521.938513
351.52914,238,10522.024039
460.69397,250,10526.994074
691.7959,250,10600.46769
678.52405,250,10604.752682
375.47253,250,10604.842198
799.66315,250,10609.551364
879.38074,250,10620.216287
777.2544,250,10624.529511
865.90826,250,10624.625118
714.5676,250,10629.364012
817.5237,250,10640.26331
727.99744,250,10644.486088
794.9128,250,10644.586598
788.0294,250,10649.345297
792.0627,250,10660.385169
809.67773,250,10664.889814
676.3555,250,10664.984332
851.5139,250,10669.925002
710.2171,250,10680.766695
758.89435,250,10685.027072
867.5309,250,10685.127589
523.23975,250,10689.875878
847.36584,250,10700.432971
799.19116,250,10704.605212
855.38904,250,10704.691217
886.3925,250,10709.40244
545.9113,250,10720.073033
812.5875,250,10724.289906
889.9987,250,10724.380445
467.115,250,10729.093702
815.1918,250,10740.06682
750.64746,250,10744.601898
763.797,250,10744.706419
862.06995,250,10749.663923
851.1398,250,10823.095216
825.2637,250,10827.343444
836.36273,250,10827.440958
316.95023,250,10832.225521
679.502,250,10842.790362
885.3468,250,10847.07283
802.5242,250,10847.162348
877.6942,250,10851.947318
474.4692,250,10862.833144
844.82764,250,10867.192483
865.5171,250,10867.285001
773.0641,250,10872.090206
674.2935,250,10883.11898
893.4626,250,10887.592059
765.1303,250,10887.696579
841.1734,250,10892.625313
853.8451,250,10903.563453
652.40955,250,10907.952632
689.6419,250,10908.043149
781.03894,250,10912.790576
585.31226,250,10923.54603
443.75116,250,10927.867991
396.68918,250,10927.963505
855.6307,250,10932.726987
840.6228,250,10943.720646
725.80725,250,10948.074689
885.29297,250,10948.1782
549.5732,250,10952.984303
652.5397,250,10963.935469
906.8004,233,10967.077876
701.80255,250,10968.421916
815.4924,250,10973.398994
470.06375,250,11046.808667
647.253,250,11049.901682
886.70917,250,11051.173443
630.65094,250,11056.101667
737.92004,250,11066.933329
718.7684,250,11069.974097
756.62805,250,11071.438391
856.0425,250,11076.418654
847.0393,250,11087.307253
766.2195,250,11090.369666
632.73346,250,11091.677511
823.0755,250,11096.450535
836.0884,250,11107.427751
583.2306,250,11110.600126
826.3144,250,11111.971746
794.1966,250,11117.019138
666.7703,250,11127.850396
836.8019,250,11130.882756
564.5138,250,11132.199833
648.5021,250,11137.099452
882.69586,250,11147.786791
855.6968,250,11150.745519
862.02295,250,11152.061769
638.459,250,11156.79919
537.6312,250,11167.375335
840.5197,250,11170.326069
716.0891,250,11171.581896
848.7167,250,11176.385998
747.51605,250,11187.219578
804.604,250,11190.378162
903.79724,241,11190.951658
829.25916,250,11196.763923
880.45544,250,11207.740737
817.6832,250,11273.700499
580.12213,250,11274.296598
739.4145,250,11279.800333
720.14374,250,11290.526983
851.38745,250,11293.508817
889.00977,250,11294.06497
893.4624,250,11299.564909
826.19855,250,11310.288827
631.44635,250,11313.308244
400.00055,250,11313.876352
728.3834,250,11319.382338
801.27295,250,11330.343469
691.66437,250,11333.534082
876.28174,250,11334.13955
598.36084,250,11339.907968
700.72235,250,11350.689602
850.81683,250,11353.716375
857.7907,250,11354.276473
715.3292,250,11359.738171
733.88477,250,11370.377125
630.33484,250,11373.384723
424.91776,250,11373.947369
832.43274,250,11379.493018
446.62402,250,11390.315429
783.9594,250,11393.375406
884.3249,250,11393.964496
730.619,250,11399.510746
677.0252,250,11410.452623
865.0338,250,11413.624075
864.51605,250,11414.23119
849.66254,250,11419.979122
737.9202,250,11430.822741
768.96484,250,11433.814811
853.4857,250,11434.382189
827.79614,250,11502.509182
832.90424,250,11513.200411
874.7262,250,11516.234071
823.91113,250,11516.806197
823.5867,250,11522.353333
452.63193,250,11533.328993
587.6977,250,11536.306827
842.6493,250,11536.871408
875.7756,250,11542.369298
468.70325,250,11553.432856
840.29803,250,11556.606812
477.05008,250,11557.204104
411.9461,250,11563.089737
561.0143,250,11574.03846
863.30096,250,11577.038168
810.714,250,11577.611315
651.8253,250,11583.095946
876.09265,250,11593.826956
624.49023,250,11596.836364
766.438,250,11597.415483
840.7085,250,11602.96695
785.8116,250,11613.768873
619.47095,250,11616.797082
470.55228,250,11617.378203
649.1733,250,11622.940143
582.1684,250,11633.779916
868.53046,250,11636.931947
548.6462,250,11637.557288
820.412,250,11643.320427
925.89856,186,11649.149963
810.21655,250,11657.278044
788.4435,250,11657.860226
518.51746,250,11663.354606
580.4481,250,11731.536445
509.8369,250,11739.669381
847.7356,250,11740.245496
861.4135,250,11745.760455
699.9998,250,11751.408585
656.6649,250,11759.475961
665.47064,250,11760.027071
629.45215,250,11765.521554
828.5686,250,11771.127589
796.55133,250,11779.482694
685.0148,250,11780.086902
852.5686,250,11785.894282
831.03467,250,11791.783945
549.0683,250,11799.898236
703.5707,250,11800.468329
835.3625,250,11805.996268
662.5878,250,11811.581957
889.76025,250,11819.618315
879.7543,250,11820.198423
872.87897,250,11825.73489
835.1525,250,11831.412423
920.09937,200,11835.592351
802.6831,250,11840.105563
867.7392,250,11845.649367
867.3908,250,11851.36686
740.4262,250,11855.702232
551.6523,250,11860.503006
793.6871,250,11866.429941
483.99942,250,11872.336487
853.4144,250,11876.538421
749.6731,250,11881.129548
714.2867,250,11886.767072
662.58813,250,11955.559655
740.4908,250,11959.751828
782.97815,250,11964.330208
378.52808,250,11969.99526
841.5794,250,11975.789802
532.2568,250,11979.897246
622.03125,250,11984.477831
660.12286,250,11990.041144
923.5986,191,11991.020892
923.70166,191,11999.812986
835.89557,250,12000.00304
824.5872,250,12010.386584
649.998,250,12011.397993
576.25665,250,12020.137148
810.15326,250,12020.323238
773.5607,250,12030.388196
722.1477,250,12031.356655
783.8037,250,12039.95927
699.9984,250,12040.126294
568.8967,250,12050.114685
634.7641,250,12051.07988
800.6854,250,12059.710828
874.90753,250,12059.890859
777.13184,250,12069.912629
806.6118,250,12070.881932
734.4584,250,12079.69958
768.58875,250,12079.885277
855.4792,250,12090.330763
825.77826,250,12091.354185
838.5657,250,12100.031428
823.0753,250,12100.210451
831.1584,250,12110.292475
807.14233,250,12111.264175
676.1168,250,12183.133253
896.2249,250,12183.308305
763.9441,250,12193.506306
869.3462,250,12194.502484
858.18835,250,12203.222161
758.93384,250,12203.3962
638.9939,250,12213.462507
860.14343,250,12214.432655
659.31964,250,12223.275394
840.51965,250,12223.462914
809.7198,250,12233.997149
608.1818,250,12234.991542
648.2769,250,12243.920419
606.3954,250,12244.101449
776.3633,250,12254.125608
698.6804,250,12255.077423
810.59485,250,12263.590708
867.96814,250,12263.755222
788.45966,250,12273.731193
876.8328,250,12274.722374
876.10846,250,12283.394338
478.94794,250,12283.602932
863.23413,250,12293.879849
492.81522,250,12294.866012
602.96814,250,12303.528513
590.2335,250,12303.713529
920.4,199,12309.970167
817.5242,250,12315.289693
861.5383,250,12324.184792
803.11127,250,12324.366854
642.3293,250,12330.464637
517.089,250,12335.501618
798.1118,250,12344.1527
787.7529,250,12344.326802
696.77277,250,12413.518657
378.6002,250,12418.44325
666.099,250,12427.07129
820.0002,250,12427.247347
825.924,250,12433.247193
814.5877,250,12438.214622
761.4842,250,12446.929617
885.86316,250,12447.118658
926.90125,183,12447.843084
746.68976,250,12458.643029
799.99854,250,12467.424707
516.4848,250,12467.611762
667.6036,250,12468.333534
877.19824,250,12478.669696
529.1361,250,12487.327275
872.6954,250,12487.513791
864.5395,250,12488.248755
838.70917,250,12498.519271
824.9978,250,12507.233841
640.9832,250,12507.405353
812.72675,250,12508.11598
858.9036,250,12518.318086
865.3948,250,12527.168635
717.58746,250,12527.355685
805.5938,250,12528.114456
832.32947,250,12538.896252
834.86383,250,12547.641399
558.75214,250,12547.82597
758.5854,250,12548.549116
627.2703,250,12558.927316
747.619,250,12567.613208
766.66547,250,12567.798256
674.54407,250,12568.52787
795.62177,250,12642.304085
426.31686,250,12651.039356
671.42615,250,12651.215957
592.0616,250,12651.947178
552.86505,250,12662.222155
877.60986,250,12671.036017
859.7055,250,12671.209628
837.72766,250,12671.974859
831.0338,250,12682.748889
880.23474,250,12691.482615
814.9633,250,12691.665638
846.126,250,12692.375284
923.3987,192,12697.989317
831.5583,250,12711.233441
798.60004,250,12711.413486
479.50656,250,12712.151676
775.939,250,12717.832297
724.1368,250,12731.179622
813.35474,250,12731.355662
572.02545,250,12732.104302
553.70795,250,12737.746595
872.2196,250,12751.043993
800.6615,250,12751.224044
889.16675,250,12751.959355
807.80096,250,12757.908444
905.799,236,12771.448674
589.3204,250,12771.723221
300.00085,250,12771.901294
797.7615,250,12778.318917
823.84045,250,12791.349339
470.8958,250,12791.612903
628.7565,250,12791.786942
925.7995,186,12793.11356
849.6639,250,12874.740156
817.8086,250,12875.022486
846.8731,250,12875.22268
793.8891,250,12876.66275
331.61166,250,12894.987201
879.45197,250,12895.251793
791.15393,250,12895.442353
877.4407,250,12896.823836
919.2997,202,12911.777028
896.1379,250,12915.327208
665.51575,250,12915.741261
847.1828,250,12917.101569
832.6575,250,12931.649551
691.9687,250,12935.200577
821.5675,250,12935.620647
644.2621,250,12936.969966
892.80554,250,12951.468322
639.54767,250,12955.01304
853.3322,250,12955.421134
855.7192,250,12956.767117
813.33246,250,12971.546262
917.30084,207,12973.515762
574.5737,250,12975.228704
735.0522,250,12975.649832
922.5986,194,12990.965599
874.3576,250,12991.926265
774.9992,250,12993.888843
771.7111,250,12996.020034
875.08594,250,13011.687391
722.69366,250,13012.603788
695.2516,250,13014.571108
730.3885,250,13016.726238
852.9767,250,13097.997484
817.0099,250,13098.867981
798.69165,250,13100.793962
853.0191,250,13102.874682
923.39966,192,13116.217524
721.5463,250,13118.073961
693.6512,250,13118.98262
520.5883,250,13123.14561
878.3363,250,13136.839973
869.4171,250,13138.763018
832.43176,250,13139.695994
787.27203,250,13143.732639
845.0158,250,13157.317801
928.9996,178,13158.297678
857.69,250,13159.198457
834.7812,250,13160.10417
912.9003,218,13176.292138
847.91455,250,13177.94398
849.4923,250,13179.871137
732.1925,250,13180.79601
831.81683,250,13196.980152
602.70026,250,13198.64057
791.3716,250,13200.559714
725.4533,250,13201.490515
929.1003,178,13216.007634
850.2052,250,13217.514754
825.92346,250,13219.156096
885.01733,250,13221.059519
638.5603,250,13236.708655
850.7042,250,13238.221635
855.55524,250,13239.901969
685.2325,250,13241.804166
885.1294,250,13257.372746
878.8727,250,13258.896096
599.6984,250,13260.562397
824.9982,250,13262.472298
856.3737,250,13343.329755
860.5706,250,13344.781739
628.3953,250,13346.37204
792.0861,250,13348.236816
841.17505,250,13363.863641
749.2642,250,13365.369845
754.489,250,13367.025444
908.0002,230,13367.291006
919.5003,202,13381.198047
812.586,250,13383.552516
827.2008,250,13386.550694
851.8506,250,13386.801736
926.99994,183,13397.998655
886.92694,250,13400.929596
493.2215,250,13406.361973
885.9156,250,13406.623023
888.76276,250,13417.756136
729.92926,250,13420.619556
816.96466,250,13425.994483
505.44275,250,13426.254509
837.4974,250,13437.954545
781.8177,250,13441.057004
621.4266,250,13446.662638
588.30896,250,13446.932232
858.3322,250,13458.20643
851.04785,250,13461.147722
683.0509,250,13466.510985
782.7593,250,13466.767013
848.2758,250,13477.923662
808.7819,250,13480.833153
859.558,250,13486.245451
641.2566,250,13486.490002
833.54553,250,13561.452025
889.1667,250,13564.380896
850.7039,250,13569.80893
447.5419,250,13570.072503
851.4555,250,13581.732927
812.45605,250,13584.842722
814.6743,250,13590.422118
889.5096,250,13590.68373
828.32697,250,13601.81808
914.09894,215,13601.984132
727.2059,250,13610.151965
620.2573,250,13610.409544
815.4923,250,13621.583764
731.08014,250,13621.767277
682.0066,250,13629.919357
775.86273,250,13630.179898
444.4849,250,13641.386351
864.788,250,13641.566872
693.91797,250,13649.765031
881.47943,250,13650.018583
684.0527,250,13661.767448
325.92706,250,13661.964609
872.5614,250,13670.556431
692.87994,250,13670.810021
793.0019,250,13682.089553
753.419,250,13682.274601
825.80597,250,13690.465827
698.58417,250,13690.711436
733.9324,250,13701.877805
788.8863,250,13702.069833
813.9757,250,13710.23878
896.13776,250,13710.492848
692.9927,250,13721.81468
757.1413,250,13721.993194
783.01715,250,13794.087296
849.1501,250,13794.339319
877.18567,250,13806.023232
718.1815,250,13806.22337
851.1263,250,13814.724928
630.159,250,13814.9925
721.1913,250,13826.213477
828.1028,250,13826.391525
797.6093,250,13834.557635
862.5452,250,13834.805205
878.8732,250,13845.994426
791.2276,250,13846.174949
902.7975,243,13853.975096
858.33093,250,13854.311224
807.05005,250,13866.04405
599.3679,250,13866.225095
418.5192,250,13874.145723
722.7402,250,13874.476272
872.5069,250,13886.237619
629.82245,250,13886.426683
873.38336,250,13894.558685
803.7781,250,13894.905297
572.2949,250,13906.547142
781.35376,250,13906.732168
546.342,250,13914.716543
429.41275,250,13915.061673
826.57245,250,13926.579025
821.87274,250,13926.759059
586.4662,250,13934.58587
867.39154,250,13934.933466
664.9006,250,13946.465266
415.15265,250,13946.640314
836.66504,250,14018.375322
661.36194,250,14018.709951
917.3001,207,14027.031559
632.7045,250,14030.840465
617.79095,250,14039.108541
560.31665,250,14039.457192
853.4143,250,14047.56985
787.8185,250,14051.109662
875.7757,250,14058.918157
860.43164,250,14059.254784
821.23193,250,14067.350431
663.07666,250,14070.938311
906.09753,235,14077.864276
826.4188,250,14078.750964
775.4076,250,14087.063215
696.4892,250,14090.635101
914.0987,215,14094.831802
697.33923,250,14098.493617
406.36987,250,14107.207727
683.5798,250,14110.982286
747.56134,250,14115.399618
871.52673,250,14119.240453
807.6428,250,14127.721769
742.44214,250,14131.363333
850.1655,250,14135.661519
814.6736,250,14139.382733
601.94794,250,14148.010185
650.809,250,14151.564031
692.3844,250,14155.783442
910.9982,223,14157.32202
646.07983,250,14167.96394
855.26843,250,14174.070413
708.66406,250,14181.283895
830.23,250,14183.905885
585.97437,250,14270.152784
893.0764,250,14273.88611
777.6974,250,14278.30763
471.87613,250,14279.83692
882.014,250,14290.806364
336.1711,250,14294.448291
892.5357,250,14298.674164
696.42914,250,14300.196004
864.285,250,14310.763308
794.0384,250,14314.39096
590.85236,250,14318.604347
753.503,250,14320.142159
778.5917,250,14330.676666
300.68576,250,14334.24514
811.7628,250,14338.460155
765.723,250,14339.935037
787.241,250,14350.795698
731.12585,250,14354.613901
706.68964,250,14358.993003
746.93835,250,14360.552044
892.5357,250,14371.176998
785.4947,250,14374.701986
874.1697,250,14378.847313
836.841,250,14380.370846
836.39307,250,14390.851295
805.08276,250,14394.427347
686.2063,250,14398.60129
721.19037,250,14400.146078
859.4092,250,14410.672112
865.98413,250,14414.278757
822.25885,250,14418.486285
802.59644,250,14420.01258
918.8991,203,14492.806998
619.59216,250,14500.125136
874.99976,250,14504.338839
862.40344,250,14505.860573
406.25116,250,14512.760732
848.14667,250,14520.085777
874.17053,250,14524.326861
759.5878,250,14525.843498
692.2074,250,14532.628547
815.32043,250,14539.898958
616.61206,250,14544.1617
370.58936,250,14545.666586
835.81146,250,14552.485221
854.1971,250,14559.783555
493.65155,250,14564.075142
859.25757,250,14565.623505
880.13245,250,14572.571907
545.0483,250,14580.119532
876.26886,250,14584.475583
599.656,250,14586.052345
691.8194,250,14593.039107
596.66656,250,14600.375862
838.1423,250,14604.591691
733.3311,250,14606.108566
669.22955,250,14612.990095
853.3322,250,14620.233505
835.3602,250,14624.422645
685.712,250,14625.942999
743.06635,250,14632.703169
864.911,250,14640.019298
781.35474,250,14644.285644
878.8729,250,14645.803464
661.9024,250,14652.895261
714.5696,250,14726.315319
736.7964,250,14730.54012
593.2515,250,14732.072886
779.56134,250,14738.839922
753.3831,250,14746.227391
324.92114,250,14750.469852
695.8461,250,14751.995739
869.1778,250,14758.834875
834.9313,250,14766.285293
835.69006,250,14770.625337
624.5875,250,14772.161136
462.85788,250,14779.058579
599.6889,250,14786.27396
396.667,250,14790.477859
519.609,250,14792.001163
834.3616,250,14798.914069
617.60516,250,14806.537817
820.1368,250,14810.957012
602.9705,250,14812.51071
762.1882,250,14819.285795
846.4999,250,14826.519367
828.8226,250,14830.733366
835.9968,250,14832.254772
624.58734,250,14839.075596
780.7006,250,14846.381248
408.89774,250,14850.640403
905.7975,236,14851.03946
762.2923,250,14858.972158
659.0765,250,14866.303178
722.9164,250,14870.572722
690.623,250,14870.996777
825.7925,250,14879.038206
817.762,250,14886.652459
539.4561,250,14955.901542
731.5005,250,14956.311678
681.14276,250,14964.166861
782.1524,250,14971.479988
797.0592,250,14975.66107
850.1912,250,14976.082212
383.22266,250,14984.021595
839.5955,250,14991.383673
764.66077,250,14995.60085
635.5936,250,14996.009939
873.68335,250,15003.92833
856.5192,250,15011.278877
633.119,250,15015.521014
405.12015,250,15015.947068
722.1458,250,15024.048962
656.6665,250,15031.605845
766.9212,250,15036.055181
339.8741,250,15036.482931
781.5339,250,15044.451706
855.82306,250,15051.649853
849.99786,250,15055.856298
669.47833,250,15056.263463
561.9212,250,15064.277377
486.88614,250,15071.695011
358.8614,250,15076.002893
649.17285,250,15076.406954
446.03226,250,15084.285411
698.5067,250,15091.507511
877.27155,250,15095.716658
760.80426,250,15096.128723
823.95496,250,15104.130859
671.125,250,15111.635334
287.20645,250,15180.734424
410.38638,250,15181.16112
639.72394,250,15188.983221
718.4806,250,15196.273762
860.0,250,15200.462185
578.96466,250,15200.873825
610.5243,250,15208.963819
316.12982,250,15216.352141
449.81625,250,15220.619684
234.3661,250,15221.035833
803.4492,250,15229.023595
547.4341,250,15236.391193
671.7385,250,15240.60508
781.0388,250,15241.019126
883.3864,250,15249.131571
678.1697,250,15256.76217
523.2862,250,15261.227951
816.1056,250,15261.654256
825.32385,250,15269.750015
872.9716,250,15277.083137
532.65283,250,15281.351181
648.25085,250,15281.781236
500.6484,250,15289.763649
719.18726,250,15297.219908
729.9999,250,15301.525409
460.74884,250,15301.947467
640.38403,250,15309.998769
774.1927,250,15317.338173
462.6923,250,15321.545047
842.0275,250,15321.95921
888.59265,250,15329.923707
631.88434,250,15337.545626
852.93854,250,15341.955093
845.1609,250,15342.397171
202.46986,250,15414.730864
474.75192,250,15422.085358
779.1938,250,15426.282883
691.97144,250,15426.693993
864.28485,250,15434.628337
838.7735,250,15442.014052
755.173,250,15446.309458
674.508,250,15446.74252
527.9765,250,15454.916106
599.9993,250,15462.323557
817.60315,250,15466.623963
880.5819,250,15467.032123
777.9647,250,15475.111505
628.6585,250,15482.71022
649.1741,250,15487.080833
793.535,250,15487.518524
554.20624,250,15495.722548
373.49948,250,15503.041303
640.34906,250,15507.289214
852.2174,250,15507.730795
567.70123,250,15515.708032
875.90265,250,15523.03808
640.86096,250,15527.296064
782.9774,250,15527.706619
323.67715,250,15535.770668
882.69586,250,15543.131864
389.43723,250,15547.398752
403.52155,250,15547.823505
839.79706,250,15555.969103
763.0564,250,15563.595303
566.66406,250,15567.980845
654.3251,250,15568.40197
558.36255,250,15640.875652
509.5895,250,15648.206096
300.66296,250,15652.417611
322.53595,250,15652.844243
755.705,250,15660.758274
667.124,250,15667.993005
525.0009,250,15672.228819
786.11816,250,15672.6519
749.31604,250,15680.648001
766.4391,250,15688.110832
687.5435,250,15692.326288
336.70956,250,15692.746942
561.9209,250,15700.753056
537.01135,250,15708.333214
772.48145,250,15712.679686
870.9095,250,15713.098821
749.42126,250,15721.223538
792.718,250,15728.645919
580.5979,250,15732.882958
622.7702,250,15733.295025
844.4444,250,15741.181568
797.3395,250,15748.483552
422.035,250,15752.733968
860.99146,250,15753.155673
786.445,250,15761.081161
834.70605,250,15768.525012
330.42136,250,15772.838447
321.05328,250,15773.258188
805.7967,250,15781.324943
747.3262,250,15788.782182
804.2538,250,15793.246341
423.95288,250,15793.672974
753.81775,250,15801.731552
552.45636,250,15874.780401
788.08606,250,15879.025433
657.78485,250,15879.446708
812.1617,250,15887.427301
781.7198,250,15894.805248
645.0984,250,15899.058867
836.02466,250,15899.476948
729.2678,250,15907.53445
382.65076,250,15914.988217
499.31558,250,15919.185187
342.10587,250,15919.592335
565.4106,250,15927.553041
379.86664,250,15934.97094
867.3896,250,15939.381254
676.0235,250,15939.811363
719.1895,250,15947.741223
884.7902,250,15954.984934
721.54755,250,15959.204861
819.8471,250,15959.614927
697.8316,250,15967.524034
505.36353,250,15974.75283
627.2708,250,15978.975008
790.50995,250,15979.380606
836.45374,250,15987.243699
838.3568,250,15994.500559
798.5495,250,15998.667979
520.33984,250,15999.085604
477.85565,250,16007.106866
765.7715,250,16014.535845
123.7772,250,16018.864462
368.75116,250,16019.305152
804.5934,250,16027.317576
630.89435,250,16099.35232
311.2161,250,16103.668449
687.54584,250,16104.114515
653.08636,250,16112.071528
751.612,250,16119.402559
576.76843,250,16123.593544
504.57394,250,16124.001596
481.63358,250,16132.025508
486.10397,250,16139.328623
756.6278,250,16143.514305
699.3293,250,16143.938374
789.9347,250,16152.115415
653.37634,250,16159.56168
423.8099,250,16163.948579
673.0502,250,16164.375767
727.4638,250,16172.408623
621.01434,250,16179.745338
707.9462,250,16183.997779
561.4915,250,16184.424915
732.2133,250,16192.337145
709.3638,250,16199.625369
239.04202,250,16203.752365
768.21625,250,16204.161484
785.24286,250,16212.103882
651.72516,250,16219.395644
869.22845,250,16223.612507
626.70807,250,16224.047577
415.15207,250,16231.961384
438.7329,250,16239.463253
643.1891,250,16243.909459
685.7117,250,16244.332916
494.5027,250,16252.453211
706.1198,250,16259.818711
906.39923,234,16262.78283
374.02652,250,16328.744447
226.22008,250,16336.643641
184.24762,250,16343.874927
195.73236,250,16346.875547
465.21786,250,16348.488856
334.02887,250,16356.405225
217.85814,250,16363.64106
223.33429,250,16366.58033
152.96548,250,16368.355903
141.63649,250,16376.396496
46.57953,250,16383.589494
56.996475,250,16386.5876
104.947556,250,16388.320357
245.7255,250,16396.141523
35.23104,250,16403.204296
89.27488,250,16406.046458
200.36731,250,16407.739425
419.23117,250,16415.73097
252.16025,250,16422.981864
534.6862,250,16425.875012
225.51363,250,16427.544927
154.61362,250,16435.313117
205.55661,250,16442.617568
96.552315,250,16445.533176
135.91624,250,16447.231591
258.69653,250,16455.273231
196.42967,250,16462.621709
98.2512,250,16465.649402
81.52885,250,16467.395613
322.8192,250,16475.493811
142.21576,250,16482.851368
271.42953,250,16485.849347
341.47223,250,16487.644179
121.51945,250,16559.641706
97.080826,250,16566.722566
54.362206,250,16569.677799
187.72021,250,16571.32779
226.73315,250,16579.064303
666.0369,250,16586.135185
161.81926,250,16588.948818
184.21141,250,16590.598533
96.0789,250,16598.458139
291.30527,250,16605.885751
405.05164,250,16608.939623
209.09189,250,16610.636669
91.638054,250,16618.567937
54.881966,250,16625.781527
296.72226,250,16628.736577
164.88179,250,16630.437414
363.4148,250,16638.200301
410.7149,250,16645.355031
421.8865,250,16648.239789
87.7259,250,16649.905208
135.95625,250,16657.675347
203.75523,250,16664.914596
421.58325,250,16667.853377
326.175,250,16669.53972
491.33188,250,16677.381174
96.82591,250,16684.785232
428.95837,250,16687.859684
-42.307735,250,16689.592974
190.42915,250,16697.765002
146.42857,250,16705.060392
359.55966,250,16707.997636
210.71515,250,16709.722578
448.2766,250,16781.54669
184.84912,250,16788.773239
77.25773,250,16791.65206
98.53009,250,16793.290254
300.79477,250,16801.149044
245.51587,250,16808.240391
347.36926,250,16811.080747
138.97174,250,16812.703591
287.62305,250,16820.640813
366.16656,250,16828.078807
355.19827,250,16831.101373
207.40862,250,16832.82214
94.26794,250,16840.847472
242.00848,250,16847.827395
322.9258,250,16850.669582
146.00743,250,16852.322376
269.4789,250,16860.099873
263.35513,250,16867.264408
286.886,250,16870.199547
245.32486,250,16871.857949
77.12187,250,16879.689214
290.8801,250,16886.831649
390.27295,250,16889.781319
316.6668,250,16891.45163
307.01794,250,16899.381923
257.4154,250,16906.808631
102.29073,250,16909.830667
436.29135,250,16911.552021
244.53879,250,16919.592235
274.21448,250,16926.914368
603.4465,250,16929.824226
296.87613,250,16931.497867
197.29825,250,16939.312234
