#{"t_start": 1701049036.8927283, "env_id": "None"}
r,l,t
-11.032004,250,41.995401
-54.802353,250,41.995401
-51.049007,250,41.995401
-60.39615,250,41.995401
-65.94437,250,80.688795
-57.516468,250,80.688795
-66.21631,250,80.688795
-41.422596,250,80.688795
-29.999977,250,102.688367
-55.47952,250,102.688367
-24.460384,250,102.688367
-70.29716,250,102.688367
-28.338726,250,123.334758
-42.028976,250,123.334758
-36.305737,250,123.334758
-63.899014,250,123.334758
-16.349766,250,144.86122
-19.707996,250,144.862219
-40.76657,250,144.862219
-12.213741,250,144.862219
-19.298231,250,166.174473
-32.692272,250,166.174473
-52.02956,250,166.174473
-30.693024,250,166.174473
-36.10221,250,186.127086
-49.640316,250,186.127086
-28.358173,250,186.127086
-36.507954,250,186.127086
-55.056248,250,206.62071
-36.802948,250,206.62071
-39.849598,250,206.62071
-27.899637,250,206.62071
-46.236557,250,311.350983
-48.979656,250,311.351982
-63.57625,250,311.351982
-46.127968,250,311.351982
-36.666645,250,334.249074
-26.470625,250,334.249074
-22.261417,250,334.249074
-19.093819,250,334.249074
-78.12515,250,358.370181
-59.322117,250,358.370181
-16.388006,250,358.370181
-53.020172,250,358.370181
-37.931038,250,382.040132
-34.78259,250,382.040132
-26.315718,250,382.040132
-73.064095,250,382.040132
-62.83794,250,406.359007
-56.33192,250,406.359007
-81.19138,250,406.359007
-52.86198,250,406.359007
-21.311432,250,426.901312
-67.971634,250,426.901312
-47.791176,250,426.901312
-52.55477,250,426.901312
13.20738,250,448.370928
-15.492982,250,448.370928
-63.934536,250,448.370928
-16.058409,250,448.370928
-30.817556,250,472.321846
-62.84838,250,472.321846
-60.132957,250,472.321846
-35.89741,250,472.321846
-52.205914,250,570.937629
-31.740551,250,570.938633
11.510811,250,570.938633
-66.29222,250,570.938633
-48.096924,250,594.417543
-53.900753,250,594.417543
-72.60286,250,594.417543
-9.395917,250,594.417543
-136.39401,189,610.481722
-148.05365,228,613.551154
-65.63583,250,615.359749
-59.876606,250,615.359749
-25.795103,250,630.790099
-54.0984,250,634.365829
-57.928856,250,636.663415
22.562431,250,636.663415
101.49282,250,652.93053
-26.315838,250,656.382516
-74.72937,250,658.232107
-60.573544,250,658.233116
-60.00007,250,674.075041
-25.196814,250,677.771886
-65.90918,250,679.742692
-71.875114,250,679.742692
-73.422066,250,697.463036
-1.6948599,250,701.425124
-14.39692,250,703.685041
-18.831165,250,703.685041
-64.70597,250,721.313411
-52.076717,250,724.930612
-44.029873,250,726.821314
-1.1408278,250,726.821314
-74.52242,250,813.387022
-160.59975,227,816.423506
-19.413881,250,816.519243
-36.842068,250,818.316621
-69.23088,250,833.643645
-158.4766,247,836.477665
61.403282,250,836.82741
42.372604,250,838.628381
-109.76243,167,847.074045
-147.06024,193,852.1173
-5.5375934,250,856.300649
-55.555603,250,858.465259
-56.66672,250,873.609463
-27.672977,250,882.507479
7.1427045,250,889.969524
-29.487202,250,895.20604
-15.322675,250,903.921322
-72.02809,250,909.284495
-16.666748,250,913.734758
-10.204215,250,915.921112
83.333084,250,924.800903
-29.629671,250,930.381937
-43.06053,250,935.228086
41.843758,250,937.468584
-31.407969,250,946.658
-130.51952,188,946.921103
-122.13846,202,954.966165
-70.32652,250,956.858578
-17.603098,250,968.237612
7.5267134,250,968.529571
-22.794199,250,976.539037
-28.783401,250,978.562711
-33.333374,250,990.183647
-35.18514,250,990.464935
-127.704926,202,994.237217
-11.042949,250,1069.855675
11.11091,250,1080.196747
-69.46576,250,1080.459407
-27.672989,250,1084.115712
-74.545586,250,1089.820479
95.71842,250,1100.552237
-48.220078,250,1100.826553
84.30014,250,1104.488518
63.987007,250,1110.29928
50.197357,250,1120.771699
-15.129268,250,1121.038665
-27.272772,250,1124.693997
12.9565735,250,1130.44007
4.529485,250,1141.420921
228.62283,250,1141.694809
-30.930954,250,1145.617513
-57.746544,250,1151.668329
43.769745,250,1162.639902
-33.993427,250,1162.899719
200.00017,250,1166.655876
79.660774,250,1172.430407
23.333132,250,1183.193931
-6.148995,250,1183.454707
167.97452,250,1187.184284
-20.245386,250,1192.96591
23.23941,250,1203.505305
207.43294,250,1203.761436
-30.501982,250,1207.308347
-72.02809,250,1213.107556
115.27809,250,1224.796764
24.999691,250,1225.072215
19.133333,250,1228.933572
111.89639,250,1235.15552
-12.28082,250,1314.052156
-6.4517584,250,1314.317712
66.66638,250,1318.02554
312.37155,250,1323.795177
321.9861,250,1334.506858
52.597176,250,1334.772976
428.16916,250,1338.455934
205.19563,250,1344.256558
-34.285748,250,1354.893087
341.28174,250,1355.156225
98.67578,250,1358.754194
24.160797,250,1364.419825
27.94586,250,1375.248374
140.96481,250,1375.529886
339.21683,250,1379.365104
-63.8555,250,1385.306325
329.9999,250,1396.252738
-19.732544,250,1396.521986
181.1395,250,1400.224642
120.23822,250,1406.003196
76.92313,250,1417.866078
51.851547,250,1418.170542
59.72191,250,1421.937155
435.59415,250,1427.743209
0.30380878,250,1438.344605
368.31,250,1438.607195
8.280083,250,1442.251123
86.20716,250,1447.946257
192.9581,250,1459.22592
124.2657,250,1459.49954
29.567793,250,1463.296196
28.571108,250,1469.272115
490.9092,250,1549.373655
125.39747,250,1549.637899
123.642876,250,1553.299227
314.17947,250,1559.02894
75.00001,250,1569.655691
168.85333,250,1569.924066
106.15449,250,1573.639618
-28.792622,250,1579.319611
-23.076977,250,1590.070189
126.416046,250,1590.350404
19.862791,250,1594.080707
202.84009,250,1600.124689
353.9012,250,1611.481406
394.08347,250,1611.76046
92.91377,250,1615.6408
387.01312,250,1621.61944
93.33373,250,1632.531963
344.06894,250,1632.792768
659.5433,250,1636.441035
51.639107,250,1642.171048
66.66658,250,1653.012582
137.94295,250,1653.282929
182.35373,250,1656.940933
-21.23294,250,1662.735236
124.914505,250,1673.428221
273.77133,250,1673.692532
188.13658,250,1677.672324
51.898453,250,1683.608996
153.96889,250,1694.8323
203.30354,250,1695.112949
246.8024,250,1698.997959
294.4646,250,1704.97582
-22.600687,250,1788.430962
465.6938,250,1788.706722
251.85294,250,1792.400772
84.027725,250,1798.132211
37.183792,250,1809.124449
91.12667,250,1809.396544
73.91275,250,1813.12966
213.43365,250,1818.948378
306.06152,250,1830.045232
79.738625,250,1830.331548
424.9276,250,1834.315225
68.31674,250,1840.098056
236.99707,250,1851.093682
304.18182,250,1851.373178
392.18857,250,1855.248327
394.62466,250,1861.351444
356.52176,250,1872.320354
-25.806517,250,1872.587511
203.79826,250,1876.286195
245.1966,250,1881.915629
74.21612,250,1892.555659
16.607534,250,1892.818332
-53.237446,250,1896.52577
719.1494,250,1902.341702
26.182753,250,1913.681976
111.53917,250,1914.006804
272.62448,250,1917.941684
337.50034,250,1928.575357
188.19513,250,1949.560952
-2.2558134,250,1950.047413
159.26022,250,1959.422526
627.27216,250,1969.372571
55.796852,250,1981.08425
204.34888,250,1981.366546
452.63257,250,2048.508197
348.38742,250,2054.152623
14.006319,250,2064.581833
543.1086,250,2064.852427
-30.158756,250,2068.399136
483.6073,250,2073.919987
407.35324,250,2084.203615
-20.138975,250,2084.464212
398.30627,250,2088.100009
273.70337,250,2093.705933
625.9784,250,2104.666286
664.8997,250,2104.935458
49.25347,250,2108.711283
516.48566,250,2114.500419
563.3663,250,2125.27119
408.30652,250,2125.534335
488.6804,250,2129.142337
20.437704,250,2134.762721
410.0682,250,2145.365205
207.95921,250,2145.612265
419.7142,250,2149.198347
192.76427,250,2154.730802
62.499763,250,2165.056437
597.2115,250,2165.303038
238.34692,250,2168.864876
792.472,250,2174.457196
549.4469,250,2185.472785
285.07465,250,2185.746441
595.16595,250,2189.603549
240.69498,250,2195.510508
566.6658,250,2206.223818
152.42778,250,2206.489033
180.70244,250,2210.035
138.25603,250,2280.2128
39.15825,250,2291.615698
11.887915,250,2291.878278
178.16977,250,2295.568752
423.4908,250,2301.174057
825.6494,250,2311.965889
373.8573,250,2312.231593
268.61386,250,2315.961687
374.22757,250,2321.697941
353.94794,250,2333.202846
221.10196,250,2333.48941
254.24454,250,2337.400576
35.134888,250,2343.406158
823.0752,250,2354.264389
8.843348,250,2354.541035
813.97687,250,2358.294428
214.28638,250,2363.815889
297.39496,250,2374.268353
853.9015,250,2374.525938
513.792,250,2378.118596
44.73652,250,2383.777031
469.34344,250,2393.992756
346.7361,250,2394.250968
688.1943,250,2397.801618
650.9575,250,2403.326488
418.39578,250,2414.356911
542.36163,250,2414.627573
878.35486,250,2418.386209
473.17105,250,2424.221852
742.9471,250,2434.936473
410.41763,250,2435.198588
45.45428,250,2439.135467
186.66756,250,2444.980261
686.1626,250,2518.282681
245.39563,250,2518.544235
65.99159,250,2522.086716
3.320837,250,2527.617399
563.6092,250,2538.192321
901.298,247,2538.192321
796.0559,250,2542.060746
201.32518,250,2547.687253
256.6184,250,2558.527471
674.8341,250,2558.527471
437.10364,250,2562.54629
823.07623,250,2568.333513
859.7068,250,2579.050878
896.3769,250,2579.0519
288.31696,250,2582.974977
763.48016,250,2588.596625
405.8489,250,2599.339782
727.33875,250,2599.339782
514.3329,250,2603.183453
837.03796,250,2608.76203
0.4014921,250,2619.286001
400.00116,250,2619.286001
-23.91309,250,2623.136997
770.2549,250,2628.935568
780.7008,250,2639.910507
461.29068,250,2639.910507
900.8012,248,2643.763023
478.2752,250,2649.848319
76.89497,250,2660.408926
450.52304,250,2660.408926
472.4635,250,2664.126685
846.56635,250,2669.811127
197.7353,250,2743.175605
447.61984,250,2743.175605
140.14447,250,2746.826901
54.411514,250,2752.576213
170.0303,250,2763.306755
67.24712,250,2763.306755
649.142,250,2767.001614
-24.52834,250,2772.749283
652.8086,250,2783.742676
100.00043,250,2783.743676
34.79593,250,2787.64531
255.48245,250,2793.723475
319.46405,250,2804.437651
624.1382,250,2804.437651
849.64136,250,2808.215829
10.714142,250,2814.047846
138.90883,250,2824.834258
143.40266,250,2824.834258
421.34113,250,2828.597734
217.90184,250,2834.404265
41.70009,250,2845.026422
30.698776,250,2845.026422
729.34955,250,2848.71324
406.3693,250,2854.492195
575.09045,250,2865.428252
600.3737,250,2865.428252
617.6866,250,2869.341089
296.49158,250,2875.41215
626.277,250,2886.022592
149.2589,250,2886.022592
687.8787,250,2889.711221
529.74695,250,2895.46521
881.1326,250,2968.659729
704.55927,250,2968.659729
406.36914,250,2972.250656
68.4585,250,2977.927789
52.726997,250,2988.555444
810.0722,250,2988.555444
33.333084,250,2992.245652
-3.8463,250,2997.982787
713.38074,250,3008.970125
476.1589,250,3008.970125
420.27136,250,3012.853239
509.58817,250,3018.789114
502.73834,250,3029.47607
3.2026691,250,3029.47607
486.20767,250,3033.111933
840.5199,250,3038.839603
880.54254,250,3049.317414
222.91757,250,3049.317414
842.85706,250,3053.016135
774.194,250,3058.722796
734.5078,250,3069.378541
233.33435,250,3069.378541
838.46075,250,3073.023652
18.643852,250,3078.823097
674.9995,250,3089.863245
617.1709,250,3089.863245
566.66486,250,3093.656493
383.55334,250,3099.619505
590.4763,250,3110.318643
56.62625,250,3110.318643
455.9577,250,3113.958609
816.6661,250,3119.655768
462.27844,250,3129.987151
844.98376,250,3129.987151
200.00104,250,3196.751589
284.34268,250,3202.454627
-5.4546185,250,3212.981696
-58.677753,250,3212.981696
15.241402,250,3216.647979
812.2795,250,3222.345609
892.395,250,3233.338087
123.60355,250,3233.338087
550.3249,250,3237.322147
160.58737,250,3243.410137
466.34308,250,3253.979971
316.93893,250,3253.979971
-48.148193,250,3257.689303
286.20795,250,3263.51364
609.26465,250,3274.037236
730.93524,250,3274.037236
-48.805504,250,3277.700804
209.86008,250,3283.440085
838.56494,250,3293.956476
-24.590223,250,3293.956476
131.74658,250,3297.618959
847.19434,250,3303.340053
-25.925985,250,3314.324942
-19.29831,250,3314.325943
799.99963,250,3318.187995
805.4067,250,3324.118537
838.9313,250,3334.54854
859.4102,250,3334.54854
584.97943,250,3338.173534
762.8752,250,3343.92628
462.50113,250,3354.543174
-21.501781,250,3354.543174
-29.878077,250,3358.234824
9.09082,250,3426.270106
-29.078054,250,3436.580035
419.60898,250,3436.580035
310.33524,250,3440.140376
49.812485,250,3445.727291
308.9355,250,3456.516404
-9.385233,250,3456.517405
571.0942,250,3460.310584
9.090706,250,3466.322341
-7.590835,250,3476.640998
581.0602,250,3476.640998
-4.0248237,250,3480.272221
20.689417,250,3485.916672
920.0005,200,3492.418537
300.6417,250,3496.319497
446.05316,250,3499.923761
269.28214,250,3505.492134
250.99414,250,3511.842041
82.20368,250,3515.710448
209.90527,250,3519.252025
375.17816,250,3524.936994
843.6064,250,3531.648087
417.12393,250,3535.717554
450.46,250,3539.521288
-35.114555,250,3545.434654
250.15881,250,3551.964004
550.1535,250,3555.921092
829.36707,250,3559.580069
589.8725,250,3565.251405
51.99965,250,3571.561165
283.51367,250,3575.421372
39.193794,250,3579.020699
-7.4734764,250,3647.104926
185.28618,250,3653.508609
-42.528774,250,3657.58645
835.84735,250,3661.333216
164.33223,250,3667.144827
407.0927,250,3673.707892
11.841871,250,3677.783248
220.1329,250,3681.655271
-30.612295,250,3691.672083
311.76584,250,3703.012916
231.23138,250,3709.589633
367.1291,250,3716.931342
896.12256,250,3722.873979
823.07574,250,3729.604596
47.886993,250,3733.716155
137.11444,250,3737.485165
409.4942,250,3743.28541
322.3838,250,3750.029938
208.98944,250,3754.073326
512.2426,250,3757.661766
160.4512,250,3763.347835
131.48245,250,3770.011384
242.37402,250,3774.069832
510.68512,250,3777.79632
291.75342,250,3783.634462
175.7485,250,3790.423906
207.44427,250,3794.539651
162.79967,250,3798.261652
-47.955452,250,3804.429484
820.28876,250,3810.958809
297.00464,250,3814.91704
-51.36783,250,3818.562298
205.6488,250,3824.172902
460.0008,250,3894.870099
354.8748,250,3898.777251
606.34735,250,3902.429517
42.37256,250,3908.083411
247.32944,250,3914.764705
-6.9150443,250,3918.91956
532.78503,250,3922.734954
56.46224,250,3928.719876
215.15253,250,3935.330942
298.62634,250,3939.284168
203.33429,250,3942.937435
169.35077,250,3948.60342
66.66664,250,3955.040379
-60.144993,250,3958.977114
624.9986,250,3962.653366
-16.666735,250,3968.309672
652.89386,250,3974.877835
-59.59602,250,3978.886814
222.09845,250,3982.576297
138.59744,250,3988.297454
329.96826,250,3995.022403
78.45143,250,3999.169757
-33.120995,250,4002.978434
131.03568,250,4008.970665
333.44788,250,4015.471525
-45.09808,250,4019.483177
126.99494,250,4023.145524
144.30078,250,4028.818445
529.7577,250,4035.31777
167.12434,250,4039.306708
158.30373,250,4042.964364
135.29529,250,4048.659564
321.56985,250,4055.149605
360.96747,250,4124.566303
619.556,250,4128.198362
207.40857,250,4133.845237
-83.05101,250,4140.62249
195.08304,250,4144.874948
443.79614,250,4148.784024
-3.973543,250,4154.825561
238.02902,250,4161.316904
219.58865,250,4165.301576
5.263121,250,4168.944796
85.96506,250,4174.648343
191.8161,250,4181.147065
196.44366,250,4185.158975
165.73512,250,4188.873566
294.36688,250,4194.578813
190.44235,250,4201.10574
50.30652,250,4205.094539
417.12393,250,4208.713954
100.71751,250,4214.394246
188.7334,250,4221.055636
109.581474,250,4225.219413
83.150215,250,4229.121842
25.391542,250,4235.247672
-1.0239726,250,4241.886946
257.37808,250,4245.922655
196.15494,250,4249.63342
100.00058,250,4255.428159
255.0733,250,4261.950617
153.96918,250,4265.934257
187.40256,250,4269.587279
654.44775,250,4275.465645
155.66432,250,4282.13563
1.6391832,250,4286.116884
140.87698,250,4353.822976
195.53351,250,4359.627927
106.68747,250,4366.397576
74.49632,250,4370.563813
99.28894,250,4374.403677
163.8898,250,4380.379595
26.245531,250,4386.948944
36.841805,250,4391.381604
90.16424,250,4395.113915
169.78438,250,4400.849107
15.1313305,250,4407.418856
334.93228,250,4411.393068
230.12921,250,4415.078975
-8.496873,250,4420.857436
41.935158,250,4427.408494
9.09071,250,4431.392923
202.92065,250,4435.052309
-15.254361,250,4440.782963
-2.9852417,250,4447.47789
-23.077023,250,4451.670536
29.370344,250,4455.500698
39.93145,250,4461.475037
37.036774,250,4467.948651
121.08812,250,4471.87917
83.52084,250,4475.509496
-0.73547196,250,4481.162158
21.495039,250,4487.761883
-16.349932,250,4491.812014
49.019363,250,4495.487377
-13.690583,250,4501.259112
-4.9297533,250,4507.783822
83.050545,250,4511.78069
35.219788,250,4515.476358
1.3070085,250,4586.259216
150.00105,250,4593.00862
105.67418,250,4597.210763
-33.96222,250,4601.102798
-60.655807,250,4607.106374
-39.799324,250,4613.648472
-58.90418,250,4617.687685
-18.367369,250,4621.376963
-22.033848,250,4627.095268
-62.733013,250,4633.632906
-19.298203,250,4637.582963
-36.877056,250,4641.226256
27.147478,250,4646.905844
-28.03029,250,4653.427837
-29.889263,250,4657.378778
-40.199326,250,4661.065887
-12.280648,250,4666.818533
-38.511387,250,4673.582899
-44.95412,250,4677.812788
51.078827,250,4681.73517
-29.687426,250,4688.158505
-34.911194,250,4694.790396
-87.17967,250,4698.77283
-39.682526,250,4702.493411
-40.39734,250,4708.224452
-33.774776,250,4714.720958
-89.16987,250,4718.662606
-34.306606,250,4722.337582
-34.98454,250,4728.04972
-82.39453,250,4734.503963
-34.54548,250,4738.453211
-90.50653,250,4742.143791
-34.853374,250,4811.449876
-26.923134,250,4818.193001
-48.220074,250,4822.379057
-41.634216,250,4826.232405
-48.48487,250,4832.221137
-31.558899,250,4838.699033
-49.83284,250,4842.698779
-50.757626,250,4846.359464
-45.73646,250,4852.085528
-38.566532,250,4859.053157
-56.521805,250,4863.030226
-54.86116,250,4866.683835
-45.652172,250,4872.394835
-40.39735,250,4878.967137
-61.904854,250,4882.972005
-57.2369,250,4886.680342
-52.662754,250,4892.349418
-34.36296,250,4898.99339
-52.229324,250,4903.157526
-49.554916,250,4907.034796
-36.329582,250,4913.01562
-24.731243,250,4919.552952
-53.405052,250,4923.516065
-45.205517,250,4927.138305
-41.935493,250,4932.842308
-54.397446,250,4939.308812
-41.176495,250,4943.260623
-54.24841,250,4946.9283
-60.7844,250,4952.644297
-24.39857,250,4959.112277
-40.14087,250,4963.062068
-41.391956,250,4966.651646
-89.16987,250,4972.243852
0.8064922,250,5044.610303
-45.84841,250,5048.486223
-48.717964,250,5052.075165
-44.649475,250,5057.714477
-72.028114,250,5064.089332
-84.61556,250,5068.030995
-65.27791,250,5071.646325
-63.576283,250,5077.317516
-89.619576,250,5083.948963
-60.0001,250,5087.921725
-90.76943,250,5091.5538
-82.35313,250,5097.124851
-75.26517,250,5103.527943
-64.42699,250,5107.450451
-79.7299,250,5111.02467
-83.71353,250,5116.682541
-66.887535,250,5123.347393
-66.77753,250,5127.617049
-65.40893,250,5131.726114
-68.53159,250,5137.615596
-79.31054,250,5144.062642
-83.97454,250,5147.974681
-57.19854,250,5151.550997
-61.403618,250,5157.120339
-89.0911,250,5163.482159
-64.66441,250,5167.352475
-71.83114,250,5170.952555
-79.91983,250,5176.54438
-61.40362,250,5182.95051
-79.45223,250,5186.842106
-85.663284,250,5190.443423
-60.000107,250,5196.068112
-66.91194,250,5202.651584
-70.77934,250,5272.589638
-64.28581,250,5276.18946
-80.64536,250,5281.807284
-64.1695,250,5288.261434
-72.02812,250,5292.204137
-86.44087,250,5295.804668
-44.02987,250,5301.461203
-61.130836,250,5307.959072
-75.94517,250,5311.896899
-82.03611,250,5315.528583
-75.08914,250,5321.15431
-86.39475,250,5327.540316
-83.221664,250,5331.460578
-86.885445,250,5335.045266
-85.454735,250,5340.693978
-90.3539,250,5347.32636
-88.889084,250,5351.426443
-67.971634,250,5355.246579
-75.7787,250,5361.135758
-67.74212,250,5367.578941
-83.71355,250,5371.469108
-77.941345,250,5375.045373
-89.011185,250,5380.636066
-80.645325,250,5387.074862
-82.818054,250,5390.961036
-75.00016,250,5394.570671
-67.63765,250,5400.18428
-81.13227,250,5406.563167
-83.27779,250,5410.51011
-69.072296,250,5414.106644
-78.52778,250,5419.753732
-80.06663,250,5426.394056
-60.396137,250,5495.012574
-77.44377,250,5498.574085
-74.110176,250,5504.186349
-59.707047,250,5510.577835
-74.16988,250,5514.489455
-68.64123,250,5518.116594
-68.12761,250,5523.738292
-43.609043,250,5530.209312
-79.865944,250,5534.139109
-74.026115,250,5537.706222
-77.987595,250,5543.334116
-18.215569,250,5549.807305
-75.694595,250,5553.703383
-77.56426,250,5557.269774
-78.05659,250,5562.886188
-76.51022,250,5569.68232
-70.37049,250,5573.814368
-78.12517,250,5577.61131
-68.531586,250,5583.550563
-73.05402,250,5589.985986
-53.736725,250,5593.910475
-71.53038,250,5597.478492
-74.7294,250,5603.150251
-71.11926,250,5609.56457
-36.454823,250,5613.509252
-77.346436,250,5617.111049
-68.85827,250,5622.695437
-75.976135,250,5629.064964
-68.64124,250,5632.922026
-67.27288,250,5636.499606
-28.85385,250,5642.054333
-65.77959,250,5648.663294
-75.089134,250,5652.741891
-66.03784,250,5656.534034
-71.631325,250,5727.137372
-80.06662,250,5733.508157
-72.31848,250,5737.405656
-86.062904,250,5740.991412
-69.69711,250,5746.624274
-39.84964,250,5753.078237
-73.33349,250,5756.98813
-72.22236,250,5760.621147
-77.19886,250,5766.15013
-71.53039,250,5772.55103
-75.352264,250,5776.460699
-66.66678,250,5780.060955
-60.396217,250,5785.656682
-61.93781,250,5792.238909
-72.02809,250,5796.332185
-89.43682,250,5800.092099
-72.31848,250,5805.987291
-74.074234,250,5812.381728
-79.522354,250,5816.280011
-49.090942,250,5819.898856
-6.896516,250,5825.520408
-89.93308,250,5831.901922
-77.77794,250,5835.764582
-74.452705,250,5839.313152
-59.5961,250,5844.921596
-69.924934,250,5851.326098
-47.183113,250,5855.274921
-58.33342,250,5858.961766
-60.132973,250,5864.690215
-69.69709,250,5871.365505
-75.23235,250,5875.47987
-78.32835,250,5879.290477
-70.37049,250,5949.498952
-65.39806,250,5955.921963
-71.786964,250,5959.869286
-60.122818,250,5963.509513
-37.743187,250,5969.170313
-56.521793,250,5975.59586
-70.29714,250,5979.534942
-67.97166,250,5983.145504
-51.14011,250,5988.798694
-48.339508,250,5995.244325
-48.90522,250,5999.178662
-73.85636,250,6002.782205
-61.80568,250,6008.5869
-23.875381,250,6015.379591
-44.237923,250,6019.481948
-77.85994,250,6023.26407
-41.17649,250,6029.235197
-58.506294,250,6035.743086
-43.89441,250,6039.714387
-53.987778,250,6043.369257
-51.298737,250,6049.046851
-52.542427,250,6055.750344
-67.50913,250,6059.61777
-45.762737,250,6063.206591
-71.60897,250,6068.837258
-65.03508,250,6075.282672
-83.67366,250,6079.230227
-58.944355,250,6082.862091
-53.736717,250,6088.502164
-59.459576,250,6095.157827
-34.482735,250,6099.289372
-30.147007,250,6103.152658
-51.456448,250,6109.062217
-34.78266,250,6178.953126
-47.916718,250,6182.862534
-65.156906,250,6186.465675
-66.443054,250,6192.131922
-61.805664,250,6198.601555
-83.27778,250,6202.520482
-39.271267,250,6206.136235
22.580496,250,6211.784713
-60.31759,250,6218.199238
-41.818348,250,6222.178951
-48.553097,250,6225.913676
-53.56049,250,6235.489305
-43.060505,250,6246.542315
-65.87042,250,6253.356745
-61.97729,250,6261.447685
-43.661987,250,6267.386624
-79.381615,250,6274.169538
-48.484913,250,6278.330812
-56.953716,250,6282.143897
-52.381004,250,6288.122095
-54.26835,250,6294.91862
-46.540897,250,6298.972646
-52.191277,250,6302.548529
-83.498535,250,6308.194696
-48.553093,250,6314.594547
-29.961033,250,6318.506522
-68.198,250,6322.161759
-51.070374,250,6327.810595
-40.063076,250,6334.507983
-48.453636,250,6338.64536
-56.98931,250,6342.491777
-48.63015,250,6348.437608
-48.09691,250,6420.967328
-48.096897,250,6424.902838
-9.090861,250,6428.531244
-52.830242,250,6434.300045
-64.401405,250,6440.792752
-85.71448,250,6444.746432
-34.30652,250,6448.379201
-38.848892,250,6454.029972
-86.755165,250,6460.501252
-42.073185,250,6464.50581
-48.096905,250,6468.108677
-56.521805,250,6473.697925
-62.963074,250,6480.274268
-74.26484,250,6484.401747
-38.22391,250,6488.246201
-67.637665,250,6494.307433
-47.85279,250,6500.885925
-41.379303,250,6504.914401
-51.21954,250,6508.556289
-35.064915,250,6514.28376
-72.76282,250,6520.747628
-36.329544,250,6524.752576
-30.693033,250,6528.468926
-77.41952,250,6534.121643
-50.16614,250,6540.576988
-50.000034,250,6544.49663
-39.501755,250,6548.134929
-45.783134,250,6553.794584
-36.329548,250,6560.46408
-61.67256,250,6564.692703
16.279076,250,6568.579742
-41.17646,250,6574.55978
-63.636456,250,6581.029149
-44.250893,250,6648.568814
-39.285706,250,6652.174615
-82.269684,250,6657.77529
-82.63908,250,6664.239924
-41.55842,250,6668.21007
-43.06049,250,6671.886471
-51.768524,250,6677.667361
-90.82589,250,6684.147262
-64.40142,250,6688.100999
-49.82084,250,6691.73235
-5.5374846,250,6697.397016
-34.865913,250,6704.05318
-36.66663,250,6708.189587
-67.03309,250,6712.030307
-52.531685,250,6718.006381
-89.13063,250,6724.534537
-49.494987,250,6728.484182
-52.5317,250,6732.149611
-46.37225,250,6737.867457
-39.62263,250,6744.264235
-54.38603,250,6748.23224
-19.860699,250,6751.853139
-27.335598,250,6757.51068
3.2257557,250,6764.058347
-41.780807,250,6767.992878
-51.04898,250,6771.64521
-49.152557,250,6777.338348
-31.249949,250,6784.07462
-70.8739,250,6788.478579
-45.337635,250,6792.338889
-46.30873,250,6798.308221
-43.5216,250,6804.775772
-64.28583,250,6808.656328
-36.567123,250,6875.429759
-16.376287,250,6881.153
-36.0269,250,6887.610249
-35.71424,250,6891.503353
-47.88276,250,6895.13895
-55.555603,250,6900.827483
-46.236584,250,6907.387798
14.379009,250,6911.387354
-18.56676,250,6915.0331
-52.076748,250,6920.695081
-86.15937,250,6927.412851
-41.896023,250,6931.579033
-28.571375,250,6935.439878
-29.936262,250,6941.42098
-33.823566,250,6947.889358
-76.19063,250,6951.849447
-14.81485,250,6955.447428
-52.238846,250,6961.152613
-25.80649,250,6967.612602
-35.691288,250,6971.584412
-10.714231,250,6975.212628
-40.809956,250,6980.916783
-52.05483,250,6987.37266
-29.104445,250,6991.368527
-60.00008,250,6995.025513
-46.84387,250,7000.714455
-32.384323,250,7007.42258
-34.57941,250,7011.57976
-39.297115,250,7015.445918
-11.877355,250,7021.424253
-41.35801,250,7028.020672
-60.244728,250,7032.063576
-21.985767,250,7035.689796
-33.77478,250,7104.965212
-15.78948,250,7111.447814
-12.408753,250,7115.388267
-9.091002,250,7119.005967
-11.111058,250,7124.624954
-5.454491,250,7131.071892
-28.5714,250,7135.003846
-36.17017,250,7138.625824
-29.765875,250,7144.276204
-17.525805,250,7150.928564
-11.97181,250,7155.072384
-11.877412,250,7158.889004
-7.692313,250,7164.812129
-32.806274,250,7171.180827
-26.421354,250,7175.087522
-38.46152,250,7178.679051
-84.962585,250,7184.390096
-6.8099885,250,7190.918905
-22.558878,250,7194.898636
-29.292881,250,7198.54688
-6.015159,250,7204.275856
-79.674965,250,7210.800981
-31.62388,250,7214.775101
-35.018005,250,7218.44641
4.417625,250,7224.1496
-41.348984,250,7230.922941
-8.571478,250,7235.121152
-86.57736,250,7239.097218
-18.674652,250,7245.324453
-15.441191,250,7252.153789
-20.415203,250,7256.525174
-64.071945,250,7260.535949
-24.914633,250,7266.868102
20.437971,250,7338.161413
-10.652922,250,7342.12003
-30.909119,250,7345.753413
-28.286818,250,7351.402578
-16.66663,250,7357.931987
-40.52044,250,7361.916023
-15.492919,250,7365.605793
-27.868868,250,7371.326364
-39.65515,250,7379.614662
-45.94604,250,7383.768085
-4.9295964,250,7387.628839
-26.04501,250,7393.694653
-39.49045,250,7400.313039
-26.28203,250,7404.258487
-31.137789,250,7407.999236
44.78087,250,7413.705709
23.674757,250,7420.224849
-46.70847,250,7424.23506
56.99637,250,7427.945261
-6.752434,250,7433.846788
-30.232525,250,7440.807137
-53.79551,250,7444.968154
-29.487118,250,7448.867621
-45.78313,250,7454.639921
-17.981028,250,7461.361107
-20.754759,250,7465.545035
-21.568619,250,7469.357496
19.453901,250,7475.372613
-50.191624,250,7481.95665
-13.978579,250,7485.897418
-14.191499,250,7489.598769
-43.89453,250,7495.286758
-11.032036,250,7565.330555
-17.85712,250,7569.31551
-20.138847,250,7572.946337
-24.657509,250,7578.565289
-18.439821,250,7584.963629
-31.159369,250,7588.954786
-12.903196,250,7592.628939
51.898476,250,7598.327043
56.02812,250,7604.954694
-21.501694,250,7609.025684
-28.338778,250,7612.850723
-22.807014,250,7618.802152
-35.48384,250,7625.38827
-2.9851358,250,7629.403306
13.074013,250,7633.113245
-13.494933,250,7638.782151
-12.457946,250,7645.269107
60.71398,250,7649.147943
-13.793237,250,7652.757156
-25.170015,250,7658.467676
-8.396981,250,7664.8406
-24.92488,250,7668.753141
-16.05852,250,7672.336179
-14.96609,250,7677.980535
-17.857214,250,7684.588437
-15.032802,250,7688.697546
-63.414795,250,7692.752759
-20.792027,250,7698.800864
-12.75164,250,7705.385605
-2.9855966e-05,250,7709.363486
6.194731,250,7712.993006
-19.29833,250,7718.639263
-9.448981,250,7725.06224
-20.26577,250,7792.180309
-21.933102,250,7795.783396
-11.111227,250,7801.49648
-1.0600054,250,7808.015586
52.481995,250,7811.966432
-21.13574,250,7815.594725
-0.34380707,250,7821.307254
-22.829657,250,7828.051173
-23.84113,250,7832.193207
-3.4484437,250,7836.044343
44.26201,250,7842.02873
-25.081377,250,7848.466676
-17.808306,250,7852.368546
-31.952654,250,7856.005904
-21.568722,250,7861.606472
-4.91817,250,7868.098957
-20.79218,250,7872.08164
3.8060994,250,7875.760247
54.638844,250,7881.48874
-11.877509,250,7887.985308
-10.769202,250,7892.058432
-15.789584,250,7895.745959
-23.30389,250,7901.470517
-22.84863,250,7908.183287
39.534622,250,7912.256589
-26.2821,250,7916.048497
-27.007277,250,7921.924741
-52.38101,250,7928.366423
-37.853153,250,7932.353719
29.138876,250,7936.082573
-2.3570287,250,7941.899874
-9.699111,250,7948.420402
-46.20255,250,7952.426507
40.624855,250,8019.915802
117.10499,250,8025.627959
36.498592,250,8032.039667
-20.265867,250,8035.909753
50.375618,250,8039.548765
-1.7545446,250,8045.283443
6.0604014,250,8052.047992
27.86854,250,8056.175797
1.8180085,250,8059.979195
-4.1097107,250,8066.028198
50.197357,250,8072.497627
62.054993,250,8076.46822
-28.366718,250,8080.130321
-27.335611,250,8085.814586
-12.903363,250,8092.30932
171.37611,250,8096.2875
-7.216633,250,8099.961347
32.65287,250,8105.682279
-14.557052,250,8112.190937
-6.250157,250,8116.19351
-0.4329531,250,8119.849549
5.0955725,250,8125.526277
-26.666727,250,8132.166641
-15.540654,250,8136.294782
-32.692284,250,8140.098013
2.2363305,250,8146.052065
103.44806,250,8152.49965
-3.4750702,250,8156.414309
64.28534,250,8160.001235
82.6346,250,8165.680869
-20.138971,250,8172.064337
41.221107,250,8175.917244
-19.732548,250,8179.556939
-13.043614,250,8248.799638
61.61586,250,8255.316036
-25.56641,250,8259.184987
34.020416,250,8262.787852
63.999733,250,8268.313515
-20.577702,250,8274.830008
-22.58074,250,8278.911351
97.02634,250,8282.716994
-1.0990607,250,8288.552192
-20.529896,250,8294.990031
-27.710892,250,8298.882435
-8.397096,250,8302.423671
50.81933,250,8308.087168
34.86833,250,8314.631035
-5.169545,100,8316.021457
68.22398,250,8318.52079
3.845963,250,8322.139718
-17.218643,250,8334.10232
4.868717,250,8335.51092
-24.731203,250,8338.008054
-7.801554,250,8341.667337
-15.916003,250,8353.97823
8.614282,250,8355.469252
-13.183382,250,8358.12268
-21.568718,250,8361.889869
-18.919018,250,8374.349734
-34.931477,250,8375.812624
56.933975,250,8378.363469
13.846067,250,8382.025419
36.36354,250,8394.195656
81.81793,250,8395.645576
-15.625114,250,8398.187715
53.256607,250,8401.795269
18.243002,250,8477.107412
-9.396121,250,8478.504409
-10.156409,250,8480.95799
34.48256,250,8484.563701
120.0007,250,8496.68582
49.99968,250,8498.108316
35.80213,250,8500.717666
24.113297,250,8504.530675
36.296856,96,8512.464031
211.59456,250,8517.003084
-23.78056,250,8518.401525
87.05074,250,8520.883496
24.999805,250,8532.197982
-25.566395,250,8536.742505
-15.441289,250,8538.150831
35.036274,250,8540.698651
71.20633,250,8551.765982
-30.02914,250,8556.316893
127.84864,250,8557.756927
129.88568,250,8560.287982
-15.540643,250,8571.676774
1.9605943,250,8576.55156
-2.7778647,250,8578.056728
-34.52377,250,8580.795984
-20.962286,250,8592.261108
79.31061,250,8596.922233
-18.088837,250,8598.324914
150.84859,250,8600.843222
-8.759284,250,8612.027813
202.49214,250,8616.591229
-10.394401,250,8618.027991
31.944162,250,8620.564054
158.74156,250,8631.630897
-16.084024,250,8699.208035
20.689432,250,8700.645118
-14.08948,250,8703.170236
50.5373,250,8714.289418
-14.966105,250,8719.124888
24.619764,250,8720.655769
19.873627,250,8723.36904
141.27017,250,8734.966222
18.466648,250,8739.461536
-22.559011,250,8740.857952
107.92121,250,8743.383087
-9.72236,250,8754.541547
45.90722,250,8759.164429
5.7691536,250,8760.603924
-12.458041,250,8763.162307
-1.0602003,250,8774.381482
117.82225,250,8778.88824
10.367674,250,8780.28773
-21.311562,250,8782.807848
254.24387,250,8793.991343
-22.360344,250,8798.764796
-25.465906,250,8800.222242
64.70571,250,8802.835217
50.943077,250,8814.298067
124.91414,250,8818.799729
-21.985907,250,8820.214179
-22.330181,250,8822.74291
-17.241497,250,8833.847389
45.269974,250,8838.412628
42.41459,250,8839.850795
-23.547476,250,8842.352941
-6.5745306,250,8853.489354
128.01314,250,8858.050081
125.09206,250,8859.4838
20.567152,250,8925.692888
-11.564744,250,8936.693302
-9.407809,250,8941.452481
74.41872,250,8942.933605
-28.358263,250,8945.631254
69.54999,250,8957.171195
140.9249,250,8961.673504
210.86185,250,8963.082078
96.85086,250,8965.599096
-15.825034,250,8976.67168
-9.091054,250,8981.185059
231.10484,250,8982.636992
253.74207,250,8985.188299
-7.4075737,250,8996.569714
38.181545,250,9001.172007
-23.077015,250,9002.601175
-12.052236,250,9005.149165
67.20236,250,9016.418657
265.44864,250,9021.301897
262.96393,250,9022.839248
134.63734,250,9025.57336
-19.871872,250,9037.261364
143.16095,250,9041.891682
125.92587,250,9043.356564
32.841026,250,9045.861503
35.48356,250,9056.915023
159.13641,250,9061.532167
341.51035,250,9062.957372
20.996193,250,9065.512673
-11.864539,250,9076.801592
-29.44791,250,9081.458212
127.96383,250,9082.924609
29.770733,250,9085.455394
52.248898,250,9160.025207
140.92508,250,9164.893843
49.42525,250,9166.39249
51.07882,250,9169.256223
40.221138,250,9181.126139
-16.129156,250,9185.783712
160.45084,250,9187.240719
19.047365,250,9189.825078
78.03008,250,9200.892108
198.30566,250,9205.450277
55.555252,250,9206.881858
-20.127897,250,9209.670344
154.07202,250,9220.8599
90.75119,250,9225.507126
-11.764838,250,9226.946764
129.32303,250,9229.522771
202.25127,250,9240.812021
-20.972698,250,9245.601348
285.96524,250,9247.115759
429.19745,250,9249.839179
157.81267,250,9261.606396
159.37573,250,9266.246053
47.54065,250,9267.65016
110.35563,250,9270.216007
229.74994,250,9281.583312
102.47983,250,9286.1869
156.32999,250,9287.621837
95.20563,250,9290.113651
-15.254354,250,9301.366726
278.18234,250,9305.929313
110.526886,250,9307.364463
218.6452,250,9309.936476
63.999733,250,9384.565678
71.206314,250,9389.340597
168.6081,250,9390.843662
226.69357,250,9393.516877
450.18634,250,9405.232719
-4.762076,250,9409.817794
306.45197,250,9411.261077
172.0859,250,9413.799431
135.49585,250,9425.046285
136.06657,250,9429.732465
228.52081,250,9431.182476
234.4058,250,9433.747172
-9.396121,250,9445.142047
182.54024,250,9449.645145
-19.860725,250,9451.071309
227.58694,250,9453.634425
-6.716567,250,9464.831666
247.22276,250,9469.856145
22.977064,250,9471.363595
150.00099,250,9474.060826
267.0045,250,9485.813364
229.86197,250,9490.364438
242.85797,250,9491.815914
60.534866,250,9494.421153
36.841827,250,9505.790493
112.50071,250,9510.368849
101.20141,250,9511.801843
100.000046,250,9514.325925
98.530075,250,9525.626228
201.47166,250,9530.222233
21.67278,250,9531.671619
114.502304,250,9534.201914
59.25898,250,9608.587063
-24.590237,250,9613.430718
189.80974,250,9614.924941
-24.2903,250,9617.575882
153.57228,250,9629.278975
307.01776,250,9633.864975
-13.621388,250,9635.30546
127.89153,250,9637.865575
284.03137,250,9649.023533
139.34523,250,9653.697216
228.46783,250,9655.154171
159.54303,250,9657.702142
31.473766,250,9668.785007
-27.32564,250,9673.355614
272.82306,250,9674.799552
364.7891,250,9677.34088
586.0472,250,9688.568192
137.01393,250,9693.476035
139.28671,250,9694.97646
658.6195,250,9697.674532
197.75298,250,9709.422514
-14.966109,250,9713.945923
-18.300749,250,9715.410904
182.44374,250,9717.964128
76.47076,250,9729.016943
50.640778,250,9736.909186
611.8642,250,9739.351414
314.54596,250,9743.652749
626.2766,250,9765.100522
187.97472,250,9769.920174
508.69498,250,9771.417179
40.740433,250,9774.048848
130.7702,250,9785.847934
289.09152,250,9856.783585
104.94774,250,9858.244916
221.16864,250,9860.809458
130.18974,250,9871.918969
67.247406,250,9876.456359
243.43549,250,9877.889632
275.86307,250,9880.399713
85.3039,250,9891.551413
149.09859,250,9896.244252
150.8257,250,9897.724118
175.511,250,9900.302773
344.7856,250,9911.603624
95.78355,250,9916.136193
558.7845,250,9917.562605
1.3511751,250,9920.104367
312.64035,250,9931.437164
446.98105,250,9936.300398
56.462303,250,9937.788022
321.82986,250,9940.505459
424.591,250,9952.255003
602.50916,250,9956.883171
129.73074,250,9958.33201
332.88705,250,9960.90775
308.36053,250,9972.149207
126.97477,250,9976.771133
446.09933,250,9978.217793
270.86148,250,9980.759115
39.99974,250,9991.957284
124.081314,250,9996.563636
53.594536,250,9998.024607
337.71164,250,10000.618232
222.36948,250,10011.81686
35.8882,250,10016.514247
71.09147,250,10083.700963
64.98314,250,10086.211841
208.24484,250,10097.385987
242.2828,250,10102.005094
351.04947,250,10103.438709
209.4472,250,10105.969053
81.49499,250,10117.211503
365.34705,250,10121.840492
47.14691,250,10123.275947
415.9233,250,10125.809299
182.20924,250,10137.472187
356.2746,250,10142.09961
200.35452,250,10143.526671
57.19043,250,10146.110326
73.0105,250,10157.274963
676.55536,250,10162.049468
45.98523,250,10163.491008
54.638947,250,10166.106064
189.96382,250,10177.6053
10.714039,250,10182.145032
643.8011,250,10183.563374
258.10913,250,10186.060257
83.59404,250,10197.159008
590.90894,250,10201.733466
416.7798,250,10203.179378
390.5671,250,10205.716159
679.604,250,10216.893796
203.03145,250,10221.37581
49.46592,250,10222.783185
105.78761,250,10225.323829
24.999714,250,10236.500476
514.5832,250,10241.390531
367.85748,250,10242.918514
181.25092,250,10245.635294
562.1155,250,10322.326699
35.134834,250,10326.874367
664.4927,250,10328.309818
-10.959033,250,10330.820048
36.609272,86,10333.653824
490.9086,250,10342.038248
286.03015,250,10348.089588
46.874664,250,10350.614269
168.60918,250,10353.50006
61.04866,250,10361.778491
286.1393,250,10367.750009
36.363358,250,10370.220084
69.55027,250,10373.013073
9.374765,250,10381.374888
514.09467,250,10387.735797
343.63696,250,10390.456462
190.44232,250,10393.478293
252.94226,250,10402.451082
652.57806,250,10408.4748
33.550224,250,10411.041446
489.84344,250,10413.896135
547.68555,250,10422.381586
207.48753,250,10428.394597
95.918526,250,10430.816378
56.804405,250,10433.669782
-10.000136,250,10442.066987
211.18935,250,10447.999439
54.320732,250,10450.460101
297.35153,250,10453.251848
-13.494933,250,10461.564528
239.41678,250,10467.915704
478.9471,250,10470.603896
-5.2633166,250,10473.605895
546.49585,250,10546.040267
479.66223,250,10552.154722
296.36423,250,10554.736553
304.58133,250,10557.673012
280.78394,250,10566.097432
353.9881,250,10572.105646
46.103615,250,10574.658246
111.310074,250,10577.53777
563.3655,250,10585.969134
146.05789,250,10592.047955
131.25107,250,10594.608091
290.84567,250,10597.498281
442.48483,250,10605.984151
414.28607,250,10612.210792
275.86304,250,10614.861371
-15.441297,250,10617.808286
181.35706,250,10626.55408
569.1737,250,10632.541101
49.09063,250,10635.013285
201.94907,250,10637.826173
43.91114,250,10646.123219
483.333,250,10652.078311
394.5059,250,10654.612208
39.859856,250,10657.522197
253.69833,250,10665.737329
-8.425071,250,10671.620943
544.6871,250,10674.146784
290.68207,250,10676.980497
315.4935,250,10685.261139
199.66447,250,10691.561723
80.60226,250,10694.251527
257.38895,250,10697.280663
198.70229,250,10769.491587
433.7621,250,10775.56094
258.8858,250,10778.11184
295.8343,250,10780.971405
194.73753,250,10789.379628
352.20615,250,10795.518666
10.7142105,250,10798.073892
272.83304,250,10800.913642
23.67464,250,10809.286036
259.06122,250,10815.335435
-84.90584,250,10817.881984
468.56302,250,10820.746382
272.48398,250,10829.233176
243.84964,250,10835.611838
-81.06077,250,10838.273271
12.582533,250,10841.285885
-85.559746,250,10850.022652
494.5021,250,10856.100838
272.88254,250,10858.610004
552.5086,250,10861.43499
112.0009,250,10869.769842
436.08353,250,10875.838559
267.413,250,10878.418519
63.636086,250,10881.305779
287.0975,250,10889.837461
-84.127174,250,10895.858806
85.06526,250,10898.414601
287.32404,250,10901.306872
317.17813,250,10909.723871
184.67245,250,10915.966059
160.22408,250,10918.619526
121.08808,250,10921.621368
-75.80659,250,10930.285321
576.6903,250,10999.691196
356.66693,250,11002.234867
252.3495,250,11005.097161
-82.51765,250,11013.419103
300.77893,250,11019.453284
-89.24751,250,11022.000062
537.9308,250,11024.905475
513.6356,250,11033.47997
179.15308,250,11039.474988
315.15265,250,11042.060167
76.27139,250,11044.885182
195.37477,250,11053.351782
492.8344,250,11059.672806
250.18158,250,11062.392908
123.04928,250,11065.400931
269.96405,250,11074.196506
586.3358,250,11080.333867
572.4135,250,11082.923267
364.39706,250,11085.843992
444.82846,250,11094.313507
343.76987,250,11100.443733
-67.10538,250,11103.005545
508.99734,250,11105.896779
442.48486,250,11114.324764
313.79422,250,11120.344322
576.3743,250,11122.912064
-85.13029,250,11125.752731
385.5307,250,11134.258409
223.07774,250,11140.640902
363.57648,250,11143.389487
316.38303,250,11146.420115
209.37611,250,11155.196389
515.3822,250,11224.743377
-85.2943,250,11227.308358
247.57922,250,11230.187706
125.80737,250,11238.681731
400.00107,250,11244.758984
434.2472,250,11247.310648
-82.39453,250,11250.229494
221.32181,250,11258.903539
110.17033,250,11264.957019
236.99709,250,11267.492579
67.18255,250,11270.366749
49.501312,250,11278.747097
575.1584,250,11285.10683
463.10678,250,11287.881726
654.5775,250,11290.935265
358.78244,250,11299.749421
419.87897,250,11305.952274
535.4524,250,11308.518927
288.27896,250,11311.411757
266.3667,250,11320.038222
202.18175,250,11326.116113
278.88315,250,11328.682589
606.4839,250,11331.541892
261.40402,250,11339.953356
234.58768,250,11345.993744
301.48785,250,11348.559133
307.18646,250,11351.458851
274.1942,250,11359.939795
130.03307,250,11366.166447
127.84907,250,11368.785017
-88.46173,250,11371.788139
-78.90311,250,11380.44813
339.44742,250,11386.516379
688.10376,250,11452.547314
189.37802,250,11455.427985
597.31757,250,11463.822223
568.98956,250,11469.81998
255.26413,250,11472.351581
481.99347,250,11475.239597
122.2232,250,11483.600087
548.936,250,11489.66662
561.58484,250,11492.217333
-81.75199,250,11495.086985
505.5913,250,11503.455916
505.86374,250,11509.739392
-52.866978,247,11512.105369
449.02084,250,11515.411091
101.46569,250,11524.134622
288.49005,250,11530.140736
507.77505,250,11532.46784
167.32767,250,11535.617151
179.22185,250,11544.126955
697.048,250,11550.09241
348.71823,250,11552.396242
139.3453,250,11555.477511
623.32074,250,11563.910812
247.13434,250,11569.948881
277.05005,250,11572.259659
352.96228,250,11575.360176
315.58487,250,11583.73095
-56.52179,250,11589.9818
-85.018906,250,11592.416813
288.5137,250,11595.726023
325.25,250,11604.587158
325.25024,250,11610.713935
527.9862,250,11613.051367
453.74652,250,11616.200986
483.07318,250,11688.172755
427.33133,250,11694.244096
525.87396,250,11696.562195
195.30284,250,11699.690424
461.29062,250,11708.13046
116.21706,250,11714.144143
-72.41393,250,11716.469252
596.74963,250,11719.578507
419.38107,250,11728.053123
334.25195,250,11734.363886
683.39294,250,11736.788455
212.29309,250,11740.012012
139.13158,250,11748.716602
606.06995,250,11754.815904
139.74881,250,11757.144088
263.3229,250,11760.322222
158.06564,250,11768.835348
336.84232,250,11775.004715
150.74698,250,11777.293836
145.73367,250,11780.381676
181.96822,250,11788.836622
308.3981,250,11794.8644
178.28867,250,11797.181979
-85.40164,250,11800.264048
-57.14291,250,11808.625104
347.45886,250,11814.898314
689.11523,250,11817.337303
196.44357,250,11820.590921
454.79504,250,11829.326676
700.7966,250,11835.333672
160.72693,250,11837.698233
210.23187,250,11840.840512
219.01907,250,11912.864883
17.646858,250,11919.063128
228.6717,250,11921.403332
470.93515,250,11924.527673
633.109,250,11932.884378
244.96225,250,11938.882419
327.2452,250,11941.229353
244.44562,250,11944.293742
-72.11168,250,11952.655249
319.3558,250,11958.929897
237.70587,250,11961.38106
147.58919,250,11964.649166
53.30979,250,11973.452065
666.91656,250,11979.543059
416.66644,250,11981.869501
495.89078,250,11984.995516
313.68158,250,11993.474222
290.0006,250,11999.51852
224.13899,250,12001.839332
322.926,250,12004.937733
548.20795,250,12013.246484
734.5861,250,12019.286471
132.91942,250,12021.608895
344.86777,250,12024.729168
32.14258,250,12033.108062
82.75894,250,12039.437333
312.97003,250,12041.889332
649.15216,250,12045.142568
13.360347,250,12053.905535
317.267,250,12059.933366
774.0752,250,12062.244845
432.25858,250,12065.370286
-49.6645,250,12137.215661
381.2293,250,12143.301696
119.859184,250,12145.677216
318.60553,250,12148.78457
44.14389,250,12157.322247
-74.63782,250,12163.445892
219.87686,250,12165.797397
222.85779,250,12168.98118
350.9816,250,12177.547613
385.33328,250,12184.091383
212.88411,250,12186.574648
163.80452,250,12189.905606
499.2905,250,12198.728773
619.4248,250,12204.910607
154.83963,250,12207.213735
71.33957,250,12210.315038
452.5436,250,12218.815344
412.02838,250,12224.952148
460.89694,250,12227.28475
368.85333,250,12230.384163
441.8184,250,12238.864795
208.27185,250,12244.852899
431.25116,250,12247.176592
355.93964,250,12250.260474
180.57668,250,12258.64615
153.52199,250,12264.961568
351.6134,250,12267.415848
391.6397,250,12270.679961
2.1124864,250,12279.365624
393.2898,250,12285.433302
-71.32629,250,12287.756346
203.75519,250,12290.848525
225.34338,250,12299.238436
624.0135,250,12368.398597
239.74435,250,12370.741271
252.74051,250,12373.867517
481.0827,250,12382.279812
320.23413,250,12388.272308
343.22382,250,12390.582121
211.59511,250,12393.669177
330.03473,250,12402.032428
528.90533,250,12408.308435
383.0198,250,12410.738466
-65.98649,250,12414.008147
-77.61209,250,12422.793628
642.85675,250,12428.879855
567.7122,250,12431.221625
138.99478,250,12434.376085
109.05983,250,12442.856462
520.6906,250,12448.894943
636.059,250,12451.206136
573.6114,250,12454.32046
-62.711956,250,12462.750392
678.98505,250,12468.753037
245.93063,250,12471.050753
-85.45473,250,12474.098995
162.07007,250,12482.402938
245.19678,250,12488.849921
618.8602,250,12491.332046
507.6921,250,12494.681744
55.628807,250,12503.54316
286.13928,250,12509.542136
594.73566,250,12511.851985
28.676464,250,12514.95498
582.59357,250,12523.367398
521.6197,250,12529.396005
553.19946,250,12595.1078
218.6821,250,12598.211457
553.46545,250,12606.695477
211.37784,250,12612.724598
252.94226,250,12615.09271
62.576553,250,12618.261326
272.7819,250,12626.762943
85.56722,250,12632.889016
257.14368,250,12635.282479
74.19361,250,12638.524151
13.207434,250,12647.283861
308.22852,250,12653.280375
256.36426,250,12655.586604
66.66663,250,12658.679792
459.3233,250,12667.070616
425.29272,250,12673.000951
23.674623,250,12675.308101
449.09103,250,12678.37109
52.026764,250,12686.694421
351.95825,250,12692.62328
358.78244,250,12694.978865
572.5353,250,12698.089402
340.00027,250,12706.553808
481.88187,250,12712.941003
152.56076,250,12715.424271
95.03603,250,12718.695673
108.60992,250,12727.463612
101.95438,250,12733.493329
542.6229,250,12735.827576
369.09128,250,12738.928807
591.665,250,12747.311073
203.22667,250,12753.358286
496.09174,250,12755.660816
260.14026,250,12822.539388
291.00455,250,12830.973119
180.82281,250,12837.207339
214.5405,250,12839.570152
233.33435,250,12842.732362
-15.708892,250,12851.218796
87.97024,250,12857.486125
276.66727,250,12859.945117
485.45453,250,12863.208023
160.3182,250,12871.910886
-69.697075,250,12877.963204
139.28677,250,12880.276984
484.12674,250,12883.449299
355.10907,250,12891.948282
48.14819,250,12897.87263
-81.68514,250,12900.152663
207.69305,250,12903.212437
-77.61208,250,12911.565382
30.57296,250,12917.612648
525.8504,250,12919.929276
290.5735,250,12923.018683
2.7666216,250,12931.46133
298.1202,250,12937.831673
260.1404,250,12940.248557
51.94317,250,12943.555208
303.04272,250,12952.291349
193.28737,250,12958.336824
19.133318,250,12960.703445
-42.122215,250,12963.797495
127.58734,250,12972.057868
-81.20317,250,12977.967313
-73.51008,250,12980.239348
163.53903,250,12983.26737
46.825066,250,13055.038113
76.67827,250,13061.044657
284.12723,250,13063.326335
32.35267,250,13066.400506
58.575806,250,13074.753728
442.55313,250,13081.130635
272.5502,250,13083.581809
277.48392,250,13086.854306
52.984848,250,13095.654859
193.9308,250,13101.729675
346.87595,250,13104.09327
285.90704,250,13107.224145
156.85034,250,13115.534344
445.8027,250,13121.567961
158.50427,250,13123.889252
55.01487,250,13126.982697
54.10932,250,13135.284313
176.52812,250,13141.272319
75.862236,250,13143.546484
560.2313,250,13146.629828
160.87067,250,13155.564129
554.13586,250,13161.847726
197.38672,250,13164.297898
400.00043,250,13167.576081
357.9137,250,13176.354216
266.19696,250,13182.365379
250.00073,250,13184.714625
60.771484,250,13187.833875
310.07202,250,13196.382351
37.704567,250,13202.550174
205.8426,250,13204.892704
374.5775,250,13208.010968
343.3334,250,13279.971027
512.5468,250,13285.930134
64.47349,250,13288.227458
114.286644,250,13291.308317
299.2679,250,13299.65156
129.45308,250,13305.865953
334.6293,250,13308.648243
113.52401,250,13311.976615
-4.2554626,250,13320.712795
253.57217,250,13326.764188
-22.818838,250,13329.104791
59.874306,250,13332.226738
53.52671,250,13340.722241
-31.750671,250,13346.907092
217.64813,250,13349.266472
267.00415,250,13352.438427
160.31824,250,13361.020329
226.79854,250,13367.119418
-41.81823,250,13369.433451
147.70753,250,13372.519762
-49.324345,250,13380.799552
92.029495,250,13387.042356
226.92401,250,13389.476123
461.53973,250,13392.798903
371.0147,250,13401.697912
48.0141,250,13407.746283
393.33322,250,13410.079188
223.23349,250,13413.183558
218.49402,250,13421.679448
174.91475,250,13427.874313
0.64918995,250,13430.24733
251.43872,250,13433.359774
503.63623,250,13441.673313
104.861694,250,13512.713717
-21.1619,250,13515.020073
188.39066,250,13518.101542
379.4011,250,13526.484327
324.71094,250,13533.168651
463.38046,250,13535.636012
527.5178,250,13538.942751
432.681,250,13547.686682
354.54672,250,13553.710495
104.22589,250,13556.014632
33.333195,250,13559.116384
178.81142,250,13567.408031
23.80929,250,13573.459306
100.71665,250,13575.798657
328.05823,250,13578.891394
238.927,250,13587.23774
35.134872,250,13593.304682
50.73506,250,13595.601298
292.0871,250,13598.737826
429.41174,250,13607.114294
1.8516542,250,13613.329464
108.334,250,13615.7402
59.259125,250,13618.991071
221.67892,250,13627.83077
262.22946,250,13633.8782
216.9946,250,13636.184896
146.47972,250,13639.256563
142.75476,250,13647.607772
-31.034523,250,13653.599649
478.2325,250,13655.887565
22.448685,250,13658.969449
229.58902,250,13667.393175
-28.81362,250,13673.411546
24.242142,250,13739.8831
221.4295,250,13742.948472
44.530907,250,13751.169067
437.9072,250,13757.38186
74.82525,250,13759.806194
213.79414,250,13763.065257
434.09146,250,13771.871785
471.42834,250,13777.95188
491.21765,250,13780.274047
186.71399,250,13783.387005
544.8279,250,13791.741353
130.50964,250,13797.73375
58.844532,250,13800.064032
306.5583,250,13803.239506
260.7601,250,13811.732318
363.23572,250,13817.778497
24.578848,250,13820.098534
574.82416,250,13823.260037
333.65723,250,13831.70284
290.8456,250,13838.080051
575.4727,250,13840.539444
160.45102,250,13843.825389
94.5397,250,13852.588826
70.64843,250,13858.639199
11.486275,250,13860.975161
327.58704,250,13864.080177
350.70465,250,13872.413152
624.2645,250,13878.467086
230.98657,250,13880.770787
270.37158,250,13883.858239
-28.82569,250,13892.278791
242.56165,250,13898.373003
150.00072,250,13900.739168
275.40503,250,13967.439415
278.73837,250,13975.982573
562.16364,250,13982.289748
10.749012,250,13984.740855
23.674623,250,13987.971855
554.3215,250,13996.727223
470.12146,250,14002.77739
403.47324,250,14005.115673
629.7289,250,14008.386233
73.285255,250,14016.800274
58.0642,250,14022.940783
442.20755,250,14025.281591
459.3233,250,14028.40382
-1.2740431,250,14036.900223
394.62473,250,14042.86418
162.98808,250,14045.137971
42.856895,250,14048.201922
649.04974,250,14056.568576
337.7361,250,14062.851334
207.1907,250,14065.297161
259.55127,250,14068.554664
433.1126,250,14077.39478
524.0613,250,14083.434665
1.7542115,250,14085.798089
497.70135,250,14088.929617
273.24005,250,14097.378739
16.040741,250,14103.612159
362.02588,250,14105.995081
127.92127,250,14109.226479
198.07784,250,14117.871783
410.41782,250,14123.983681
159.64989,250,14126.296101
409.50647,250,14129.452751
370.79135,250,14201.171695
-13.043601,250,14207.629876
140.67899,250,14210.113252
415.24347,250,14213.383706
494.5962,250,14222.168526
504.81216,250,14228.166131
443.75107,250,14230.519349
206.93152,250,14233.686594
452.4474,250,14242.224378
105.8826,250,14248.372343
566.6671,250,14250.712425
546.66583,250,14253.84977
204.63635,250,14262.318992
389.13055,250,14268.36112
249.05765,250,14270.677268
427.60727,250,14273.826643
594.7358,250,14282.339933
-5.3031955,250,14288.762157
515.3838,250,14291.262739
204.49939,250,14294.574687
185.7154,250,14303.434377
1.5871599,250,14309.503979
158.4626,250,14311.833451
408.3624,250,14314.965255
612.3287,250,14323.515916
-2.8778808,250,14329.604709
542.1047,250,14331.905241
504.65247,250,14335.021799
434.42706,250,14343.371054
392.48245,250,14349.392683
284.32892,250,14351.706385
519.2177,250,14354.811651
415.9232,250,14426.847808
618.3675,250,14433.175032
205.46693,250,14435.623706
306.1441,250,14438.88142
215.28745,250,14447.78052
326.82928,250,14454.05264
579.6112,250,14456.392172
578.29517,250,14459.516788
434.8197,250,14468.050759
295.34967,250,14474.102692
436.742,250,14476.435939
-84.4963,250,14479.491957
153.91951,250,14488.009946
540.13885,250,14498.678471
228.7208,250,14502.736448
121.87467,250,14508.132268
366.46326,250,14524.569057
-85.559746,250,14530.988734
460.28348,250,14533.439308
21.428267,250,14536.743824
461.15125,250,14545.526998
572.6611,250,14551.84781
429.8014,250,14554.303436
1.9106523,250,14557.563612
553.57007,250,14566.429948
545.5216,250,14572.870359
-7.534298,250,14575.345763
-85.865906,250,14578.615232
414.37787,250,14587.553898
499.3699,250,14594.004269
274.1726,250,14596.41418
209.5246,250,14599.697498
514.2426,250,14608.664054
426.145,250,14680.433988
52.671494,250,14682.764536
496.4908,250,14685.885641
739.55225,250,14694.256879
628.624,250,14700.322064
445.76373,250,14702.663039
247.68265,250,14705.759784
479.50647,250,14714.188104
80.81209,250,14720.230441
539.4566,250,14722.553508
529.8694,250,14725.667322
442.4362,250,14734.085377
613.7934,250,14740.101543
545.272,250,14742.433626
704.51056,250,14745.534515
647.17096,250,14754.050876
-71.73157,250,14760.39553
625.92694,250,14762.850443
622.6029,250,14766.166693
387.501,250,14775.075358
582.1427,250,14781.130672
24.999699,250,14783.477139
517.6475,250,14786.608325
377.27286,250,14795.099207
280.07474,250,14801.188463
617.5582,250,14803.5464
529.6307,250,14806.679724
552.0285,250,14815.18876
515.6355,250,14821.29085
603.07043,250,14823.621376
538.2251,250,14826.777095
499.33755,250,14835.32387
566.6661,250,14906.988392
360.00015,250,14909.473188
508.9735,250,14912.632171
740.14777,250,14921.150926
605.0849,250,14927.314323
573.3326,250,14929.677859
585.0639,250,14932.805582
547.4349,250,14941.263474
642.26904,250,14947.300165
640.34985,250,14949.587981
593.6624,250,14952.688474
673.72235,250,14961.140292
683.26984,250,14967.278526
-18.251125,102,14969.326814
492.71494,250,14969.590893
584.04846,250,14972.719575
632.20306,250,14987.516712
611.67865,250,14989.723407
674.43567,250,14989.999781
578.2005,250,14993.296617
324.3323,250,15008.29384
513.01404,250,15010.393435
444.52103,250,15010.67908
526.23004,250,15013.881754
225.87961,250,15028.830526
185.71494,250,15030.913594
509.90793,250,15031.178008
9.803703,250,15034.289181
221.5441,250,15048.67212
602.7012,250,15050.760561
514.61896,250,15051.018167
371.9477,250,15054.128468
466.6661,250,15068.8176
663.2505,250,15070.998698
784.7728,250,15071.27275
687.9995,250,15138.797914
608.3335,250,15153.270263
618.0325,250,15155.350382
685.96375,250,15155.603988
743.7487,250,15158.669495
679.35803,250,15173.222542
519.6726,250,15175.306651
596.3697,250,15175.566849
234.37537,250,15178.674621
302.13617,250,15193.290003
603.18024,250,15195.389782
617.1048,250,15195.657196
53.845814,250,15198.76611
677.77716,250,15213.63181
506.06064,250,15215.829166
559.9334,250,15216.104411
99.23427,250,15219.40605
243.53815,250,15234.515135
564.4304,250,15236.675294
524.1623,250,15236.937921
544.0678,250,15240.029607
664.7059,250,15254.636418
551.31525,250,15256.754344
649.1634,250,15257.025454
715.6984,250,15260.13025
505.2639,250,15274.718256
225.50426,250,15276.841458
569.99896,250,15277.103207
580.3803,250,15280.217524
642.7645,250,15295.073977
659.5826,250,15297.256733
755.42236,250,15297.540398
604.54407,250,15300.805861
687.0726,250,15379.433664
697.15186,250,15381.527477
690.16284,250,15381.782156
672.27704,250,15384.922271
642.309,250,15399.388919
639.6818,250,15401.500013
728.3583,250,15401.762136
299.26743,250,15404.877624
517.08887,250,15419.411997
736.502,250,15421.527009
650.0008,250,15421.782081
330.26712,250,15424.967145
733.33325,250,15439.643333
725.3429,250,15441.823628
682.1783,250,15442.107964
722.87866,250,15445.420344
637.3738,250,15460.58967
442.76328,250,15462.792291
296.7747,250,15463.068884
516.09973,250,15466.229478
718.18274,250,15480.651242
682.75903,250,15482.715459
547.43506,250,15482.983266
606.3193,250,15486.070584
800.3697,250,15500.603123
660.79663,250,15502.690459
741.5508,250,15502.960039
618.1214,250,15506.070161
718.8406,250,15520.954669
620.7778,250,15523.204328
650.0018,250,15523.48203
770.6283,250,15526.777642
684.2468,250,15605.726105
559.08997,250,15607.83458
693.3584,250,15608.097262
585.3592,250,15611.264599
692.5168,250,15625.877769
646.7936,250,15627.958027
629.0321,250,15628.219615
755.0727,250,15631.331927
183.33423,250,15646.041963
820.1525,250,15648.112285
457.971,250,15648.379343
706.4516,250,15651.506221
588.07385,250,15666.490865
588.27216,250,15668.700964
451.49606,250,15668.979118
761.3135,250,15672.221032
547.05853,250,15687.279133
-3.5716126,250,15689.402418
308.16412,250,15689.679025
651.6351,250,15692.900753
-19.46319,250,15707.882921
620.2381,250,15710.061912
30.302721,250,15710.335902
618.44543,250,15713.485998
365.51816,250,15728.16545
655.93195,250,15730.251558
85.9758,250,15730.528144
755.5137,250,15733.602814
776.4049,250,15748.598128
320.56183,250,15750.867998
267.49228,250,15751.149082
705.4594,250,15754.394357
599.67004,250,15833.465356
617.3914,250,15835.57479
807.63165,250,15835.834865
740.4261,250,15838.964644
619.2963,250,15853.613981
311.21603,250,15855.71315
713.1476,250,15855.986826
424.6481,250,15859.098627
328.5723,250,15873.749202
736.1198,250,15875.874947
708.91693,250,15876.141667
682.0054,250,15879.218816
709.8605,250,15894.078862
650.88837,250,15896.310262
526.711,250,15896.579876
329.5774,250,15899.839635
721.78217,250,15914.867659
738.92566,250,15916.943938
663.6987,250,15917.204108
732.7385,250,15920.372385
343.70892,250,15935.173201
718.49316,250,15937.293987
307.53506,250,15937.555691
184.811,250,15940.750032
825.67725,250,15955.225472
825.2652,250,15957.292636
761.2084,250,15957.551771
805.456,250,15960.63191
753.47906,250,15975.446756
730.1156,250,15977.65699
800.3819,250,15977.928157
764.6867,250,15981.199305
782.54987,250,16059.98334
884.1259,250,16062.065557
831.55927,250,16062.337694
836.17114,250,16065.471579
631.34393,250,16080.062023
837.7287,250,16082.132402
820.9631,250,16082.396257
671.9288,250,16085.52194
750.8467,250,16100.11194
798.55096,250,16102.197026
777.86456,250,16102.46011
462.87512,250,16105.604205
760.84076,250,16120.481425
753.8201,250,16122.718496
644.2611,250,16122.996222
775.43115,250,16126.317229
821.9863,250,16141.220739
700.6775,250,16143.322242
792.47205,250,16143.593349
812.45654,250,16146.695308
842.23663,250,16161.31914
844.2532,250,16163.45672
685.4893,250,16163.711892
408.77194,250,16166.815954
667.97394,250,16181.382421
760.9013,250,16183.449114
799.3281,250,16183.71225
729.6534,250,16186.833701
691.09607,250,16201.63847
781.91907,250,16203.863713
827.7572,250,16204.137837
846.5668,250,16207.400261
802.17413,250,16222.270036
744.7641,250,16224.383099
685.4396,250,16224.646202
819.708,250,16291.475176
553.19904,250,16306.024815
515.3852,250,16308.122431
763.0136,250,16308.393102
713.55786,250,16311.508598
-14.717918,175,16319.983078
647.4036,250,16328.120098
477.18225,250,16328.383781
649.9994,250,16331.549309
707.97095,250,16339.935614
617.31464,250,16348.390985
66.11274,250,16348.673065
727.83856,250,16351.918848
225.17464,250,16360.950045
415.43262,250,16369.313978
364.5166,250,16369.585167
471.89642,250,16372.821568
102.49198,250,16381.43792
410.20523,250,16389.556756
428.70206,250,16389.834392
585.6189,250,16392.994651
17.636206,79,16399.194687
172.72835,250,16401.454961
406.29034,250,16409.550928
704.0551,250,16409.818774
486.9576,250,16419.241031
695.6985,250,16421.495284
618.31036,250,16429.854878
787.6807,250,16430.119045
578.2954,250,16439.843432
207.69212,250,16442.105766
728.859,250,16450.164721
50.50139,250,16450.433855
493.16888,250,16523.905416
790.728,250,16526.155523
778.687,250,16534.244392
606.8971,250,16534.512078
682.3127,250,16543.939254
701.37,250,16546.192005
585.60626,250,16554.269467
822.5368,250,16554.533558
812.3362,250,16563.889859
873.07684,250,16566.119179
755.671,250,16574.708298
808.1617,250,16574.992743
849.275,250,16584.886618
798.8312,250,16587.197667
741.4637,250,16595.480298
502.7402,250,16595.743995
706.3238,250,16605.195676
800.73535,250,16607.454194
747.2214,250,16615.601997
814.28546,250,16615.864197
836.3942,250,16625.34027
778.0497,250,16627.6113
781.0398,250,16635.77264
639.41315,250,16636.034335
845.05457,250,16645.481367
839.99994,250,16647.741442
908.0979,230,16654.87657
591.4501,250,16656.33258
762.1688,250,16666.640411
777.1322,250,16668.979024
667.4418,250,16675.814948
563.461,250,16677.217007
748.59283,250,16751.343295
609.77966,250,16753.585031
860.31604,250,16760.224546
859.41003,250,16761.597408
298.0897,250,16771.205429
844.64954,250,16773.444882
807.143,250,16780.137035
834.7829,250,16781.501816
786.2866,250,16791.227422
748.27563,250,16793.468301
844.6344,250,16800.605763
839.59674,250,16802.075251
840.3501,250,16812.392136
637.6086,250,16814.670469
867.1528,250,16821.337576
808.2295,250,16822.702129
875.43787,250,16832.451827
689.28613,250,16834.741608
919.1999,202,16837.624846
857.096,250,16842.836633
870.9105,250,16852.578325
775.8388,250,16854.845965
840.70996,250,16857.716319
458.82462,250,16862.996675
780.95135,250,16872.716036
812.7275,250,16874.980348
711.44727,250,16878.073888
819.8617,250,16883.482347
874.7268,250,16893.693496
825.9244,250,16896.081661
692.8562,250,16899.041489
670.0358,250,16904.295741
812.75085,250,16914.149251
696.7203,250,16916.434689
855.6303,250,16982.781481
787.6399,250,16987.942143
726.9216,250,16997.818855
677.7757,250,17000.078072
807.93634,250,17002.961214
763.77765,250,17008.188276
832.1432,250,17017.943704
835.2526,250,17020.208544
725.0,250,17023.360144
810.89136,250,17028.803557
859.559,250,17038.958155
807.3346,250,17041.288745
654.54626,250,17044.196322
817.24176,250,17049.509224
833.8233,250,17059.238314
909.6008,226,17059.582513
644.1857,250,17064.423582
820.63354,250,17069.587656
692.59296,250,17079.268682
849.8311,250,17079.61183
862.40405,250,17084.435805
860.911,250,17089.705087
826.5152,250,17099.483986
857.2363,250,17099.841282
877.6937,250,17104.875665
323.5673,250,17110.28516
842.44696,250,17120.434619
849.81824,250,17120.791211
589.4413,250,17125.742204
917.30164,207,17127.517543
917.59875,206,17137.501484
848.7164,250,17140.712502
782.73517,250,17145.88349
