#{"t_start": 1701219911.8051705, "env_id": "None"}
r,l,t
-78.647835,250,54.295808
-46.32775,250,54.29681
-37.06292,250,54.29681
-53.79543,250,54.29681
-62.8484,250,104.484426
-37.908493,250,104.484426
-22.297276,250,104.484426
-49.790833,250,104.484426
-36.66664,250,133.023756
-48.63017,250,133.023756
-13.669058,250,133.02476
-30.693024,250,133.02476
-54.39744,250,160.849657
-63.76821,250,160.850658
-71.33773,250,160.850658
-38.628136,250,160.850658
-27.756605,250,187.431298
-41.605846,250,187.431298
-37.28221,250,187.431298
-50.381718,250,187.431298
-50.877224,250,214.270704
-42.307747,250,214.270704
-26.199238,250,214.270704
-33.993378,250,214.270704
-48.88184,250,239.636096
-56.83461,250,239.636096
-37.313408,250,239.640301
-39.68255,250,239.640301
-66.29224,250,265.731275
-59.10788,250,265.731275
-9.774402,250,265.731275
-62.382545,250,265.731275
-21.146915,250,410.344124
-62.585144,250,410.344124
-60.26499,250,410.344124
-49.495014,250,410.344124
-43.33336,250,440.509512
-0.7354529,250,440.509512
-61.130825,250,440.509512
-64.40138,250,440.509512
-144.41187,205,461.660097
-59.375145,250,466.360594
-26.42135,250,466.360594
-66.443054,250,466.360594
-62.73301,250,490.217699
-20.689747,250,496.16371
-19.298315,250,496.16371
-49.494972,250,496.16371
-51.965107,250,516.245136
-42.56758,250,520.110577
-40.438866,250,520.110577
-19.19194,250,520.110577
-25.26693,250,536.950478
-57.377106,250,540.529069
-39.75902,250,540.529069
-52.55481,250,540.529069
-47.183098,250,556.509533
-20.754677,250,559.962731
-50.8197,250,559.962731
-27.007332,250,559.962731
-22.600594,250,576.786857
-30.81759,250,580.785333
2.990045,250,580.785333
-55.12825,250,580.78633
-62.457466,250,667.371207
-22.794067,250,670.882668
-20.863298,250,670.882668
-36.32969,250,670.882668
-39.716305,250,687.901992
-55.017387,250,692.103756
-45.20547,250,692.103756
-29.53019,250,692.103756
-62.96304,250,708.840306
20.274662,250,712.489653
-37.313435,250,712.489653
-37.08611,250,712.489653
-69.35944,250,729.36949
-67.63765,250,733.523588
-54.063644,250,733.524587
-54.0984,250,733.524587
-49.82081,250,751.207295
-42.238277,250,754.938349
-70.14936,250,754.938349
1.7542268,250,754.938349
-28.125048,250,770.96647
-16.66677,250,774.480501
-76.66682,250,774.480501
-80.31512,250,774.481501
-38.311703,250,790.764906
-29.961065,250,794.369858
-40.19932,250,794.369858
-62.711945,250,794.369858
-58.175022,250,811.008603
52.984818,250,814.583631
-38.23528,250,814.583631
-55.27163,250,814.583631
-53.17729,250,901.334534
-22.807083,250,904.820609
-29.93633,250,904.820609
9.889904,250,904.820609
-38.271614,250,920.89726
-35.593246,250,924.428204
-29.230812,250,924.428204
1.7542268,250,924.428204
-44.62542,250,940.757085
14.814798,250,944.286062
-39.71628,250,944.287068
-21.933176,250,944.287068
-74.0261,250,972.254871
-39.102592,250,980.068167
-30.00002,250,980.068167
-65.4089,250,980.068167
-9.722344,250,996.93337
132.65396,250,1000.603487
-43.548374,250,1000.603487
29.370375,250,1000.603487
-57.29543,250,1017.629626
-32.624153,250,1021.295549
-26.66672,250,1021.295549
-40.740772,250,1021.295549
-34.718117,250,1038.067202
-53.846188,250,1041.720743
22.743423,250,1041.720743
-52.029568,250,1041.720743
-25.816053,250,1059.055395
2.9410205,250,1062.882622
34.831207,250,1062.882622
-17.562798,250,1062.882622
-47.85278,250,1149.65425
-25.465843,250,1153.108882
-26.666716,250,1153.108882
-38.27163,250,1153.108882
-27.272783,250,1168.724911
-30.817642,250,1172.20178
-3.703859,250,1172.20178
-8.39708,250,1172.20178
6.109161,250,1188.116793
-24.914724,250,1191.613932
-17.431286,250,1191.613932
55.339462,250,1191.613932
-23.588106,250,1207.609447
-41.818222,250,1211.177853
-36.758896,250,1211.177853
-18.819302,250,1211.177853
-46.478905,250,1228.193911
29.128891,250,1231.91091
21.950962,250,1231.91091
23.674639,250,1231.91091
161.01721,250,1248.035253
-3.030461,250,1251.532037
-36.10228,250,1251.532037
-27.392797,250,1251.532037
-66.25776,250,1267.475316
-47.71244,250,1270.981224
-33.33332,250,1270.981224
22.977064,250,1270.981224
-9.090844,250,1287.332916
-15.0580435,250,1290.870977
-29.577507,250,1290.870977
4.729593,250,1290.870977
74.72116,250,1308.141229
11.91316,250,1379.743768
77.0831,250,1379.743768
57.142494,250,1379.744775
264.2618,250,1395.836758
3.7734075,250,1399.324968
226.31625,250,1399.324968
141.93623,250,1399.324968
23.376392,250,1415.362807
2.1125093,250,1418.814056
34.751526,250,1418.814056
20.12962,250,1418.814056
198.65833,250,1434.856659
-23.841125,250,1438.397908
-40.000023,250,1438.397908
17.43759,250,1438.397908
56.626198,250,1455.200619
72.54905,250,1458.87525
125.59026,250,1458.87525
56.626244,250,1458.87525
-40.476223,250,1474.931906
134.87654,250,1478.360232
86.66698,250,1478.360232
-33.110397,250,1478.360232
-8.474715,250,1494.291798
42.360786,250,1497.771808
111.53911,250,1497.771808
40.740433,250,1497.771808
165.51811,250,1513.721525
-52.229343,250,1517.18145
36.777786,250,1517.18145
135.91629,250,1517.18145
3.5712223,250,1533.756119
-30.232601,250,1537.433915
-35.211304,250,1537.433915
24.999767,250,1537.433915
373.8804,250,1621.299335
261.02332,250,1624.883704
570.45404,250,1624.883704
-33.333363,250,1624.883704
122.91085,250,1641.43846
47.69207,250,1645.0811
67.857,250,1645.0811
257.3779,250,1645.0811
174.449,250,1661.343297
105.48,250,1664.838738
-3.846277,250,1664.839737
35.219826,250,1664.839737
458.4413,250,1682.010987
81.1024,250,1685.698876
34.751526,250,1685.698876
113.01807,250,1685.698876
199.18143,250,1702.051582
148.0926,250,1705.610579
9.999825,250,1705.610579
425.42496,250,1705.610579
84.931366,250,1722.107991
-29.411816,250,1725.680453
387.17953,250,1725.681453
57.556053,250,1725.681453
127.84884,250,1742.536282
293.2215,250,1746.23597
394.81055,250,1746.23597
198.36162,250,1746.23597
21.107056,250,1763.795537
199.6644,250,1767.690029
334.92093,250,1767.690029
236.33694,250,1767.690029
219.44522,250,1851.693451
429.63074,250,1855.233523
51.702538,250,1855.233523
100.73034,250,1855.233523
411.19394,250,1871.533067
287.9609,250,1875.119629
177.979,250,1875.119629
43.344437,250,1875.119629
335.64404,250,1891.540253
163.9304,250,1895.102339
87.87908,250,1895.102339
79.73828,250,1895.102339
204.66039,250,1912.34486
532.8106,250,1916.116245
204.03003,250,1916.116245
485.36615,250,1916.116245
483.63065,250,1932.716683
131.01364,250,1936.307635
92.02942,250,1936.307635
280.64557,250,1936.307635
-21.985899,250,1952.472095
428.77744,250,1955.978217
70.73163,250,1955.978217
83.7458,250,1955.978217
352.2065,250,1972.586085
401.9017,250,1976.392904
35.646454,250,1976.392904
246.15485,250,1976.393903
477.076,250,2004.799191
88.0345,250,2012.846767
250.69513,250,2012.846767
290.97855,250,2012.846767
174.19444,250,2097.663937
119.298965,250,2101.200962
63.043373,250,2101.200962
224.4158,250,2101.200962
231.1484,250,2117.644732
385.71423,250,2121.307198
287.62286,250,2121.307198
189.75378,250,2121.307198
291.0045,250,2137.654894
557.62787,250,2141.259086
749.26514,250,2141.259086
198.6119,250,2141.259086
451.97235,250,2158.504838
325.37354,250,2162.264678
593.9501,250,2162.264678
227.81525,250,2162.264678
316.05902,250,2178.517301
254.71799,250,2182.040241
507.25922,250,2182.040241
208.97089,250,2182.040241
564.4724,250,2198.47364
684.9448,250,2201.971483
144.96736,250,2201.971483
754.67017,250,2201.971483
269.17667,250,2218.151657
606.76544,250,2221.738475
674.999,250,2221.738475
732.6684,250,2221.738475
458.36044,250,2238.901856
279.18304,250,2242.573515
235.79431,250,2242.573515
123.88128,250,2242.573515
373.15543,250,2326.175254
329.82532,250,2329.772393
143.33429,250,2329.772393
181.55406,250,2329.772393
336.2425,250,2346.352496
600.7033,250,2349.870357
210.67969,250,2349.870357
403.49612,250,2349.870357
374.2276,250,2366.112243
378.10272,250,2369.66718
528.2517,250,2369.66818
161.43896,250,2369.66818
470.5701,250,2387.073935
261.6245,250,2390.832325
235.52725,250,2390.832325
303.67084,250,2390.832325
280.9527,250,2407.121941
287.09778,250,2410.714697
167.2076,250,2410.714697
209.52441,250,2410.714697
386.8423,250,2427.026603
193.10448,250,2430.68721
287.62292,250,2430.68721
527.6578,250,2430.68721
616.47406,250,2447.018934
566.6675,250,2450.592763
472.99304,250,2450.592763
168.04204,250,2450.592763
473.17105,250,2467.534324
488.74423,250,2471.156068
348.16162,250,2471.156068
653.4711,250,2471.156068
433.333,250,2487.619386
772.72784,250,2558.589879
150.001,250,2558.589879
469.44525,250,2558.589879
733.949,250,2574.976958
450.6085,250,2578.542813
453.46008,250,2578.542813
107.23749,250,2578.542813
247.68271,250,2594.96476
906.49835,234,2597.225855
616.844,250,2598.496347
456.57608,250,2598.496347
337.0632,250,2615.696233
330.46396,250,2618.091411
447.7043,250,2619.423761
385.29456,250,2619.423761
319.7958,250,2635.95755
628.25977,250,2638.355991
346.73605,250,2639.680437
863.3695,250,2639.681437
718.5193,250,2656.227419
435.9718,250,2658.586912
756.6542,250,2659.911163
163.15858,250,2659.911163
441.1396,250,2676.183915
493.9851,250,2678.473931
59.420105,250,2679.770418
582.7291,250,2679.770418
644.4085,250,2696.994644
616.12897,250,2699.387721
619.5563,250,2700.678302
370.17572,250,2700.678302
880.91693,250,2717.116844
527.17584,250,2719.456971
664.49225,250,2720.762053
863.89734,250,2720.762053
377.94165,250,2804.35892
661.9035,250,2806.70896
731.5403,250,2808.030458
443.68924,250,2808.030458
60.37709,250,2824.308116
46.341156,250,2826.625286
570.1021,250,2827.951477
270.92023,250,2827.951477
607.6416,250,2845.141954
724.56055,250,2847.50289
41.06549,250,2848.818579
506.74,250,2848.818579
346.42886,250,2865.387872
441.38007,250,2867.681239
482.734,250,2868.987694
215.43707,250,2868.987694
171.60568,250,2885.615337
562.75714,250,2887.995486
439.634,250,2889.348674
743.0028,250,2889.349674
361.7836,250,2906.11139
480.5481,250,2908.473666
736.17523,250,2909.789922
855.4639,250,2909.790919
615.7882,250,2927.208323
742.69684,250,2929.625692
563.264,250,2930.973635
849.45703,250,2930.973635
305.06387,250,2947.507442
303.561,250,2949.81892
305.30374,250,2951.079916
213.86954,250,2951.079916
720.7871,250,3035.364904
336.48273,250,3037.663212
422.2928,250,3038.955399
700.0009,250,3038.955399
49.99968,250,3055.242793
371.2236,250,3057.620747
836.66705,250,3058.930644
721.81805,250,3058.931618
636.3006,250,3076.361169
734.4366,250,3078.845306
717.5691,250,3080.229084
519.7163,250,3080.229084
829.3677,250,3096.73629
597.50903,250,3099.143779
824.139,250,3100.417465
516.4376,250,3100.417465
625.80615,250,3116.983929
316.66763,250,3119.343626
592.85596,250,3120.667418
884.4338,250,3120.667418
72.881294,250,3137.210122
512.1223,250,3139.522098
265.3855,250,3140.827508
692.25415,250,3140.827508
811.18353,250,3158.468251
256.90344,250,3160.964092
621.6482,250,3162.327976
768.7489,250,3162.327976
320.00046,250,3178.887606
799.59985,250,3181.219701
668.95154,250,3182.534033
563.26624,250,3182.534033
839.4994,250,3267.181017
145.95554,250,3269.454844
578.56946,250,3270.758779
672.2399,250,3270.758779
836.8416,250,3287.304355
360.05615,250,3289.643257
866.5406,250,3290.951729
445.4549,250,3290.951729
186.64592,250,3308.49104
235.40482,250,3310.93904
901.60077,246,3311.919373
733.3341,250,3312.271702
813.79376,250,3329.051341
698.04364,250,3331.459805
796.4397,250,3332.455695
511.11234,250,3332.803408
611.2674,250,3349.497969
608.63165,250,3351.919032
245.04892,250,3352.898753
644.02606,250,3353.250013
797.68994,250,3369.879397
536.0657,250,3372.32601
841.9792,250,3373.296713
134.9215,250,3373.642464
818.9197,250,3391.160828
685.9635,250,3393.691821
815.8235,250,3394.683242
674.1936,250,3395.032579
789.6305,250,3411.584424
909.001,228,3413.138871
877.86066,250,3413.961308
867.0324,250,3415.265716
78.181625,250,3498.141548
171.87607,250,3499.678043
766.89404,250,3500.517116
278.0492,250,3501.805791
768.91437,250,3518.435436
453.19174,250,3519.986088
661.4388,250,3520.80755
763.22266,250,3522.139979
460.00046,250,3539.462111
298.62616,250,3541.079006
-2.9127853,250,3541.991005
826.90936,250,3543.34734
537.9295,250,3560.0289
685.4784,250,3561.639208
800.3316,250,3562.491985
605.88245,250,3563.82605
628.7586,250,3580.337906
624.3568,250,3581.857471
821.9313,250,3582.660013
541.4458,250,3583.913257
683.68823,250,3600.487881
722.0319,250,3602.032568
688.07886,250,3602.862107
599.68005,250,3604.141954
877.10065,250,3621.467391
865.7537,250,3623.075022
779.6976,250,3623.944279
432.1112,250,3625.307501
507.5938,250,3641.919812
522.2907,250,3643.45749
745.42596,250,3644.264035
290.3354,250,3645.535348
707.8275,250,3661.976525
735.124,250,3730.006452
575.9987,250,3730.843041
819.4132,250,3732.147291
323.56702,250,3748.827297
857.8534,250,3750.384724
323.4237,250,3751.207372
862.2636,250,3752.526667
95.91883,250,3769.787277
353.94717,250,3771.426721
701.4187,250,3772.256717
530.3632,250,3773.696423
353.4894,250,3801.632554
688.64386,250,3804.122173
622.2232,250,3805.412225
374.04944,250,3809.135626
700.63354,250,3826.514245
904.4016,239,3827.206161
893.0064,250,3828.991778
834.7087,250,3830.441275
369.45358,250,3847.575269
276.40506,250,3848.235954
878.33746,250,3849.90074
831.972,250,3851.187203
790.03503,250,3868.648953
527.1174,250,3869.351802
625.3084,250,3871.154966
892.3668,250,3872.464168
906.79956,233,3887.789713
592.55634,250,3889.962843
753.82,250,3891.664023
811.2611,250,3893.046853
850.16473,250,3908.693441
873.78375,250,3910.753435
856.5215,250,3912.467865
30.698814,250,3913.78484
676.2702,250,3995.178551
881.9474,250,3997.171585
885.4568,250,3998.870092
860.3159,250,4000.158521
865.985,250,4016.313607
357.44748,250,4018.522902
896.184,250,4020.338038
555.7354,250,4021.656481
720.434,250,4037.052822
869.0719,250,4039.107033
651.5152,250,4040.845623
693.3328,250,4042.150524
29.999737,250,4057.47159
81.15921,250,4059.45539
830.5547,250,4061.161969
896.42975,250,4062.430221
205.26389,250,4078.073915
660.94275,250,4080.116418
896.13837,250,4081.857827
885.0188,250,4083.222814
189.65622,250,4099.566857
832.6588,250,4101.775129
740.3893,250,4103.602143
71.974556,250,4104.980104
746.9053,250,4120.575197
909.7988,226,4120.65473
818.0867,250,4124.386762
752.75995,250,4125.713904
805.229,250,4141.118685
872.60345,250,4141.21481
861.93604,250,4145.011602
881.55035,250,4146.375161
862.96265,250,4227.434399
814.4958,250,4227.535935
350.98157,250,4231.116465
848.33984,250,4232.408828
817.21796,250,4248.366331
686.8841,250,4248.463891
730.507,250,4252.308534
892.7005,250,4253.621734
857.8939,250,4269.026664
848.454,250,4269.131182
664.0833,250,4272.831937
534.67566,250,4274.119891
857.7475,250,4289.279435
678.6538,250,4289.376952
896.4391,250,4293.009136
714.6847,250,4294.303191
878.4925,250,4309.444297
614.72327,250,4309.551399
690.44,250,4313.209134
848.63025,250,4314.568295
727.58685,250,4330.625426
504.79092,250,4330.740071
826.05646,250,4334.564037
889.0103,250,4335.904498
819.3552,250,4351.29212
785.24396,250,4351.393696
876.10767,250,4355.001371
719.2322,250,4356.272582
796.79486,250,4371.795585
782.5391,250,4371.910149
649.99963,250,4375.565289
833.06903,250,4376.863778
728.1799,250,4459.088322
673.7688,250,4459.190859
780.2586,250,4462.778965
863.5036,250,4464.0542
729.8598,250,4480.161298
644.9648,250,4480.262882
732.8277,250,4484.071692
818.1472,250,4485.430933
878.4178,250,4500.804569
654.38434,250,4500.909154
800.3316,250,4504.983921
788.5226,250,4506.300414
902.3007,245,4521.491463
579.73956,250,4521.863735
850.6574,250,4525.638788
883.973,250,4526.953527
820.00073,250,4541.875877
744.06635,250,4542.23254
819.35516,250,4545.985233
881.7521,250,4547.278399
228.40329,250,4563.014738
859.0429,250,4563.383049
900.00085,250,4567.177846
865.0343,250,4568.481182
842.17633,250,4583.393213
870.5885,250,4583.737915
885.1859,250,4587.397562
885.01855,250,4588.695533
823.955,250,4603.619176
209.5234,250,4603.976794
566.66766,250,4607.734674
680.3918,250,4609.039269
788.1347,250,4691.879883
654.9015,250,4692.239971
896.4802,250,4696.074461
541.5084,250,4697.426305
864.54034,250,4713.473951
601.6377,250,4713.84429
744.5965,250,4717.85836
635.84814,250,4719.312551
776.7128,250,4734.417149
720.33844,250,4734.774001
806.3532,250,4738.482578
709.52264,250,4739.780475
535.0852,250,4754.715085
432.6464,250,4755.056276
400.0012,250,4758.832063
747.1749,250,4760.124284
877.8605,250,4774.908612
724.56067,250,4775.241358
812.87897,250,4778.911189
860.1313,250,4780.155585
692.04846,250,4795.934598
810.1543,250,4796.28492
647.5715,250,4800.176435
853.2383,250,4801.557072
630.7681,250,4816.747393
714.5688,250,4817.089584
686.9836,250,4820.8578
693.65027,250,4822.194397
715.8836,250,4837.009016
701.8583,250,4837.352725
810.59546,250,4840.980574
867.15295,250,4842.315573
874.5469,250,4857.240911
769.70624,250,4857.608606
65.49262,250,4927.813992
738.6093,250,4929.110274
832.03845,250,4944.642982
806.0607,250,4945.018246
915.8986,211,4946.929629
888.4614,250,4948.840979
918.59924,204,4961.725136
912.5007,219,4964.766973
421.7403,250,4965.100224
912.50085,219,4966.6181
892.75336,250,4982.02975
726.38904,250,4985.115421
494.2042,250,4985.458703
865.8699,250,4986.965762
610.0586,250,5002.39038
334.2112,250,5005.50317
738.09503,250,5005.84044
866.8873,250,5007.413051
881.27356,250,5023.752514
490.5042,250,5027.567826
689.8083,250,5027.997106
901.7996,246,5029.375546
774.1937,250,5046.86615
828.08234,250,5050.265698
846.235,250,5050.6609
842.65076,250,5052.035266
913.8987,216,5066.164628
877.1242,250,5072.563306
892.64795,250,5072.950448
893.485,250,5074.321317
813.3555,250,5088.526987
885.3472,250,5094.937499
875.3529,250,5095.324634
776.2883,250,5096.67047
829.8902,250,5187.247483
826.7395,250,5193.351135
889.16797,250,5193.709734
863.70844,250,5194.975679
883.4435,250,5208.623718
907.999,230,5213.196074
850.7693,250,5215.271385
882.5169,250,5216.549741
626.471,250,5230.573778
466.1541,250,5235.154754
834.5461,250,5237.34139
872.316,250,5238.665035
873.9403,250,5252.773767
731.0819,250,5257.310913
813.042,250,5259.474745
525.44006,250,5260.885121
571.3263,250,5275.310162
525.78705,250,5280.068933
730.5632,250,5282.158887
870.19836,250,5283.48316
724.56036,250,5297.035602
861.0871,250,5301.354722
704.48517,250,5303.326701
844.8285,250,5304.607322
843.7753,250,5317.917434
885.91656,250,5322.225672
815.1933,250,5324.254283
787.2734,250,5325.553041
740.0001,250,5338.835848
667.0228,250,5343.134955
670.54736,250,5345.057018
885.9643,250,5346.308928
841.93567,250,5428.363652
853.5711,250,5432.597767
718.18024,250,5434.568342
859.5588,250,5435.820047
888.8053,250,5448.60675
869.4897,250,5452.863253
909.8999,226,5452.863253
574.2648,250,5456.035686
661.5631,250,5469.115825
774.2506,250,5473.383432
896.56323,250,5473.383432
889.3973,250,5476.525188
823.63806,250,5489.412069
877.0468,250,5493.652183
822.8186,250,5493.652183
852.38,250,5496.863857
834.25397,250,5510.454589
764.7676,250,5514.923795
829.62976,250,5514.923795
790.67505,250,5518.21594
815.74976,250,5531.445563
866.91113,250,5535.751204
733.8741,250,5535.751204
887.0971,250,5538.936627
605.5003,250,5551.803801
896.42883,250,5556.029272
834.7082,250,5556.029272
816.1294,250,5559.166614
811.0427,250,5572.125225
642.2676,250,5576.297478
889.96466,250,5576.297478
884.9048,250,5579.476078
362.78363,250,5661.851884
836.0881,250,5666.03198
569.9667,250,5666.032979
660.7974,250,5669.147418
816.33264,250,5681.905065
872.1271,250,5686.158058
870.4798,250,5686.158058
790.1097,250,5689.285725
874.841,250,5702.163291
763.63464,250,5706.41768
504.02594,250,5706.41768
633.08246,250,5709.650564
884.3258,250,5722.621701
262.18027,250,5726.823887
705.55536,250,5726.823887
829.3666,250,5730.006479
823.076,250,5743.323925
718.74817,250,5747.917718
833.3318,250,5747.917718
886.5757,250,5751.219383
813.3551,250,5764.191
878.64465,250,5768.440871
522.7735,250,5768.440871
762.2741,250,5771.624258
626.6411,250,5784.612301
867.63715,250,5789.001771
756.1864,250,5789.001771
878.33685,250,5792.189068
840.70917,250,5805.392225
889.0913,250,5809.725201
896.5181,250,5809.725201
797.89954,250,5812.923551
889.3614,250,5826.637749
877.3573,250,5898.284073
839.4988,250,5898.284073
869.5821,250,5901.452935
798.9882,250,5914.304509
680.48895,250,5918.618917
858.47546,250,5918.618917
730.56476,250,5921.832791
838.1093,250,5934.842987
748.7647,250,5939.135598
863.3332,250,5939.135598
904.89813,238,5941.296142
761.3862,250,5955.041624
874.07404,250,5959.194093
843.66376,250,5959.194093
885.7624,250,5961.38787
751.20917,250,5975.660084
621.8315,250,5980.194108
798.6003,250,5980.194108
858.4756,250,5982.511179
793.1045,250,5996.543231
856.365,250,6000.82341
882.93335,250,6000.82341
870.37103,250,6002.994398
532.9977,250,6016.885706
859.8534,250,6021.124086
817.4601,250,6021.124086
702.01263,250,6023.302392
836.8755,250,6036.979954
855.12665,250,6041.166736
840.14185,250,6041.166736
847.36646,250,6043.380054
781.4811,250,6057.865423
763.77783,250,6062.407454
884.5204,250,6062.407454
805.723,250,6064.832863
884.433,250,6145.645684
774.2326,250,6150.024494
564.57666,250,6150.024494
886.15704,250,6152.168292
613.3531,250,6166.03668
850.1755,250,6170.275001
870.2974,250,6170.275001
847.2035,250,6172.459055
905.9989,235,6185.101875
841.17676,250,6190.513941
892.70044,250,6190.513941
822.5096,250,6192.689419
896.7324,250,6205.830265
911.59894,221,6209.079031
807.75006,250,6211.583515
865.3957,250,6213.859218
857.7908,250,6227.103487
926.3,185,6229.462728
870.29706,250,6230.234218
740.49036,250,6232.588989
792.74457,250,6247.350401
876.2691,250,6249.710023
881.94714,250,6250.468781
883.04865,250,6252.775392
889.3214,250,6267.613375
906.49976,234,6268.705261
904.7995,238,6269.816374
826.6843,250,6273.186752
789.9669,250,6288.434257
852.7041,250,6289.553866
868.9665,250,6290.694121
877.9413,250,6294.22199
480.538,250,6375.602479
751.44806,250,6376.675843
584.0253,250,6377.737088
359.93094,250,6380.987131
103.22562,250,6395.570678
226.38876,250,6396.615612
57.190323,250,6397.684124
167.20726,250,6400.92894
60.990456,250,6415.610488
130.15912,250,6416.680425
63.6361,250,6417.767532
131.51126,250,6421.366358
107.746315,250,6446.35423
234.52046,250,6448.176737
207.1673,250,6450.017299
261.2174,250,6458.080758
17.21601,250,6474.439182
58.07525,250,6475.687486
63.63622,250,6476.926828
224.50381,250,6480.418089
65.0162,250,6496.438892
95.1217,250,6497.608528
245.91283,250,6498.72673
119.12374,250,6502.10991
236.39218,250,6517.053268
102.572784,250,6518.116472
230.73985,250,6519.184189
51.94314,250,6522.453877
50.684654,250,6537.383975
89.27445,250,6538.519737
-20.962286,250,6539.650249
179.5705,250,6543.112217
120.12551,250,6624.50805
166.43593,250,6625.584808
124.91399,250,6626.614977
131.06094,250,6629.923579
-28.057634,250,6644.582939
-35.275097,250,6645.624983
46.428192,250,6646.707775
-27.007381,250,6649.975566
-33.110428,250,6664.701709
25.827496,250,6665.79441
-39.024414,250,6666.883303
-30.795877,250,6670.140357
-38.51135,250,6685.100059
-29.629698,250,6686.216179
43.382095,250,6687.317422
-22.780008,250,6690.857896
16.88292,250,6705.846406
-38.650337,250,6706.916861
-31.034517,250,6707.996769
-42.07322,250,6711.403819
29.031944,250,6726.396176
32.295403,250,6727.595721
-25.093702,250,6728.798888
28.712572,250,6732.49513
-39.759052,250,6747.041433
-33.55484,250,6748.066974
-33.333355,250,6749.116111
-28.825674,250,6752.342747
-30.79588,250,6767.435616
-25.093704,250,6768.675841
-30.31363,250,6769.830766
42.856804,250,6773.332427
24.11325,250,6788.234951
-39.39397,250,6855.940522
-30.313637,250,6856.992698
-21.428638,250,6860.300535
105.78762,250,6874.873651
87.49965,250,6875.961029
26.623096,250,6877.044796
241.63722,250,6880.286119
72.63816,250,6895.322881
55.963013,250,6896.473555
71.520676,250,6897.578255
100.71649,250,6900.881569
194.30424,250,6915.693869
175.86241,250,6916.854211
106.66678,250,6917.997475
258.975,250,6921.421992
26.182924,250,6936.387351
222.4643,250,6937.437483
253.5362,250,6938.495557
96.202255,250,6941.796523
114.53293,250,6956.152328
99.999794,250,6957.199435
236.84256,250,6958.27589
77.70056,250,6961.903983
52.542168,250,6977.105697
287.09766,250,6978.198086
215.06844,250,6979.269544
242.65771,250,6982.677142
242.28185,250,6998.571884
153.12497,250,6999.751904
100.64691,250,7000.914215
218.32797,250,7004.759843
91.63732,250,7020.158987
169.10347,250,7021.258002
169.84172,250,7022.476912
276.8658,250,7092.868128
174.0744,250,7107.526957
125.589455,250,7108.63028
257.1432,250,7109.703418
209.4468,250,7113.008268
126.83738,250,7128.129925
190.32317,250,7129.207072
86.27421,250,7130.274152
242.01967,250,7133.569721
224.84113,250,7148.864417
114.532776,250,7149.992099
104.89305,250,7151.154727
114.28567,250,7154.625193
141.79134,250,7169.601473
201.47093,250,7170.662109
253.74226,250,7171.728068
337.03778,250,7174.933149
114.95322,250,7189.635777
103.225685,250,7190.67584
179.74309,250,7191.72303
146.42883,250,7194.981616
248.83743,250,7209.690716
201.3697,250,7210.755841
261.94046,250,7211.801085
170.76974,250,7215.008862
106.8963,250,7230.141959
195.37462,250,7231.279902
136.75993,250,7232.449681
139.61705,250,7235.925868
211.25836,250,7251.174043
109.87635,250,7252.297258
172.17177,250,7253.354899
165.95747,250,7256.608382
240.74103,250,7338.149212
128.06998,250,7339.224646
159.12434,250,7340.274997
191.66682,250,7343.513399
331.43906,250,7358.17266
161.81801,250,7359.258021
192.20827,250,7360.355871
98.58142,250,7363.720736
530.76965,250,7378.650621
92.43953,250,7379.806005
97.182755,250,7380.924997
156.70493,250,7384.29871
223.30904,250,7399.278635
243.87376,250,7400.305592
130.7693,250,7401.374668
123.077156,250,7404.70966
159.39838,250,7419.611095
100.71649,250,7420.666878
179.46147,250,7421.730143
155.89278,250,7425.13179
181.1246,250,7439.871311
147.96832,250,7440.947331
167.8069,250,7442.018056
293.5024,250,7445.380745
177.10867,250,7460.611529
111.14353,250,7461.764047
79.99979,250,7462.877764
87.91914,250,7466.416154
149.14671,250,7481.628152
337.50043,250,7482.670656
131.8342,250,7483.784827
220.35963,250,7487.078439
314.3433,250,7567.814387
279.5629,250,7568.874753
150.85962,250,7569.92451
161.81833,250,7573.190969
322.95132,250,7587.882295
43.33304,250,7588.942546
126.76553,250,7590.000762
33.80256,250,7593.316399
9.324541,250,7608.422847
106.89634,250,7609.625446
185.71475,250,7610.742163
139.43684,250,7614.200886
-79.09238,117,7620.570027
324.24362,250,7629.273629
11.46476,250,7630.344159
88.62241,250,7634.70656
247.96332,250,7640.882224
131.51134,250,7649.527371
182.6866,250,7650.599725
292.4923,250,7654.98245
230.03386,250,7661.110392
47.590157,250,7669.76242
208.97028,250,7670.862687
159.61627,250,7675.215553
23.28371,76,7675.939636
175.47255,250,7681.259766
123.97474,250,7692.021391
167.97417,250,7696.66438
101.32014,250,7697.508837
175.98633,250,7703.335453
214.17644,250,7713.009377
124.42291,250,7717.44229
314.38373,250,7718.189113
189.28598,250,7723.561856
124.19911,250,7799.754313
104.86084,250,7804.036332
149.99976,250,7804.778208
276.8123,250,7810.101185
155.31934,250,7819.715482
148.38715,250,7824.029222
208.7723,250,7824.749748
186.69014,250,7830.101679
155.32036,250,7840.123018
88.924805,250,7844.625178
121.45333,250,7845.420115
71.64175,250,7851.026136
169.79475,250,7860.658097
172.08539,250,7864.995061
260.54498,250,7865.727834
125.000854,250,7871.02476
162.62645,250,7880.70544
165.51796,250,7885.023655
199.31978,250,7886.036566
146.24655,250,7891.368263
151.90906,250,7900.746843
250.36554,250,7904.949335
65.01619,250,7905.709679
190.85022,250,7911.045746
121.42939,250,7920.92533
168.2938,250,7925.497539
96.49151,250,7926.268253
92.85677,250,7931.982824
191.94664,250,7942.293157
88.79036,250,7946.738798
195.23816,250,7947.479832
66.112755,250,7952.877279
195.27643,250,8030.392623
234.57274,250,8034.72807
123.36801,250,8035.478122
194.32664,250,8040.933584
150.88356,250,8050.607081
259.6223,250,8054.988482
155.73784,250,8055.719522
138.41025,250,8061.174152
182.95865,250,8071.615214
237.93172,250,8076.214667
295.42572,250,8077.009777
334.9321,250,8082.750911
170.35852,250,8092.420529
104.14172,250,8096.809042
223.02487,250,8097.555965
200.33072,250,8103.025407
149.18056,250,8112.797719
259.8625,250,8117.092013
180.23634,250,8117.825637
263.07693,250,8123.582416
267.8162,250,8133.195873
215.78946,250,8137.399409
228.46777,250,8138.130067
105.98056,250,8143.495686
137.38867,250,8154.173357
246.1542,250,8158.912503
155.89252,250,8159.73555
120.33876,250,8165.483734
199.32045,250,8175.373775
101.98712,250,8179.882891
215.79031,250,8180.670323
168.9875,250,8186.230815
144.14703,250,8196.190557
294.5324,250,8267.439494
187.71933,250,8268.198023
238.87027,250,8273.614111
181.89908,250,8283.391126
253.38446,250,8287.811102
286.98697,250,8288.537023
250.82074,250,8293.986352
259.8486,250,8303.961682
289.0915,250,8308.441807
97.23161,250,8309.254821
105.53387,250,8315.047248
200.39622,250,8324.90143
163.61028,250,8329.365661
158.50359,250,8330.126109
312.64017,250,8335.448026
161.2903,250,8345.183552
229.89696,250,8349.574717
75.158966,250,8350.321388
128.12521,250,8355.615687
213.29121,250,8365.318765
203.03036,250,8369.733137
216.29463,250,8370.494121
187.16255,250,8375.865111
266.66672,250,8386.176893
258.97455,250,8390.865218
238.32375,250,8391.656741
243.62975,250,8397.339343
137.9314,250,8407.109093
185.7152,250,8411.49077
297.99402,250,8412.275829
274.04596,250,8417.692655
337.50067,250,8427.374446
190.9705,250,8431.766201
148.00102,250,8432.51416
168.60811,250,8504.764238
256.90292,250,8514.659346
161.16925,250,8519.264958
229.67099,250,8520.022854
390.32297,250,8525.4637
387.36554,250,8535.572217
383.27203,250,8540.14554
270.49283,250,8540.927491
279.5186,250,8546.600191
267.55017,250,8556.332348
327.48114,250,8560.775425
208.38379,250,8561.508698
270.7172,250,8566.970534
212.50047,250,8576.604019
269.2316,250,8580.933865
259.55112,250,8581.677208
279.9288,250,8587.128219
260.92758,250,8596.765671
279.43262,250,8601.112235
353.18396,250,8601.862051
199.03568,250,8607.397512
173.2737,250,8617.672843
318.30154,250,8622.409261
341.78082,250,8623.250222
345.2558,250,8629.125878
295.2711,250,8638.999087
269.23138,250,8643.371056
216.61462,250,8644.133484
146.8748,250,8649.665419
453.7203,250,8659.301913
133.71756,250,8663.56483
326.1756,250,8664.306333
251.56284,250,8736.977914
305.40625,250,8746.735952
251.72508,250,8751.119065
253.84715,250,8751.874674
352.67575,250,8757.289873
296.66696,250,8767.375088
332.6247,250,8772.09348
326.82935,250,8772.886037
295.68442,250,8778.65695
389.1307,250,8788.405276
131.54443,250,8792.784088
444.11737,250,8793.539935
290.51132,250,8798.951714
223.62474,250,8808.727179
292.85757,250,8813.130212
232.27895,250,8813.899366
271.64798,250,8819.315311
185.71472,250,8829.142607
382.49112,250,8833.50777
268.05588,250,8834.278292
105.3568,250,8839.740381
327.45175,250,8849.7416
329.05466,250,8854.374687
367.57733,250,8855.164373
266.1026,250,8860.786433
293.10425,250,8870.868046
236.7697,250,8875.4329
412.5457,250,8876.217849
340.97308,250,8881.774898
337.72324,250,8891.744556
352.5552,250,8896.363435
348.27643,250,8897.123904
422.33743,250,8902.735448
232.16843,250,8979.88542
333.56668,250,8984.358486
331.6115,250,8985.18796
262.77673,250,8990.667854
369.38867,250,9000.908134
168.81839,250,9005.491047
267.0041,250,9006.311476
107.9205,250,9012.073638
345.99323,250,9021.86177
239.6828,250,9026.251163
287.8208,250,9027.000566
378.11545,250,9032.414371
319.9294,250,9042.159071
299.30634,250,9046.566875
341.4725,250,9047.323409
254.09872,250,9052.84803
296.04016,250,9062.672005
292.22705,250,9067.054827
372.05048,250,9067.815294
437.25574,250,9073.195177
201.2432,250,9083.258893
269.0042,250,9087.914753
353.90085,250,9088.729433
236.56989,250,9094.424866
297.92444,250,9104.269525
271.0702,250,9109.061376
330.34097,250,9109.863074
285.32178,250,9115.376991
372.97403,250,9125.269197
279.3109,250,9129.668832
416.6058,250,9130.428115
275.88705,250,9135.896706
372.31293,250,9212.567519
304.84512,250,9217.081313
368.99344,250,9217.906536
243.28374,250,9223.412496
265.85403,250,9233.555047
294.5583,250,9238.204985
300.7495,250,9239.055554
222.83546,250,9244.74129
226.73294,250,9254.610278
152.59605,250,9259.12757
257.86047,250,9259.871487
355.78323,250,9265.278344
361.8185,250,9274.956681
401.68445,250,9279.369492
344.81674,250,9280.140055
362.54126,250,9285.597658
340.00027,250,9295.36183
422.22327,250,9299.764049
244.44514,250,9300.497171
145.81018,250,9305.997069
414.95105,250,9316.14339
224.75928,250,9320.748516
340.74142,250,9321.532072
313.28455,250,9327.270299
352.8882,250,9336.950768
287.82053,250,9341.336591
345.2837,250,9342.09502
412.45627,250,9347.594425
232.22643,250,9357.440568
306.4515,250,9361.915002
216.10974,250,9362.675959
346.56598,250,9368.131759
182.20888,250,9377.952322
255.9329,250,9448.958527
270.6898,250,9449.706905
417.98587,250,9455.141519
325.74304,250,9465.319213
353.2879,250,9470.090528
276.20602,250,9470.888997
308.1641,250,9476.572749
232.25847,250,9486.357848
479.33606,250,9490.702068
374.07532,250,9491.470644
299.36182,250,9496.868739
276.27213,250,9506.581466
373.48557,250,9510.984966
333.82397,250,9511.746648
290.97818,250,9517.037285
241.04085,250,9526.876579
313.68143,250,9531.239954
352.63144,250,9531.99986
257.66486,250,9537.483793
295.13757,250,9547.675804
256.91354,250,9552.377215
149.18005,250,9553.194646
243.04233,250,9558.923521
250.00092,250,9568.769835
349.21976,250,9573.168293
314.5572,250,9573.920907
263.01462,250,9579.289108
172.72852,250,9588.960756
294.2659,250,9593.363814
340.78995,250,9594.12266
323.7295,250,9599.515892
420.0002,250,9609.29555
415.25528,250,9613.645673
340.12943,250,9614.395427
190.83641,250,9686.078925
436.96582,250,9696.149448
388.00122,250,9700.791696
293.54868,250,9701.552151
218.0217,250,9707.247472
302.93073,250,9717.015828
386.98932,250,9721.370904
351.26437,250,9722.137657
292.28336,250,9727.519618
345.9024,250,9737.235712
312.9697,250,9741.758401
380.83646,250,9742.518282
293.10406,250,9747.958758
350.79385,250,9757.665621
376.5108,250,9762.114233
323.948,250,9762.889931
310.00024,250,9768.314287
375.69556,250,9778.410877
344.0299,250,9783.047337
460.71436,250,9783.880415
351.50616,250,9789.522101
288.8893,250,9799.324721
384.84943,250,9803.798773
230.33057,250,9804.56977
277.41986,250,9809.958803
206.25047,250,9819.704713
335.08762,250,9824.101114
158.55573,250,9824.943154
304.83484,250,9830.489795
352.20648,250,9840.123607
337.50082,250,9844.57864
275.79648,250,9845.320335
272.24042,250,9917.303836
309.83688,250,9927.475584
370.37137,250,9932.068794
255.48242,250,9932.879396
352.38138,250,9938.675897
215.7896,250,9948.386926
185.71408,250,9952.903911
221.16808,250,9953.637435
254.9621,250,9959.033999
329.50885,250,9968.659409
299.24026,250,9973.100916
321.60297,250,9973.82474
301.40872,250,9979.210879
187.79059,250,9988.921214
401.9929,250,9993.235736
332.1431,250,9993.970869
294.63672,250,9999.347694
214.93571,250,10009.411392
287.59753,250,10014.031752
269.2818,250,10014.819377
388.5505,250,10020.587705
287.75552,250,10030.410442
124.71899,250,10034.872847
252.54315,250,10035.612729
321.8186,250,10040.941908
239.74408,250,10050.517443
543.38275,250,10054.935907
323.91315,250,10056.249049
174.07431,250,10065.232463
317.72177,250,10081.87483
239.41626,250,10091.711098
292.22693,250,10092.512604
410.94937,250,10098.263652
343.63654,250,10176.611219
210.65115,250,10181.02934
327.61026,250,10181.796334
341.3801,250,10187.338799
321.6035,250,10196.966385
364.15173,250,10201.326352
296.03986,250,10202.065329
301.36133,250,10207.528369
412.6363,250,10217.347002
308.94644,250,10221.81336
389.86572,250,10222.552903
251.35208,250,10227.987103
189.1568,250,10237.678108
307.97583,250,10242.017446
267.34744,250,10242.757418
224.4838,250,10248.209003
302.6851,250,10258.273628
424.16418,250,10262.815756
393.24387,250,10263.609798
326.17526,250,10269.32551
373.11896,250,10279.001299
362.29587,250,10283.436876
375.17752,250,10284.171742
383.44397,250,10289.590781
416.44745,250,10299.355248
253.69771,250,10303.686044
269.28186,250,10304.456616
267.00412,250,10310.032367
284.616,250,10319.809505
356.66693,250,10324.230153
369.02734,250,10324.980615
391.58365,250,10330.329236
419.16376,250,10408.250911
340.78992,250,10412.693595
298.60132,250,10413.451002
323.45322,250,10418.872676
319.46405,250,10428.76054
337.2769,250,10433.162554
365.4655,250,10433.919664
288.53537,250,10439.27892
352.1453,250,10448.935578
305.6944,250,10453.322468
412.36853,250,10454.068024
324.7502,250,10459.537407
379.0881,250,10469.310546
280.36844,250,10473.795506
261.31473,250,10474.528539
257.38864,250,10479.937264
434.79834,250,10490.065359
322.1464,250,10494.644298
470.249,250,10495.431385
210.81155,250,10501.047606
432.14304,250,10510.728336
494.7961,250,10515.034165
255.70511,250,10515.787
383.01974,250,10521.238326
260.00037,250,10530.879812
423.43872,250,10535.220414
408.89737,250,10535.978556
305.14487,250,10541.40269
341.0779,250,10551.232619
367.10577,250,10555.577394
371.42883,250,10556.356913
275.00024,250,10561.757986
320.1397,250,10571.703026
313.19455,250,10643.635281
447.10132,250,10644.376028
239.04141,250,10649.782273
220.94658,250,10659.530271
360.7512,250,10663.905135
286.02997,250,10664.638038
340.6257,250,10670.105417
543.63696,250,10679.853597
305.59467,250,10684.243946
305.9411,250,10685.018632
438.46176,250,10690.441436
311.00336,250,10700.203208
240.82465,250,10704.509622
235.57117,250,10705.266619
365.45493,250,10710.625516
346.3676,250,10720.674466
396.0947,250,10725.259667
302.0626,250,10726.046348
365.7984,250,10731.805849
348.52966,250,10741.50852
353.28784,250,10745.918065
223.53003,250,10746.662154
357.14362,250,10752.074233
407.81323,250,10761.714162
323.48837,250,10766.028762
441.95786,250,10766.791536
341.35886,250,10772.288355
355.62216,250,10782.068788
240.0004,250,10786.465344
392.70123,250,10787.214219
236.8424,250,10792.666292
376.8211,250,10802.80918
311.76517,250,10807.364453
296.6109,250,10875.323116
380.00043,250,10880.698859
212.28033,250,10890.495983
384.07635,250,10894.960447
344.7853,250,10895.718389
279.87064,250,10901.110856
537.4059,250,10910.922937
419.57367,250,10915.327555
325.86832,250,10916.117003
334.3757,250,10921.604203
266.07205,250,10931.363231
395.0496,250,10935.715481
321.42883,250,10936.451364
320.69025,250,10941.902846
308.4512,250,10952.057303
315.03366,250,10956.579539
230.82755,250,10957.338142
332.72787,250,10963.067888
436.7645,250,10972.697472
293.2211,250,10977.062023
389.1306,250,10977.818275
438.4615,250,10983.252285
380.51965,250,10992.877331
412.91577,250,10997.260578
401.83176,250,10998.003536
405.49448,250,11003.429675
431.4684,250,11013.093438
301.9295,250,11017.59638
310.7751,250,11018.3413
364.8841,250,11023.749705
455.55643,250,11034.066808
428.16925,250,11038.650687
401.60782,250,11039.472736
356.44644,250,11111.813242
470.44763,250,11121.613667
289.61075,250,11126.001129
411.02957,250,11126.724169
428.5714,250,11132.065813
406.94537,250,11141.76768
454.38593,250,11146.204186
248.9938,250,11146.969504
435.8501,250,11152.361932
272.83255,250,11162.214894
288.6936,250,11166.747396
373.18686,250,11167.494812
358.33408,250,11172.869919
314.7167,250,11183.061788
453.69235,250,11187.684951
288.31674,250,11188.502139
323.72983,250,11194.226923
234.43747,250,11203.880092
380.14554,250,11208.267808
436.08322,250,11209.101372
283.38724,250,11214.550501
386.48682,250,11224.247681
488.00122,250,11228.669404
312.69873,250,11229.422745
377.27286,250,11234.905468
354.54614,250,11244.63551
390.32303,250,11249.001696
487.5915,250,11249.760868
439.0341,250,11255.126503
340.1412,250,11265.234707
317.17807,250,11269.982107
339.85037,250,11270.773604
386.66656,250,11276.416973
335.37497,250,11352.634825
452.42047,250,11356.991044
483.65808,250,11357.729856
441.21936,250,11363.181952
403.35666,250,11372.94645
337.063,250,11377.361298
387.6335,250,11378.125854
345.45547,250,11383.553767
355.17316,250,11393.372604
425.9739,250,11397.744085
483.06226,250,11398.508422
394.58563,250,11403.935898
401.6961,250,11414.161177
327.04703,250,11418.770371
390.6843,250,11419.556556
379.31088,250,11425.253935
416.72928,250,11434.868391
442.1247,250,11439.22492
206.99153,250,11439.978952
413.1578,250,11445.438413
333.4369,250,11455.225186
389.65582,250,11459.629082
354.5463,250,11460.39252
401.61835,250,11465.756985
394.8105,250,11475.374407
393.465,250,11479.84861
288.46262,250,11480.595053
443.0464,250,11486.051672
386.9897,250,11496.228504
366.238,250,11500.86472
393.0071,250,11501.641814
458.82358,250,11507.386428
405.11996,250,11584.48057
250.00089,250,11588.880556
400.00095,250,11589.678644
400.0005,250,11595.157753
318.804,250,11604.908133
261.29102,250,11609.195309
422.0349,250,11609.927628
317.58267,250,11615.354042
329.57797,250,11625.195319
368.46844,250,11629.686712
368.15277,250,11630.421168
391.90958,250,11635.910507
317.95703,250,11646.011777
292.0273,250,11650.681632
214.98561,250,11651.486256
421.74002,250,11657.115612
456.77673,250,11666.840385
430.46686,250,11671.25347
357.9449,250,11672.000238
375.1563,250,11677.43868
412.82068,250,11687.31765
344.44458,250,11691.680143
384.96335,250,11692.414926
416.72928,250,11697.810413
425.59753,250,11707.568856
485.96497,250,11711.99306
414.37772,250,11712.77652
336.70932,250,11718.262804
211.3774,250,11728.441249
419.3552,250,11733.022362
370.58905,250,11733.845878
494.7961,250,11739.495256
503.84653,250,11815.654275
423.20715,250,11820.027393
415.67975,250,11820.782106
413.15817,250,11826.147427
489.74374,250,11835.810771
394.25348,250,11840.162274
382.26974,250,11840.898647
372.5611,250,11846.436337
346.94556,250,11856.121423
380.28763,250,11860.48334
388.59964,250,11861.231912
417.36185,250,11866.650711
443.79602,250,11876.881092
297.51633,250,11881.796154
367.6263,250,11882.576572
355.83163,250,11888.280337
390.19684,250,11897.945713
475.0917,250,11902.260875
423.98587,250,11903.023846
326.28238,250,11908.498924
325.74286,250,11918.21189
328.57162,250,11922.607725
298.08932,250,11923.371326
381.968,250,11929.020422
263.93524,250,11938.651271
488.93396,250,11943.049527
418.11612,250,11943.803442
383.1463,250,11949.230089
443.5543,250,11959.366862
390.25958,250,11964.104596
375.08408,250,11964.926208
347.09976,250,11970.551901
430.40616,250,11980.189438
381.72845,250,12051.861512
298.71405,250,12052.612033
323.07724,250,12058.147137
391.8572,250,12067.988166
323.19815,250,12072.415984
433.7849,250,12073.164971
417.2419,250,12078.600613
322.8196,250,12088.387981
438.71008,250,12092.824177
383.1815,250,12093.568311
333.21362,250,12098.881501
441.51715,250,12109.028893
473.6444,250,12113.717199
401.59814,250,12114.554511
464.66946,250,12120.325574
355.1503,250,12130.16469
240.57986,250,12134.575335
284.21094,250,12135.331381
329.85126,250,12140.637951
384.4299,250,12150.336941
412.54572,250,12154.779293
388.55057,250,12155.516766
306.72855,250,12160.967566
394.8811,250,12170.686647
267.21365,250,12175.077084
411.86542,250,12175.850812
352.38144,250,12181.270419
367.15378,250,12191.43268
307.14325,250,12196.067666
429.88123,250,12196.849066
375.2479,250,12202.519653
520.5542,250,12212.309613
403.42517,250,12216.64919
432.873,250,12217.398297
459.44083,250,12289.612334
345.54486,250,12299.293074
381.59518,250,12303.722671
481.39655,250,12304.476886
342.7251,250,12309.849619
422.49213,250,12319.536247
467.5687,250,12323.885817
437.63528,250,12324.632507
368.85315,250,12329.971764
351.85284,250,12340.040985
417.92923,250,12344.626654
422.55737,250,12345.425223
333.33374,250,12351.202417
382.315,250,12360.931303
520.2093,250,12365.296897
369.99988,250,12366.052929
393.10416,250,12371.442534
444.52097,250,12381.092259
316.9386,250,12385.442649
456.392,250,12386.170257
496.27435,250,12391.523923
488.93378,250,12401.169379
404.88654,250,12405.583047
379.3111,250,12406.377681
381.2292,250,12411.702543
489.35413,250,12421.833662
292.858,250,12426.470465
385.61188,250,12427.296772
455.55655,250,12432.962696
435.59406,250,12442.693676
507.28854,250,12447.026403
435.8366,250,12447.779481
353.90125,250,12453.214906
500.80734,250,12529.945123
353.02124,250,12534.369322
468.8406,250,12535.168262
353.41718,250,12540.670094
298.6719,250,12550.444122
329.42947,250,12554.88915
294.66687,250,12555.685884
255.82867,250,12561.060188
331.4291,250,12571.358195
380.39294,250,12576.135911
425.18018,250,12576.923651
364.51663,250,12582.520089
246.62631,250,12592.381858
321.9863,250,12596.811624
439.51965,250,12597.552597
307.0515,250,12603.016378
255.14136,250,12612.730868
388.13654,250,12617.113381
388.7228,250,12617.866398
474.21973,250,12623.21505
391.80405,250,12632.945573
452.72745,250,12637.330364
287.32443,250,12638.059494
416.12943,250,12643.478164
386.59064,250,12653.571914
493.52518,250,12658.247167
436.91376,250,12659.051728
455.5562,250,12664.780324
435.11823,250,12674.468854
421.12698,250,12678.822243
305.01886,250,12679.589164
364.74374,250,12684.992249
333.44772,250,12762.098116
345.2061,250,12766.490623
460.312,250,12767.223956
324.9085,250,12772.560464
376.02792,250,12782.352604
379.7306,250,12786.641037
435.15726,250,12787.362117
496.22742,250,12792.798759
396.3769,250,12802.871209
401.70697,250,12807.480356
317.85767,250,12808.312767
247.96289,250,12813.976735
372.78986,250,12823.573134
493.28342,250,12827.97438
352.10797,250,12828.714495
427.88165,250,12834.268039
286.79312,250,12844.080714
352.962,250,12848.564741
396.37686,250,12849.369752
338.95407,250,12854.786485
222.91754,250,12864.480274
422.03464,250,12868.788063
408.89752,250,12869.552737
440.92596,250,12874.928943
416.3643,250,12885.030542
403.449,250,12889.710889
302.64078,250,12890.506467
387.71933,250,12896.166759
465.3856,250,12905.926959
327.1525,250,12910.322996
467.56778,250,12911.049589
421.88654,250,12916.511996
377.9414,250,12993.282637
429.01068,250,12997.731436
423.9529,250,12998.492919
470.935,250,13003.890975
368.86453,250,13013.582985
431.3534,250,13017.904572
453.2653,250,13018.653872
328.57214,250,13024.17516
314.1107,250,13034.43003
352.66345,250,13039.193763
346.20303,250,13040.019177
416.36395,250,13045.682823
380.64578,250,13055.364969
432.0764,250,13059.728019
479.7673,250,13060.43909
458.30493,250,13065.864144
407.40863,250,13075.372529
293.22128,250,13079.783276
376.86908,250,13080.556363
462.7249,250,13085.860949
303.6368,250,13095.569613
386.48752,250,13099.968003
345.9935,250,13100.732504
401.70697,250,13106.207009
392.95795,250,13116.324743
413.33316,250,13120.971429
352.76932,250,13121.803503
359.01718,250,13127.414886
382.26987,250,13137.214975
452.98026,250,13141.661692
403.22614,250,13142.38465
385.34256,250,13147.817653
460.00027,250,13157.545319
475.00012,250,13228.787445
331.5072,250,13229.525496
303.56107,250,13234.980902
344.05618,250,13244.694905
467.4748,250,13249.00943
279.70044,250,13249.789482
403.33325,250,13255.186248
304.04132,250,13265.31892
421.07355,250,13269.961463
337.71112,250,13270.739083
474.99982,250,13276.41081
376.36395,250,13286.198515
328.57153,250,13290.599017
374.7486,250,13291.353024
464.10284,250,13296.829926
290.47632,250,13306.703085
274.6136,250,13311.150896
355.41406,250,13311.922498
406.8035,250,13317.278263
475.09174,250,13326.922189
448.50763,250,13331.233579
316.92883,250,13331.976013
424.4755,250,13337.40972
320.87646,250,13347.52465
386.16705,250,13352.153124
398.23425,250,13352.909681
405.4163,250,13358.49806
483.03992,250,13368.317104
462.73816,250,13372.710251
351.12903,250,13373.43067
400.00015,250,13378.96571
301.92932,250,13388.684864
427.5869,250,13393.095606
359.3652,250,13393.840926
338.09534,250,13466.375142
387.36554,250,13475.925049
459.5247,250,13480.326867
343.26266,250,13481.147948
334.6412,250,13486.565767
377.94128,250,13496.764217
272.16895,250,13501.475209
254.63257,250,13502.252089
365.6259,250,13507.924034
366.88748,250,13517.688019
329.10477,250,13522.009126
400.00098,250,13522.742847
403.4022,250,13528.183595
403.3566,250,13537.863748
245.89096,250,13542.268048
414.46936,250,13542.996598
417.24207,250,13548.496998
334.65115,250,13558.262967
283.5621,250,13562.655171
275.94077,250,13563.371114
321.5695,250,13568.825486
417.3749,250,13578.781508
486.9562,250,13583.421182
498.59155,250,13584.204574
170.00047,250,13589.830382
458.39447,250,13599.695621
384.8493,250,13604.070067
286.88623,250,13604.807393
326.11743,250,13610.220936
395.17706,250,13619.953822
349.64075,250,13624.321722
328.04495,250,13625.092271
284.8694,250,13630.446237
381.35687,250,13707.453039
323.3335,250,13711.843645
400.00046,250,13712.577172
309.89462,250,13717.911287
456.39203,250,13727.93939
431.1357,250,13732.572259
478.57144,250,13733.481508
292.61847,250,13739.459893
341.28174,250,13749.199137
403.54623,250,13753.537748
300.59338,250,13754.313802
326.47098,250,13759.774124
291.85025,250,13769.488924
418.6729,250,13773.877389
409.80487,250,13774.625242
394.54608,250,13780.114917
405.05142,250,13789.873647
284.12732,250,13794.304086
483.33304,250,13795.04991
473.078,250,13800.452502
309.7869,250,13810.675979
268.2442,250,13815.2721
466.7879,250,13816.033844
350.0002,250,13821.702508
400.00085,250,13831.405042
403.62338,250,13835.835816
281.44382,250,13836.59137
344.80573,250,13841.966527
347.81238,250,13851.635785
365.754,250,13855.981701
354.86185,250,13856.709551
530.70605,250,13862.008739
174.76064,250,13938.889023
354.5459,250,13943.180784
494.5949,250,13943.989219
276.76083,250,13949.346642
450.56174,250,13959.482464
349.4386,250,13964.135911
415.15253,250,13964.912431
297.88782,250,13970.538619
400.00107,250,13980.267168
334.6415,250,13984.669938
373.01593,250,13985.436383
330.10815,250,13990.826844
508.3336,250,14000.534235
405.57687,250,14004.866149
362.46237,250,14005.646294
407.35318,250,14011.069379
446.76276,250,14020.738677
443.62524,250,14025.100753
267.28458,250,14025.896511
449.24298,250,14031.323867
227.33911,250,14041.656932
462.50018,250,14046.186477
367.49265,250,14046.968075
377.12515,250,14052.666214
451.85278,250,14062.451144
379.02115,250,14066.749973
470.8824,250,14067.477835
434.0147,250,14072.8485
414.0848,250,14082.585021
483.33298,250,14087.009897
405.08572,250,14087.753426
357.57663,250,14093.141818
427.2118,250,14169.916135
315.7308,250,14174.259827
380.14532,250,14175.019823
441.9582,250,14180.42109
240.90958,250,14190.590151
384.37616,250,14195.163931
300.00055,250,14195.955847
386.48737,250,14201.675544
448.27652,250,14211.317415
422.72766,250,14215.73576
418.64502,250,14216.494648
455.95758,250,14221.932464
396.5036,250,14231.67358
355.17316,250,14235.958267
447.7942,250,14236.734326
391.5837,250,14242.139615
283.6071,250,14251.916662
292.4054,250,14256.342694
389.43683,250,14257.138948
405.66113,250,14262.555969
445.45468,250,14272.679683
366.01938,250,14277.326758
316.38275,250,14278.125932
329.05484,250,14283.850085
456.27002,250,14293.603932
425.59772,250,14298.03389
444.11783,250,14298.782111
329.57767,250,14304.174809
424.13846,250,14313.917533
368.30997,250,14318.299787
460.55438,250,14319.07154
387.65503,250,14324.506711
307.4084,250,14334.277179
401.7803,250,14405.961453
433.78485,250,14406.747069
408.14383,250,14412.167694
353.07474,250,14422.42933
381.72836,250,14427.098166
369.51218,250,14427.864549
427.7788,250,14433.52967
398.2342,250,14443.205849
410.2892,250,14447.631109
387.09735,250,14448.398273
302.59796,250,14453.812945
448.26288,250,14463.526763
365.70465,250,14467.887105
258.4236,250,14468.670354
471.42834,250,14474.151211
435.59418,250,14483.928376
329.9366,250,14488.329979
432.07614,250,14489.059912
484.96832,250,14494.535746
388.889,250,14504.563554
512.1678,250,14509.130541
343.61002,250,14509.944012
419.2983,250,14515.594752
413.10873,250,14525.43304
390.0665,250,14529.761105
422.18497,250,14530.511891
346.20297,250,14536.034817
497.7021,250,14545.697158
382.39468,250,14550.122749
396.52872,250,14550.877886
254.38641,250,14556.311562
247.579,250,14566.230935
230.12901,250,14570.693215
334.78314,250,14571.468186
323.7298,250,14644.702606
496.95865,250,14654.727937
312.37177,250,14659.349672
401.719,250,14660.138021
365.62592,250,14665.882906
363.41467,250,14675.770732
430.4064,250,14680.243368
309.09183,250,14681.016945
438.72153,250,14686.45533
223.43298,250,14696.288719
337.06314,250,14700.632938
472.46332,250,14701.398518
346.54175,250,14706.909039
340.00027,250,14716.648256
300.66245,250,14721.134762
437.87894,250,14721.897882
367.94882,250,14727.340242
286.50348,250,14737.673771
377.19293,250,14742.323278
319.04742,250,14743.13581
287.69278,250,14748.857746
450.17377,250,14758.60806
381.3675,250,14763.016259
360.4318,250,14763.759939
461.40356,250,14769.157765
471.90738,250,14778.863408
379.45255,250,14783.219998
426.31677,250,14783.97067
407.46255,250,14789.321143
395.0174,250,14799.102735
214.75496,250,14803.513128
442.85788,250,14804.274498
279.42145,250,14877.333964
476.51312,250,14887.535904
368.15283,250,14892.264714
183.53691,250,14893.043751
281.87738,250,14898.732163
411.94586,250,14908.542743
310.82825,250,14912.910943
268.7715,250,14913.708526
395.2082,250,14919.161962
489.14835,250,14928.940172
262.11737,250,14933.347361
394.8105,250,14934.091412
387.89005,250,14939.565835
446.51273,250,14949.20931
329.4678,250,14953.71658
351.26453,250,14954.995657
329.07858,250,14964.370201
412.50076,250,14981.156244
259.7562,250,14990.797682
335.25238,250,14991.563213
360.26514,250,14997.21443
428.5718,250,15007.410125
443.16565,250,15012.062955
370.1495,250,15012.830922
324.658,250,15018.463284
342.675,250,15028.693431
385.71442,250,15033.128559
382.6506,250,15033.906661
403.3114,250,15039.406229
437.10336,250,15049.334249
177.95595,250,15053.74383
292.1577,250,15054.506253
457.25336,250,15060.012382
359.1845,250,15140.08114
288.7241,250,15144.432302
439.0341,250,15145.211876
388.13657,250,15150.562717
338.59668,250,15160.207783
400.00003,250,15164.583413
460.8862,250,15165.349971
396.59964,250,15170.707748
406.62265,250,15180.405983
408.83493,250,15184.790723
317.24216,250,15185.542408
497.97415,250,15190.998561
354.54556,250,15200.642931
494.09653,250,15205.052097
479.50638,250,15205.780985
303.70474,250,15211.118867
396.24158,250,15221.160781
383.0195,250,15225.750767
335.71463,250,15226.582212
464.51727,250,15232.336753
259.58975,250,15242.033835
396.87595,250,15246.428182
457.19617,250,15247.169845
342.74915,250,15252.516635
390.19696,250,15262.226253
351.29895,250,15266.68346
388.59985,250,15267.442389
309.55673,250,15272.756006
485.1865,250,15282.463313
362.83884,250,15286.943927
395.23822,250,15287.707328
356.66675,250,15293.270195
319.79584,250,15373.330468
340.3976,250,15377.768431
391.52615,250,15378.525912
416.66663,250,15383.886614
348.7183,250,15393.581298
435.31683,250,15397.939096
374.22757,250,15398.705469
373.68427,250,15404.113535
393.50653,250,15413.747484
332.69238,250,15418.16995
405.70404,250,15418.910029
403.31146,250,15424.393939
340.14124,250,15434.037064
421.8982,250,15438.436391
327.11966,250,15439.231822
460.15137,250,15444.636096
363.1903,250,15454.871639
321.76904,250,15459.476389
270.92007,250,15460.322881
273.28836,250,15466.13223
370.589,250,15475.851205
469.34357,250,15480.274758
366.4544,250,15481.080252
286.99716,250,15486.550797
375.4106,250,15496.273804
509.58936,250,15500.628581
327.65298,250,15501.41608
401.66202,250,15506.867205
390.1972,250,15516.648739
259.99966,250,15521.134677
276.66714,250,15521.92588
455.5567,250,15527.271411
345.5448,250,15537.396668
475.2897,250,15611.588416
406.94547,250,15612.344327
443.85944,250,15617.674482
412.00098,250,15627.332773
355.83136,250,15631.634718
419.57367,250,15632.393128
385.14886,250,15637.807732
485.9385,250,15647.57399
372.13187,250,15651.965477
330.60574,250,15652.69741
344.0792,250,15658.196589
296.8754,250,15667.861492
378.68927,250,15672.269166
365.27856,250,15672.998948
378.11542,250,15678.30358
475.09183,250,15688.432447
373.4992,250,15693.07937
345.57892,250,15693.890801
312.75262,250,15699.522989
451.7248,250,15709.183173
304.04138,250,15713.593133
344.85324,250,15714.330926
384.95078,250,15719.657923
418.64505,250,15729.441242
295.9737,250,15733.792492
430.0762,250,15734.548566
403.33304,250,15739.978126
391.46786,250,15749.724019
360.52682,250,15754.056792
279.4216,250,15754.811439
385.9441,250,15760.121218
317.72174,250,15770.296515
396.64532,250,15774.956402
360.07672,250,15845.164378
391.804,250,15850.505104
354.54547,250,15860.094398
373.86774,250,15864.472923
384.6159,250,15865.230411
243.28409,250,15870.617577
253.13559,250,15880.368544
373.31018,250,15884.789903
298.7347,250,15885.568349
392.958,250,15891.023722
383.51666,250,15900.74707
277.77817,250,15905.171098
392.42468,250,15905.947226
494.05975,250,15911.373921
336.2018,250,15921.4663
390.4949,250,15926.146033
421.88657,250,15926.943327
309.6779,250,15932.601484
412.91574,250,15942.182373
365.7539,250,15946.602532
369.0909,250,15947.338594
300.6415,250,15952.817794
259.1332,250,15962.557851
396.7109,250,15967.007319
376.01544,250,15967.737292
262.67627,250,15973.203508
409.29434,250,15982.772986
372.41452,250,15987.18639
421.739,250,15987.964826
342.56824,250,15993.369386
275.8396,250,16003.404483
318.60498,250,16008.050354
314.3842,250,16008.905324
453.50613,250,16083.134087
417.48282,250,16092.875607
305.84467,250,16097.20876
420.40903,250,16097.97247
454.83893,250,16103.426287
308.10037,250,16113.162782
299.35092,250,16117.572814
296.6671,250,16118.3389
385.50735,250,16123.791374
443.47815,250,16133.482457
323.0771,250,16137.912165
312.845,250,16138.702937
378.40607,250,16144.049043
348.38754,250,16154.112338
489.3542,250,16158.746077
519.6089,250,16159.530327
403.40225,250,16165.206848
462.0443,250,16175.08702
258.02518,250,16179.479799
346.30957,250,16180.219405
315.15262,250,16185.640754
344.4451,250,16195.551878
428.5712,250,16199.959324
403.44907,250,16200.699026
296.34174,250,16206.111523
320.71207,250,16215.778925
307.7383,250,16220.186944
428.09003,250,16220.946795
451.2378,250,16226.350842
455.13364,250,16236.417256
425.42474,250,16241.102628
348.8453,250,16241.883633
446.18472,250,16247.564674
449.48846,250,16326.154729
357.9449,250,16330.611897
450.87692,250,16331.376856
377.50946,250,16336.711427
403.54623,250,16346.534693
337.88922,250,16350.92862
385.05063,250,16351.696565
320.38235,250,16357.166827
385.91586,250,16366.962978
385.98227,250,16371.420584
410.56366,250,16372.168654
437.67166,250,16377.640028
387.8901,250,16387.880795
391.6397,250,16392.533419
286.13916,250,16393.365148
458.21954,250,16399.034989
364.7893,250,16408.808116
408.89777,250,16413.131667
373.5101,250,16413.923535
430.82257,250,16419.308794
380.4278,250,16429.049078
389.93393,250,16433.435083
457.43375,250,16434.200221
448.0432,250,16439.580646
251.26627,250,16449.45532
334.9319,250,16453.787969
445.78772,250,16454.558399
459.38788,250,16459.982375
412.72754,250,16470.019436
476.51337,250,16474.611216
389.9339,250,16475.44469
477.9473,250,16481.135886
375.2479,250,16560.035661
513.8992,250,16564.440308
228.35843,250,16565.180895
312.37177,250,16570.480356
424.82266,250,16580.118097
483.33438,250,16584.435849
303.39056,250,16585.177967
434.35205,250,16590.585579
447.36835,250,16600.287681
478.7547,250,16604.597179
356.31088,250,16605.377408
404.9188,250,16610.780353
349.10242,250,16620.857801
476.0869,250,16625.512989
467.37573,250,16626.300149
401.793,250,16631.947413
318.6862,250,16641.714166
391.6952,250,16646.100631
430.68683,250,16646.861423
354.25946,250,16652.348773
391.58353,250,16662.021427
416.89297,250,16666.395987
324.83755,250,16667.145988
470.4709,250,16672.527834
401.75427,250,16682.215157
433.10135,250,16686.60464
420.5484,250,16687.366696
424.7154,250,16692.702009
347.95032,250,16702.721881
317.29425,250,16707.221008
425.36224,250,16708.012472
340.6137,250,16713.577821
422.90186,250,16723.120195
449.8161,250,16796.885184
320.87576,250,16797.650115
372.60327,250,16803.038516
378.10263,250,16812.672713
419.8565,250,16817.04405
394.95074,250,16817.791474
400.001,250,16823.255666
408.47556,250,16832.976262
448.49597,250,16837.378864
418.1159,250,16838.132174
471.42966,250,16843.543479
365.62595,250,16853.712123
412.11176,250,16858.416975
410.48938,250,16859.18549
358.0649,250,16864.889843
442.1247,250,16874.628371
405.30133,250,16879.10393
438.94193,250,16879.856455
380.36356,250,16885.23458
301.96158,250,16894.996053
304.32162,250,16899.479298
411.7855,250,16900.227178
359.4603,250,16905.616089
418.39575,250,16915.273813
304.76273,250,16919.717177
383.87186,250,16920.431384
461.5941,250,16925.91699
431.91513,250,16936.042564
387.42224,250,16940.690209
442.12466,250,16941.514372
384.951,250,16947.181995
316.1501,250,16956.826565
389.4369,250,17030.854772
419.86783,250,17031.585651
424.13885,250,17036.971878
493.02432,250,17046.660326
366.444,250,17050.947377
427.39783,250,17051.694883
392.9581,250,17057.093888
340.99478,250,17066.694227
336.06635,250,17071.18867
434.61646,250,17071.92234
362.5861,250,17077.274998
362.5858,250,17087.316311
343.18234,250,17091.899267
487.54956,250,17092.661904
355.48,250,17098.33424
318.83163,250,17108.138717
415.46484,250,17112.598725
377.94147,250,17113.353662
432.14316,250,17118.754585
371.01468,250,17128.628278
357.31683,250,17133.081319
415.24368,250,17133.874369
281.1082,250,17139.192193
449.40784,250,17148.77992
340.97296,250,17153.207965
366.66666,250,17153.959568
398.22137,250,17159.288464
391.1671,250,17169.379117
420.44696,250,17174.019793
388.05508,250,17174.852482
468.10727,250,17180.426962
405.49472,250,17190.198612
420.44675,250,17194.558582
347.95032,250,17195.338134
491.27115,250,17270.322611
257.77188,250,17280.204366
348.71805,250,17284.60022
405.5357,250,17285.356773
303.5712,250,17290.710425
382.39484,250,17300.27531
280.07385,250,17304.638797
386.20764,250,17305.384912
419.03214,250,17310.799984
256.68808,250,17320.931805
294.92807,250,17325.704125
261.51685,250,17326.498923
188.32127,250,17332.17076
244.48206,250,17341.806112
312.75266,250,17346.349231
457.1432,250,17347.151125
386.79315,250,17352.602458
240.35088,250,17362.429222
197.46898,250,17366.833761
339.5983,250,17367.562722
318.97302,250,17372.846542
173.68494,250,17382.258111
177.22847,250,17386.660796
238.1824,250,17387.406206
219.86568,250,17392.746927
401.81848,250,17402.849947
230.0662,250,17407.410804
310.77536,250,17408.227205
353.5717,250,17413.875189
224.40466,250,17423.659745
290.24448,250,17428.040061
424.59088,250,17428.820476
411.9461,250,17434.172119
286.28253,250,17513.56101
380.83667,250,17517.982029
267.00385,250,17518.719478
261.90472,250,17524.054935
255.70554,250,17533.657627
308.24063,250,17537.967119
320.86398,250,17538.711522
242.85727,250,17544.055391
255.7699,250,17553.972471
225.07782,250,17558.592508
378.76495,250,17559.369994
181.81834,250,17565.073259
292.8579,250,17574.874208
203.63051,250,17579.237349
227.2066,250,17580.006818
225.58162,250,17585.38932
223.5303,250,17594.848752
234.48312,250,17599.099972
334.78345,250,17599.857962
313.5344,250,17605.228785
293.38306,250,17614.726872
245.23904,250,17619.044945
413.15805,250,17619.815308
312.63937,250,17625.153579
307.40866,250,17635.455171
235.50565,250,17640.041272
365.9507,250,17640.810974
350.31158,250,17646.614841
296.1669,250,17656.361394
250.31876,250,17660.797012
212.253,250,17661.533565
222.47612,250,17666.854145
