#{"t_start": 1700916637.2819088, "env_id": "None"}
r,l,t
-78.647835,250,48.270497
-46.32775,250,48.270497
-37.06292,250,48.270497
-53.79543,250,48.270497
-62.8484,250,94.419238
-37.908493,250,94.419238
-22.297276,250,94.419238
-49.790833,250,94.419238
-36.66664,250,120.157336
-48.63017,250,120.157336
-13.669058,250,120.158334
-30.693024,250,120.158334
-54.39744,250,147.485337
-63.76821,250,147.486335
-71.33773,250,147.486335
-38.628136,250,147.486335
-27.756605,250,172.47319
-41.605846,250,172.47319
-37.28221,250,172.47319
-50.381718,250,172.47319
-50.877224,250,196.622245
-42.307747,250,196.622245
-26.199238,250,196.622245
-33.993378,250,196.622245
-48.88184,250,221.573273
-56.83461,250,221.574271
-37.313408,250,221.574271
-39.68255,250,221.574271
-66.29224,250,245.435643
-59.10788,250,245.435643
-9.774402,250,245.435643
-62.382545,250,245.435643
-17.562687,250,372.623224
-28.571379,250,372.623224
-50.33117,250,372.623224
-49.49499,250,372.623224
10.000055,250,396.942466
-15.441266,250,396.942466
-71.73158,250,396.942466
-35.27503,250,396.942466
-144.81187,206,417.903814
-68.7501,250,422.588487
-16.387913,250,422.588487
-69.798775,250,422.588487
-62.73302,250,444.057605
-51.72417,250,448.453685
-22.80706,250,448.453685
-52.86199,250,448.453685
-56.331924,250,469.145956
-66.21632,250,473.067339
-78.05659,250,473.067339
-32.659874,250,473.067339
-39.501762,250,491.453412
-31.147512,250,495.341918
-15.66265,250,495.341918
-5.1095552,250,495.341918
-54.225388,250,513.599337
-43.396255,250,517.492472
-54.0984,250,517.492472
-23.357653,250,517.492472
-34.98448,250,536.285889
-24.528257,250,541.203631
-46.84387,250,541.203631
-71.15398,250,541.203631
-62.457466,250,649.224691
-8.088246,250,653.117316
-20.86329,250,653.118314
-36.329567,250,653.118314
-75.17744,250,673.663826
41.868317,250,677.906634
-31.506815,250,677.906634
-36.241604,250,677.906634
-50.617302,250,698.266025
-27.835068,250,702.453826
-4.477599,250,702.453826
-23.841057,250,702.453826
-52.646275,250,721.581106
-67.63766,250,726.051633
-61.130806,250,726.051633
-31.14751,250,726.051633
-53.405052,250,747.426591
-31.407957,250,752.744837
-70.14936,250,752.744837
-36.842087,250,752.744837
-56.250065,250,774.200881
-43.181816,250,778.903515
-73.333466,250,778.904511
-80.31512,250,778.904511
-35.06496,250,801.27882
-61.08956,250,807.001698
6.312341,250,807.001698
-55.932255,250,807.001698
-58.175037,250,826.881734
-58.955288,250,830.898673
-58.82359,250,830.898673
-32.907333,250,830.898673
-49.832798,250,933.964823
-22.807083,250,937.922325
-33.121037,250,937.922325
24.541845,250,937.922325
-44.44443,250,957.657377
-49.15256,250,961.724618
-69.23087,250,961.724618
-19.298315,250,961.724618
4.2344313,250,980.228963
-48.148167,250,984.208097
-39.71628,250,984.208097
-21.933168,250,984.208097
-67.53257,250,1018.871808
-32.69233,250,1027.92995
-50.00002,250,1027.92995
-59.11956,250,1027.92995
14.583107,250,1048.151054
157.14362,250,1052.287869
24.999798,250,1052.287869
-30.069866,250,1052.287869
35.231323,250,1071.911925
-32.624153,250,1076.194005
-30.000038,250,1076.194005
-29.629679,250,1076.194005
-40.65284,250,1096.358099
-32.307636,250,1100.677194
33.5737,250,1100.677194
-70.47981,250,1100.677194
-16.913927,250,1121.717932
-15.441289,250,1125.89501
-13.857793,250,1125.89501
-24.731228,250,1125.89501
-38.65032,250,1228.150062
-31.676998,250,1232.244014
-26.666716,250,1232.244014
-41.35805,250,1232.244014
-12.727382,250,1249.674395
-37.10695,250,1253.454934
-40.74078,250,1253.454934
25.953926,250,1253.454934
-64.63031,250,1271.414057
-59.044426,250,1275.250137
-69.41907,250,1275.250137
-12.621455,250,1275.250137
-33.554825,250,1293.526549
-56.363716,250,1297.47512
-36.758896,250,1297.47512
-22.509325,250,1297.47512
-29.577589,250,1317.510271
-24.924934,250,1321.684669
11.498047,250,1321.684669
-54.063652,250,1321.684669
-38.98302,250,1343.507661
24.242157,250,1347.758611
56.549286,250,1347.758611
-27.392794,250,1347.758611
-66.25777,250,1369.273727
-37.90848,250,1373.904245
-29.999949,250,1373.905243
10.032164,250,1373.905243
4.8949394,250,1392.567253
-26.641,250,1396.43023
12.675867,250,1396.43023
-45.945942,250,1396.43023
-25.650599,250,1416.555565
37.183846,250,1510.697294
-2.777818,250,1510.698283
-10.714414,250,1510.698283
89.00351,250,1531.526618
60.377045,250,1535.591998
152.63153,250,1535.591998
-16.128988,250,1535.591998
-28.571476,250,1555.513474
-75.35224,250,1560.372398
17.021076,250,1560.372398
3.89613,250,1560.373396
-56.37588,250,1581.779194
-13.907399,250,1586.282498
-48.57144,250,1586.282498
-14.590859,250,1586.282498
-33.734962,250,1605.231147
68.62728,250,1609.25365
14.477898,250,1609.25365
64.658394,250,1609.25365
-40.476227,250,1628.292407
-21.708273,250,1632.92255
166.6676,250,1632.92255
17.05663,250,1632.92255
-22.03397,250,1652.394497
4.16648,250,1656.54035
80.76937,250,1656.54035
-3.703859,250,1656.54035
20.689417,250,1676.6227
-58.598785,250,1680.77974
33.73833,250,1680.77974
-57.746532,250,1680.77974
-28.571476,250,1699.989243
-20.265863,250,1703.879398
-43.662003,250,1703.879398
-19.117744,250,1703.879398
19.402836,250,1805.619596
235.46417,250,1809.645451
131.06146,250,1809.645451
-42.857174,250,1809.645451
-38.08054,250,1829.459536
-4.6155167,250,1834.107726
189.28662,250,1834.107726
86.88488,250,1834.107726
-11.6720295,250,1855.267741
-21.232952,250,1860.191636
69.87167,250,1860.191636
32.075428,250,1860.191636
111.03875,250,1880.358632
37.795,250,1884.230544
9.928902,250,1884.230544
15.38438,250,1884.230544
-30.327866,250,1903.269777
296.94754,250,1907.660778
143.33363,250,1907.660778
-5.0848927,250,1907.660778
-62.32884,250,1927.341774
47.0587,250,1931.802872
18.58955,250,1931.802872
147.5893,250,1931.802872
86.70885,250,1951.949214
15.254009,250,1956.986303
121.45359,250,1956.986303
-31.147575,250,1956.986303
-51.55714,250,1975.535656
85.18489,250,1979.47179
-36.50797,250,1979.47179
-21.921988,250,1979.472789
59.72191,250,2087.976794
14.814589,250,2092.073775
-28.792618,250,2092.074772
45.985092,250,2092.074772
-21.641863,250,2112.373773
93.98036,250,2117.135069
149.09802,250,2117.135069
224.23192,250,2117.135069
-24.092447,250,2137.652629
-12.023551,250,2141.872322
-36.36368,250,2141.872322
33.986618,250,2141.87332
46.953087,250,2161.930093
169.53157,250,2165.991165
112.45487,250,2165.991165
1.0451235,250,2165.991165
270.10773,250,2186.342977
17.088375,250,2190.370291
102.89918,250,2190.370291
-12.903339,250,2190.370291
-25.531982,250,2210.063423
162.59082,250,2213.986858
56.794197,250,2213.986858
16.60755,250,2213.986858
47.058586,250,2233.309144
215.5894,250,2237.6079
95.58345,250,2237.6079
56.59311,250,2237.6079
-20.94871,250,2274.797857
-0.28506452,250,2284.423369
18.055485,250,2284.423369
50.375626,250,2284.423369
-12.903363,250,2388.340069
204.09416,250,2393.137064
218.84138,250,2393.137586
261.20493,250,2393.137586
195.0829,250,2414.365925
141.27069,250,2418.864924
69.381004,250,2418.864924
-57.597286,250,2418.864924
273.70325,250,2439.457608
242.37401,250,2443.478232
-4.4118524,250,2443.478232
49.30523,250,2443.478232
-17.562824,250,2463.828547
86.567505,250,2467.997796
53.02466,250,2467.997796
231.1264,250,2467.997796
64.23337,250,2489.557559
149.05748,250,2493.585117
71.61693,250,2493.585117
72.757454,250,2493.585117
67.76285,250,2512.213877
46.95308,250,2516.189132
94.63056,250,2516.189132
201.03911,250,2516.189132
251.25552,250,2534.214139
354.88837,250,2538.204679
54.16651,250,2538.204679
-28.2869,250,2538.204679
139.74841,250,2556.654122
100.74347,250,2560.693154
54.981277,250,2560.693154
4.4774804,250,2560.693154
94.6312,250,2659.39738
326.9014,250,2663.770149
170.00085,250,2663.770149
94.1744,250,2663.770149
144.96727,250,2682.952495
114.789444,250,2686.913244
411.32684,250,2686.913244
78.32144,250,2686.913244
78.69418,250,2705.55488
221.16766,250,2710.057344
97.02577,250,2710.057344
151.63515,250,2710.057344
95.195045,250,2730.097386
320.6651,250,2734.347811
31.578632,250,2734.348325
55.963108,250,2734.348325
119.04839,250,2754.007236
218.99748,250,2758.539472
280.56796,250,2758.539472
134.69478,250,2758.539472
97.3687,250,2778.766829
41.379036,250,2782.962116
59.608986,250,2782.963114
442.55322,250,2782.963114
562.8356,250,2802.894288
389.58417,250,2806.941358
24.087296,250,2806.941358
178.35135,250,2806.941358
66.66664,250,2825.532404
224.67621,250,2829.983495
73.913086,250,2829.983495
31.944117,250,2829.983495
423.33328,250,2849.773408
63.636314,250,2940.069557
198.07788,250,2940.069557
389.5842,250,2940.069557
298.52402,250,2960.166155
373.68536,250,2964.215559
321.38467,250,2964.215559
186.18527,250,2964.215559
429.80142,250,2986.171555
419.71432,250,2990.563583
419.87888,250,2990.563583
430.68698,250,2990.563583
413.98608,250,3011.415936
444.17075,250,3015.614694
388.97116,250,3015.614694
260.92773,250,3015.614694
647.4382,250,3035.945077
381.10037,250,3039.940233
797.435,250,3039.940233
704.34644,250,3039.940233
829.6304,250,3058.574948
517.74536,250,3062.521333
84.21071,250,3062.521333
623.0203,250,3062.521333
298.73422,250,3081.72538
508.69394,250,3085.794623
562.6502,250,3085.794623
452.63275,250,3085.794623
622.0446,250,3104.418133
435.05612,250,3108.393604
166.66748,250,3108.393604
132.25856,250,3108.393604
609.9244,250,3126.396654
150.00111,250,3130.457709
51.62423,250,3130.457709
485.3658,250,3130.457709
620.5882,250,3230.465733
498.56683,250,3234.400589
812.6211,250,3234.400589
522.4466,250,3234.401586
50.943077,250,3253.014717
418.90118,250,3257.072704
273.88766,250,3257.072704
171.77798,250,3257.072704
265.4494,250,3275.441711
100.62696,250,3279.357721
184.64534,250,3279.357721
422.80756,250,3279.357721
285.7149,250,3297.652746
400.00058,250,3301.58178
161.74559,250,3301.58178
306.89752,250,3301.58178
180.86502,250,3320.336784
214.02502,250,3324.362016
749.8285,250,3324.362016
202.05354,250,3324.362016
333.1213,250,3343.509837
469.96643,250,3347.615735
397.97687,250,3347.615735
304.25607,250,3347.615735
464.91217,250,3366.314826
243.53833,250,3370.210582
788.08484,250,3370.210582
386.89197,250,3370.210582
232.27927,250,3388.754847
381.06125,250,3392.694705
651.8231,250,3392.694705
208.60605,250,3392.694705
738.7078,250,3490.430717
638.8533,250,3494.595871
511.31873,250,3494.595871
528.665,250,3494.595871
226.92407,250,3513.383504
473.33334,250,3517.481329
398.1826,250,3517.481329
489.9284,250,3517.482326
218.49396,250,3536.347943
481.08215,250,3540.329952
551.40686,250,3540.329952
426.49023,250,3540.329952
844.23724,250,3559.045042
189.65627,250,3563.08445
677.3976,250,3563.08445
604.62476,250,3563.08445
229.03314,250,3581.59623
671.4289,250,3585.614043
526.45636,250,3585.614043
368.75092,250,3585.614043
201.69608,250,3604.370107
311.53845,250,3608.352035
273.24017,250,3608.352035
481.81927,250,3608.352035
406.57953,250,3627.02881
735.05054,250,3631.066728
649.99945,250,3631.066728
357.9136,250,3631.066728
573.3332,250,3649.95003
430.68692,250,3653.916135
352.3819,250,3653.916135
683.13226,250,3653.916135
796.79425,250,3751.643637
546.42596,250,3755.521991
775.4429,250,3755.521991
466.34308,250,3755.521991
391.2285,250,3774.592068
602.60187,250,3778.786154
38.181526,250,3778.786154
417.90735,250,3778.786154
242.02048,250,3797.860219
707.1893,250,3801.855406
546.38544,250,3801.855406
204.34894,250,3801.855406
417.2423,250,3820.628648
140.74191,250,3824.537632
430.74457,250,3824.537632
411.40134,250,3824.538629
452.81726,250,3843.405331
613.30975,250,3847.659439
475.08072,250,3847.659439
435.9719,250,3847.659439
-9.416557,127,3859.375391
718.4808,250,3866.684251
557.1428,250,3870.685168
449.48862,250,3870.685168
68.42077,250,3882.164256
487.8372,250,3889.384068
432.2586,250,3893.474233
384.84958,250,3893.474233
420.29605,250,3904.820321
575.5835,250,3911.981372
178.3892,250,3915.929174
697.7088,250,3915.930172
6.754504,97,3920.727281
900.19995,250,3927.536761
549.389,250,4016.873209
312.50113,250,4016.873209
431.8358,250,4021.709407
488.23584,250,4028.547281
726.7482,250,4040.173169
577.3055,250,4040.173169
460.00073,250,4045.144361
107.11994,250,4051.897378
830.23096,250,4062.902431
401.719,250,4062.902431
610.34534,250,4067.855622
747.17566,250,4074.655361
615.1702,250,4085.945434
226.73254,250,4085.945434
632.025,250,4090.824416
702.9724,250,4097.705461
561.1834,250,4109.119556
710.89636,250,4109.119556
634.04315,250,4114.205296
363.57657,250,4120.812692
146.00754,250,4131.432753
637.2857,250,4131.432753
365.64978,250,4136.210469
557.89417,250,4142.870876
536.0861,250,4154.187917
341.78162,250,4154.187917
292.40576,250,4158.892521
240.69507,250,4165.603402
465.05658,250,4176.786239
330.3415,250,4176.786239
665.1239,250,4181.519784
51.999756,250,4188.147131
881.68414,250,4277.220593
315.77173,250,4277.220593
314.01312,250,4282.171609
599.69934,250,4288.761621
545.2803,250,4299.634301
704.5973,250,4299.634301
663.26587,250,4304.579678
481.56042,250,4311.408616
725.08295,250,4322.559073
311.18494,250,4322.559073
849.6104,250,4331.423627
488.23645,250,4344.473298
785.8118,250,4368.69865
366.87793,250,4368.69865
330.3804,250,4373.927779
844.05524,250,4381.034138
549.48315,250,4393.257385
121.83171,250,4393.257385
600.9645,250,4398.398817
502.88657,250,4405.797628
610.8817,250,4418.176594
326.967,250,4418.176594
611.34064,250,4423.445743
588.27216,250,4430.734858
621.37256,250,4442.728701
703.38794,250,4442.728701
491.07742,250,4448.244745
810.29755,250,4455.778611
865.86945,250,4467.491232
744.66016,250,4467.491232
627.5752,250,4472.359042
501.44736,250,4479.071709
24.619764,250,4490.078968
686.51605,250,4490.078968
530.50653,250,4573.185098
772.72845,250,4580.10673
693.6483,250,4591.165642
459.56787,250,4591.165642
774.1488,250,4595.949759
388.55063,250,4602.719178
837.70197,250,4614.351891
535.6383,250,4614.351891
543.96387,250,4619.148843
645.455,250,4625.926202
576.66504,250,4637.106049
690.37836,250,4637.106049
49.999733,250,4641.800217
806.24963,250,4648.43488
839.28656,250,4659.428159
798.55115,250,4659.428159
338.5969,250,4664.286493
920.4004,199,4666.350232
881.27386,250,4682.348139
118.85583,250,4682.348139
724.1373,250,4687.271776
655.69824,250,4689.420821
626.1139,250,4705.66606
883.163,250,4705.66606
812.05133,250,4710.617021
862.45593,250,4712.704939
783.4345,250,4728.556201
731.37225,250,4728.556201
886.9276,250,4733.405078
664.7053,250,4735.427614
863.0998,250,4751.247544
814.3834,250,4751.247544
488.88824,250,4756.057422
602.6153,250,4838.736946
826.1999,250,4856.038748
728.99384,250,4856.038748
714.5683,250,4861.309702
727.11676,250,4863.485638
889.05066,250,4879.517764
598.36084,250,4879.517764
749.1224,250,4884.45353
403.52167,250,4886.578057
243.65323,250,4902.597072
212.71567,250,4902.597072
836.61945,250,4907.456132
718.50464,250,4909.554003
781.11774,250,4925.271238
860.4723,250,4925.271238
684.94366,250,4930.007294
679.4103,250,4932.139844
841.7807,250,4948.214832
528.83417,250,4948.214832
573.9808,250,4953.115049
854.22577,250,4955.20065
856.04266,250,4971.545698
546.7061,250,4971.545698
329.03296,250,4976.375964
469.96564,250,4978.567062
350.001,250,4994.404854
818.0308,250,4994.404854
892.8797,250,4999.132464
863.7668,250,5001.247165
918.899,203,5012.754542
538.0938,250,5017.312295
573.5371,250,5022.40321
579.61084,250,5024.507184
889.05084,250,5115.108101
618.03125,250,5119.325442
733.3333,250,5124.100484
665.9582,250,5126.3251
839.4997,250,5137.70151
876.50885,250,5141.944278
849.6394,250,5146.683202
890.0317,250,5148.867281
375.41077,250,5160.503233
650.87537,250,5165.036115
857.5156,250,5170.116925
380.26364,250,5172.145937
819.87036,250,5183.432163
533.5619,250,5187.690768
815.2521,250,5192.384215
629.03284,250,5194.517548
691.9693,250,5205.728204
860.0009,250,5210.038076
852.21625,250,5214.842566
851.4911,250,5216.91268
826.57245,250,5228.463451
266.86493,250,5232.969034
650.0006,250,5237.726461
588.89014,250,5240.097666
308.24042,250,5251.748986
403.40225,250,5256.073871
340.4769,250,5260.969343
348.59924,250,5263.116763
586.27216,250,5274.920169
896.198,250,5279.143173
592.8089,250,5284.020665
614.78687,250,5286.140738
494.34067,250,5377.066521
672.88135,250,5381.222638
670.48926,250,5386.194818
889.8653,250,5388.318979
717.6077,250,5399.727134
821.9862,250,5403.910306
852.54047,250,5408.55586
809.6981,250,5410.610556
901.89844,246,5421.493434
369.1788,250,5426.218678
735.05,250,5431.07399
604.9694,250,5433.191278
893.35425,250,5444.457496
826.3146,250,5449.115767
647.36633,250,5453.954488
854.5444,250,5456.062711
664.1172,250,5467.085842
733.94714,250,5471.878903
849.2179,250,5476.698033
870.8731,250,5478.874874
874.82074,250,5490.338995
655.35004,250,5495.113621
853.64264,250,5500.081518
488.75748,250,5502.260278
907.50024,232,5512.427644
435.25638,250,5519.028188
856.6566,250,5523.858642
539.07007,250,5525.968509
549.6324,250,5535.547741
863.8974,250,5541.917406
204.62431,207,5544.95963
896.74207,250,5546.795622
675.31757,250,5558.587639
889.09155,250,5644.008482
842.3074,250,5646.914474
872.72675,250,5648.659131
884.4329,250,5659.812991
890.29083,250,5665.774856
877.1857,250,5668.679215
826.3544,250,5670.416754
824.2417,250,5681.690238
843.14264,250,5688.084341
538.2236,250,5691.285244
468.84094,250,5693.161721
816.6649,250,5705.252177
633.3323,250,5711.828215
549.00385,250,5714.950737
651.48004,250,5716.827132
640.1298,250,5728.481971
630.1591,250,5735.043546
834.3618,250,5738.049911
604.12024,250,5739.884476
644.80756,250,5751.859825
377.70728,250,5758.174798
663.4409,250,5761.197747
506.45203,250,5763.053915
523.2856,250,5774.62463
473.47778,250,5780.907775
476.54785,250,5783.932811
872.5466,250,5785.784064
850.9796,250,5797.508023
730.8812,250,5803.795725
590.71967,250,5806.799716
892.7772,250,5808.623248
863.3688,250,5820.147913
378.87375,250,5826.387167
472.58176,250,5909.475043
737.6395,250,5911.198347
790.10876,250,5922.23097
788.08606,250,5928.212354
571.3293,250,5931.119839
754.30475,250,5932.914193
702.082,250,5944.297163
579.99994,250,5950.965829
671.62604,250,5954.209
576.47107,250,5956.098621
539.9995,250,5968.049755
747.2741,250,5974.398991
748.05615,250,5977.430507
743.64825,250,5979.297554
720.9472,250,5991.130982
868.3783,250,5997.423341
787.4172,250,6000.438062
690.20795,250,6002.295902
651.5712,250,6014.024329
371.7615,250,6020.430184
306.89755,250,6023.470934
626.3161,250,6025.315175
896.10614,250,6036.852914
544.22797,250,6043.154022
750.90845,250,6046.190404
815.66235,250,6048.012404
826.0575,250,6059.659057
652.65045,250,6065.931103
629.8247,250,6068.922178
673.3326,250,6070.895096
831.8968,250,6082.475085
468.4937,250,6088.67611
786.03,250,6091.69752
683.8696,250,6093.541326
839.2849,250,6184.527741
682.467,250,6190.746991
890.2268,250,6193.774328
877.6113,250,6195.515344
849.1503,250,6206.636454
858.041,250,6212.765921
912.3986,219,6212.97237
529.89014,250,6217.632987
837.1247,250,6229.362622
752.2341,250,6235.558266
842.17523,250,6235.774688
885.45483,250,6240.439849
608.1939,250,6252.104759
520.8065,250,6258.438184
559.16174,250,6258.661325
716.6085,250,6263.291405
526.3326,250,6274.98092
777.77747,250,6281.14816
383.87164,250,6281.37466
859.70593,250,6285.973229
730.8827,250,6297.728657
834.8515,250,6304.00298
596.7746,250,6304.203852
424.2721,250,6308.848556
528.57166,250,6320.539424
607.90314,250,6326.900495
832.07605,250,6327.113962
353.98822,250,6331.874235
714.43207,250,6343.852035
669.2308,250,6350.341204
813.6198,250,6350.562172
734.9517,250,6355.303808
858.6444,250,6446.964404
546.86395,250,6453.440852
779.12103,250,6453.652246
816.33417,250,6458.381905
802.44006,250,6470.216374
516.23694,250,6476.546618
659.3987,250,6476.755987
739.62036,250,6481.384309
864.28406,250,6493.05918
738.92426,250,6499.536556
885.1293,250,6499.784954
605.33,250,6505.171704
710.89526,250,6517.67154
365.2788,250,6525.103395
806.0385,250,6525.406081
788.11127,250,6530.780757
671.8735,250,6546.88291
418.5197,250,6554.414509
657.48425,250,6554.641905
871.1164,250,6559.294305
618.8584,250,6571.344408
604.6233,250,6577.909858
481.22852,250,6578.196238
647.4021,250,6583.164166
608.738,250,6595.248865
719.39716,250,6601.716499
461.56207,250,6601.929615
564.02893,250,6606.737795
878.18225,250,6618.841592
342.50937,250,6625.127588
865.7799,250,6625.327569
821.98566,250,6630.100668
354.49695,223,6722.813535
832.3815,250,6732.032246
860.13153,250,6732.242698
502.69348,250,6737.371957
635.1923,250,6747.336554
484.77603,250,6756.734627
651.87756,250,6756.96365
704.55975,250,6761.818586
495.67972,250,6771.597652
889.99945,250,6780.956763
846.61615,250,6781.20387
774.58673,250,6786.473345
840.73914,250,6796.864136
403.52167,250,6806.209798
637.0216,250,6806.422944
481.31583,250,6811.163647
861.2683,250,6820.478731
914.89996,213,6826.679516
725.1731,250,6830.229569
782.7586,250,6835.256967
812.7278,250,6844.910786
517.44867,250,6850.739742
865.8693,250,6854.316459
846.126,250,6859.597744
476.64294,250,6869.365742
847.3659,250,6875.066825
582.54,250,6878.336437
797.008,250,6883.213387
823.075,250,6892.618523
721.5478,250,6898.500459
857.74646,250,6901.918734
833.3319,250,6907.11931
853.56036,250,6917.025895
626.6408,250,7006.902579
862.84814,250,7010.120761
868.8689,250,7015.043836
617.7895,250,7024.923613
676.3962,250,7030.949965
639.8116,250,7034.400769
847.8826,250,7039.536654
821.7051,250,7049.166797
501.47678,250,7055.004207
814.1909,250,7058.77232
250.69534,250,7064.084016
641.8309,250,7074.56612
633.5625,250,7080.298699
385.40216,250,7083.502668
618.9525,250,7088.42817
807.74866,250,7097.667028
821.16016,250,7103.644023
851.67096,250,7107.225685
825.3231,250,7112.148512
847.85236,250,7121.673624
849.1502,250,7127.828011
781.18866,250,7131.478241
650.789,250,7136.903862
716.9489,250,7146.665327
438.4623,250,7152.898703
878.3365,250,7156.188956
919.998,200,7156.527967
495.30835,250,7171.474878
918.5993,204,7176.311512
845.9451,250,7177.56331
722.00507,250,7181.523944
859.5584,250,7196.097048
912.7015,219,7197.947545
863.76715,250,7201.911968
907.2993,232,7203.767149
872.12634,250,7305.185564
615.275,250,7306.964982
858.3317,250,7311.328059
861.2903,250,7313.546985
499.19125,250,7329.762257
669.2308,250,7331.70697
888.09357,250,7335.842026
878.328,250,7338.157978
908.4998,229,7352.762689
660.0009,250,7359.892499
908.9975,228,7363.383182
811.97174,250,7370.886718
916.8009,208,7393.777982
705.4585,250,7402.065308
862.1987,250,7404.17008
771.79504,250,7408.449208
651.65344,250,7419.287538
663.6363,250,7427.908215
854.2693,250,7429.989197
705.2808,250,7434.298865
896.014,250,7445.152278
846.53894,250,7453.053101
745.6579,250,7455.235269
572.7831,250,7459.453523
765.722,250,7469.517844
728.7908,250,7477.895497
789.5898,250,7479.884188
584.932,250,7484.32464
803.2248,250,7494.594917
903.29987,242,7501.791879
692.38696,250,7504.476092
865.40656,250,7508.881598
877.27216,250,7599.626824
564.3603,250,7606.370235
917.5014,207,7608.844482
744.6589,250,7608.956342
841.6051,250,7622.366028
774.9995,250,7629.254658
722.742,250,7631.907908
611.91943,250,7632.011963
848.09467,250,7646.337474
704.87836,250,7653.600599
747.8967,250,7656.154975
851.85,250,7656.294602
869.1109,250,7670.243329
804.41156,250,7677.409177
799.3491,250,7680.005247
541.1041,250,7680.148826
524.99805,250,7694.369097
872.4143,250,7701.439942
661.28906,250,7703.917964
884.4333,250,7704.030908
632.67255,250,7717.659314
570.40955,250,7724.539374
574.6985,250,7727.102942
697.3422,250,7727.222895
640.2134,250,7740.724114
886.66614,250,7747.551961
834.25323,250,7750.200948
776.40515,250,7750.328858
833.5536,250,7763.868214
833.7988,250,7770.648835
896.4535,250,7773.180784
812.12115,250,7773.286866
860.71484,250,7787.637527
443.55447,250,7878.583459
861.4142,250,7881.104988
396.52856,250,7881.221961
448.0436,250,7895.080024
429.22125,250,7902.640111
877.1984,250,7905.30991
679.8164,250,7905.431583
828.313,250,7920.590326
301.29486,250,7928.113706
520.25354,250,7930.899968
865.5147,250,7931.025029
874.358,250,7945.060115
866.6661,250,7952.1465
907.6994,231,7953.004192
817.9796,250,7954.731225
868.35626,250,7968.767135
718.17993,250,7976.360651
858.48975,250,7977.28817
861.9357,250,7979.155617
217.0741,250,7993.654573
868.4199,250,8000.752923
725.807,250,8001.711995
703.38763,250,8003.444507
560.8367,250,8017.715218
526.71265,250,8025.0922
628.1228,250,8026.024708
879.8645,250,8027.837653
700.6412,250,8042.048161
838.51074,250,8049.003735
890.0317,250,8049.898532
902.70154,244,8050.994275
821.64105,250,8065.592
808.7287,250,8156.269914
802.3546,250,8157.166637
829.6291,250,8158.323662
636.1565,250,8173.476856
892.85706,250,8180.860106
842.6511,250,8181.807887
861.65936,250,8182.985259
753.4184,250,8197.799726
632.0252,250,8204.713398
706.2277,250,8205.71293
680.2532,250,8206.89798
726.5304,250,8221.866095
370.94913,250,8229.023467
833.8235,250,8230.025787
631.3435,250,8231.215607
862.961,250,8245.571911
869.38586,250,8252.48285
735.4838,250,8253.351025
382.86722,250,8254.499498
428.572,250,8269.620264
716.7202,250,8276.841436
800.68585,250,8277.648814
713.9513,250,8278.805229
681.53723,250,8293.391993
631.3407,250,8300.246226
850.1756,250,8301.116803
892.3356,250,8302.22966
388.81882,250,8316.707542
647.66437,250,8323.625644
433.95123,250,8324.445529
883.44305,250,8325.584277
704.96405,250,8339.855526
630.8863,250,8346.584334
878.94635,250,8347.430076
874.0731,250,8348.558765
407.5764,250,8444.712184
874.4517,250,8452.251271
699.9992,250,8453.232022
856.51935,250,8454.443818
701.4168,250,8470.3354
546.10406,250,8477.896784
886.2527,250,8478.948117
842.3064,250,8480.199167
854.02216,250,8495.12096
889.43726,250,8502.260826
674.7005,250,8503.114586
783.45636,250,8504.335683
784.6143,250,8519.03383
806.3529,250,8525.963624
266.95087,248,8526.64403
854.88464,250,8527.974598
862.96063,250,8542.73952
916.60095,209,8547.756727
883.16284,250,8549.62015
875.6097,250,8550.296352
748.375,250,8567.04969
662.0479,250,8572.631642
598.0056,250,8574.700831
726.97766,250,8575.386563
806.04016,250,8591.481344
644.02527,250,8596.674514
431.42972,250,8598.587618
859.5582,250,8599.261919
687.42346,250,8615.194714
633.06476,250,8620.136896
900.5973,249,8621.869394
754.01404,250,8622.669806
634.54407,250,8722.510904
912.1001,220,8726.552795
667.21265,250,8727.617824
706.66614,250,8730.181644
720.42365,250,8746.56239
714.1268,250,8750.701421
411.25436,250,8751.817642
558.04517,250,8754.49071
850.70435,250,8770.550391
896.1382,250,8774.691231
812.45605,250,8775.806581
393.6309,250,8778.474741
792.2147,250,8794.948116
861.5368,250,8798.969763
813.18274,250,8800.044822
497.1734,250,8802.610899
821.4994,250,8819.120858
671.16046,250,8823.206169
668.0713,250,8824.282898
710.62885,250,8826.831156
589.1001,250,8844.043533
243.2352,250,8848.094937
640.6121,250,8849.225378
426.81482,250,8851.814321
782.35333,250,8867.746312
669.81024,250,8871.943316
715.1806,250,8873.057212
647.127,250,8875.719901
629.371,250,8892.230326
842.6496,250,8896.419188
869.1779,250,8897.448
850.17487,250,8899.931033
844.4423,250,9010.011869
919.1005,203,9013.363431
878.57135,250,9014.240943
849.36847,250,9015.315443
799.9994,250,9035.27312
758.1562,250,9038.71579
816.6665,250,9039.622481
868.42096,250,9040.728058
789.25146,250,9059.638504
260.70474,250,9062.989401
715.69745,250,9063.859431
879.23584,250,9065.003082
793.9907,250,9083.723298
901.2981,247,9086.724888
508.2063,250,9087.987026
634.69135,250,9089.111989
424.13885,250,9109.562387
865.6482,250,9112.942229
485.7146,250,9114.179941
600.6774,250,9115.337926
911.00024,223,9131.850477
489.28555,250,9138.27864
758.85974,250,9139.712251
748.1837,250,9140.838217
839.0241,250,9157.699324
497.31418,250,9163.430776
733.3328,250,9164.601184
861.4024,250,9165.732672
380.8268,250,9182.369521
920.00055,200,9184.391387
671.6509,250,9188.053917
846.0313,250,9190.379765
905.19934,237,9205.437502
640.86145,250,9208.642573
868.1959,250,9296.250444
879.3803,250,9298.360224
890.535,250,9314.063692
857.44574,250,9317.582975
600.96216,250,9321.968785
880.325,250,9324.564567
748.27716,250,9341.096368
635.0973,250,9344.63626
453.74655,250,9348.468092
658.16833,250,9350.805501
613.01904,250,9366.468521
725.3415,250,9370.082366
860.65405,250,9373.933965
735.0513,250,9376.144876
872.31525,250,9391.304181
912.80066,218,9391.451968
900.89795,248,9398.108904
566.66705,250,9400.662502
570.1729,250,9416.364984
838.4618,250,9416.477682
629.96954,250,9423.06591
856.2036,250,9425.374465
794.22894,250,9448.467775
873.4203,250,9448.638994
893.1954,250,9456.228812
728.2826,250,9459.033681
502.64908,250,9477.630122
676.83673,250,9477.785984
712.70654,250,9485.25493
255.26404,250,9488.076973
892.1848,250,9505.851287
744.93744,250,9505.967469
695.25226,250,9512.436193
871.92883,250,9602.205098
881.20056,250,9617.63394
833.55304,250,9617.75761
517.42145,250,9624.926321
721.91656,250,9627.235754
820.00055,250,9642.15159
368.85342,250,9642.274262
864.4243,250,9649.158625
803.1126,250,9652.238237
902.5981,244,9668.403654
453.00925,250,9668.958178
741.9349,250,9675.728172
570.0683,250,9678.126796
888.8467,250,9692.819124
312.372,250,9693.313801
393.67145,250,9699.715165
521.0162,250,9702.00283
803.1237,250,9715.734034
774.45703,250,9716.314481
826.6664,250,9722.699404
484.66446,250,9725.062635
862.83746,250,9739.433991
900.1985,250,9739.900742
858.62085,250,9746.125179
636.5269,250,9748.411067
849.80585,250,9762.333363
489.2847,250,9762.814079
709.02527,250,9769.127424
448.49612,250,9771.494405
916.79974,208,9781.349894
836.45233,250,9785.573794
914.8986,213,9788.477762
827.9971,250,9794.759422
786.7301,250,9885.357395
724.7428,250,9889.580082
694.2209,250,9892.408072
889.0098,250,9897.946722
406.45224,250,9907.946393
479.92645,250,9912.386982
817.2188,250,9915.263301
568.8507,250,9920.904113
680.12115,250,9930.873466
917.4,207,9931.258437
722.36725,250,9938.029353
633.5328,250,9943.841444
921.69995,196,9949.199196
672.586,250,9953.777985
794.0387,250,9960.830155
720.2232,250,9966.394283
524.11383,250,9971.76609
770.96497,250,9976.284565
581.6822,250,9983.494184
832.5837,250,9989.07612
857.5165,250,9994.36901
726.3649,250,9998.867985
487.83743,250,10005.914404
807.5337,250,10011.45815
859.99945,250,10016.838279
564.23083,250,10021.356859
858.6765,250,10028.485307
743.2608,250,10034.334265
666.2837,250,10039.618543
259.3761,250,10044.127031
914.3004,215,10048.057536
842.95325,250,10056.646496
923.6989,191,10061.203321
744.828,250,10062.052052
836.66504,250,10148.558085
765.3829,250,10157.28924
891.7675,250,10161.76628
860.9928,250,10162.591075
863.76666,250,10171.110251
549.3886,250,10179.96844
901.40125,247,10184.132547
789.2613,250,10185.253483
809.3843,250,10193.701969
911.8,221,10199.769484
889.0505,250,10206.705658
839.28516,250,10207.918417
707.57935,250,10216.352839
605.69714,250,10222.340366
927.2992,182,10223.082383
896.1063,250,10230.447006
924.29877,190,10233.580428
712.4992,250,10245.277708
364.28613,250,10246.041666
883.1072,250,10253.136244
651.7227,250,10256.210162
804.4367,250,10267.638748
605.0825,250,10268.385751
762.5427,250,10275.647346
875.08594,250,10278.700715
892.8287,250,10290.081371
872.22003,250,10290.831367
845.2555,250,10297.965736
861.53766,250,10301.012121
909.0003,228,10311.248184
893.10406,250,10312.699606
812.5874,250,10320.824089
882.9912,250,10323.9248
802.2076,250,10414.484238
535.2566,250,10415.827177
659.8556,250,10423.672732
415.67993,250,10426.742105
866.997,250,10437.402212
664.3073,250,10438.709718
731.74615,250,10446.670447
864.40955,250,10449.720829
798.98926,250,10459.884828
694.8698,250,10461.192859
847.9145,250,10469.049383
583.1675,250,10472.168573
824.5873,250,10482.365718
813.04266,250,10483.670231
801.05817,250,10491.633854
747.82434,250,10494.749526
558.8206,250,10504.979237
527.33026,250,10506.249356
420.29605,250,10514.108855
912.4979,219,10514.403077
870.87335,250,10527.250851
839.71674,250,10528.54938
434.59225,250,10536.539515
636.4847,250,10536.850684
655.35095,250,10550.140596
336.53354,250,10551.442119
837.9309,250,10559.170561
779.4772,250,10559.474749
715.6023,250,10572.269598
844.6492,250,10573.546184
918.4017,204,10577.545852
896.53687,250,10581.457268
637.31396,250,10673.566277
865.1145,250,10674.850857
880.1981,250,10678.829754
845.5765,250,10682.664504
872.43964,250,10695.916121
903.6992,241,10696.393844
765.45496,250,10701.18404
844.6351,250,10705.134482
915.09863,213,10715.451423
838.77484,250,10718.301805
852.7277,250,10723.651798
681.14294,250,10727.530133
836.45276,250,10738.065574
541.69104,250,10740.88704
912.69867,219,10743.335494
885.1835,250,10749.945547
851.852,250,10760.565538
575.9785,250,10763.578484
465.3502,250,10766.083789
719.93427,250,10772.69999
920.0996,200,10778.538913
896.31006,250,10785.843957
883.38745,250,10788.456151
896.79333,250,10794.974286
881.13043,250,10800.892468
867.9684,250,10808.315806
590.18304,250,10810.939793
632.2579,250,10817.723671
389.36255,250,10823.646853
880.91595,250,10831.037562
833.9933,250,10833.58228
879.6587,250,10840.411411
592.5288,250,10846.382499
709.35345,250,10853.685006
693.5486,250,10935.11105
626.6436,250,10941.748415
848.5522,250,10948.386193
848.97845,250,10955.722332
872.8804,250,10958.165319
885.24023,250,10964.78018
637.03503,250,10970.720815
903.19763,242,10977.39334
414.4513,250,10980.661605
888.636,250,10987.118312
837.4991,250,10993.185107
854.88464,250,10999.779632
684.1939,250,11003.024965
890.22736,250,11009.809857
840.35065,250,11015.715074
856.20416,250,11022.485845
853.12335,250,11025.762093
803.5358,250,11032.508626
713.11395,250,11038.462809
883.8181,250,11045.094789
776.0315,250,11048.352063
528.90466,250,11054.99969
884.1792,250,11060.904849
841.7808,250,11067.541571
841.8196,250,11070.743242
817.5612,250,11077.371525
686.184,250,11083.363961
686.4396,250,11089.996614
814.39606,250,11093.264408
869.4893,250,11099.876089
773.7867,250,11105.895998
923.6989,191,11107.225444
676.55707,250,11115.789536
863.9983,250,11201.842768
870.9676,250,11207.87916
892.93066,250,11209.284149
381.96814,250,11217.730984
550.5547,250,11224.402659
885.5569,250,11230.39516
829.25964,250,11231.859248
865.07916,250,11240.536765
783.9572,250,11247.135078
875.6105,250,11253.040555
800.00116,250,11254.428855
830.55347,250,11262.978985
762.41394,250,11269.73592
815.8569,250,11275.672156
823.33276,250,11277.011575
809.72034,250,11285.404576
920.89984,198,11287.416725
920.7004,199,11293.410613
421.74023,250,11299.412585
859.3736,250,11308.09353
795.6224,250,11310.152912
554.6551,250,11316.250871
474.19397,250,11323.227833
913.90063,216,11330.093027
819.297,250,11336.316724
908.2006,230,11342.5306
854.68317,250,11351.956544
706.55634,250,11358.411863
822.7937,250,11364.547173
864.9668,250,11369.651881
814.8257,250,11380.091022
728.0685,250,11386.421895
920.8998,198,11386.885766
913.99884,215,11393.700438
461.22528,250,11496.673351
915.6006,211,11499.134616
844.2603,250,11502.836643
443.7962,250,11509.236859
892.36566,250,11521.162673
842.96497,250,11523.728975
815.69635,250,11527.032631
858.1898,250,11533.60685
933.2991,167,11539.698854
861.2693,250,11544.971746
867.531,250,11550.587585
507.14084,250,11557.098215
923.2992,192,11557.766369
838.6947,250,11568.811813
872.7884,250,11574.815588
877.12384,250,11581.577292
551.6863,250,11582.205745
884.7331,250,11593.434621
531.4096,250,11599.665735
913.0986,218,11603.084379
896.32336,250,11607.306204
827.2743,250,11628.676531
877.85016,250,11640.125552
918.2007,205,11648.217332
823.91223,250,11649.080062
848.14825,250,11665.110065
718.182,250,11671.450846
500.59048,250,11674.495786
755.1211,250,11675.320749
845.2549,250,11691.572695
861.67303,250,11697.773186
881.1305,250,11701.036864
815.82275,250,11701.727309
916.8016,208,11713.876782
881.9467,250,11815.07816
372.84436,250,11817.751187
695.37854,250,11818.401911
780.9523,250,11828.27898
893.9752,250,11838.161796
522.69666,250,11840.847914
416.8927,250,11841.521797
666.8925,250,11851.665713
443.62518,250,11861.207623
881.4117,250,11863.896711
804.76,250,11864.537992
433.92422,250,11874.806427
896.41327,250,11884.44659
909.3,227,11885.714183
640.98083,250,11887.294486
883.2202,250,11898.558977
876.973,250,11908.011958
704.96326,250,11909.306988
639.54755,250,11910.874494
671.5233,250,11922.35046
732.77563,250,11933.135044
390.19708,250,11934.47177
826.6658,250,11936.169014
448.82266,250,11947.861022
893.0322,250,11958.488601
658.1116,250,11959.801651
561.18414,250,11961.389968
866.328,250,11972.281862
853.0182,250,11982.293507
672.72754,250,11983.646172
849.8179,250,11985.207017
711.0736,250,11996.929621
837.2946,250,12101.450181
452.5527,250,12102.680213
864.40967,250,12104.31158
591.08093,250,12115.270009
854.3722,250,12125.327935
857.5951,250,12126.632452
323.31348,250,12128.221792
766.2184,250,12139.787435
915.4998,212,12146.062564
677.37286,250,12150.947515
533.2161,250,12152.867371
779.7241,250,12165.581727
917.70026,206,12167.855836
875.20667,250,12176.757861
825.6482,250,12178.265963
866.2165,250,12189.551094
805.4559,250,12191.690057
453.69217,250,12201.627012
552.3437,250,12203.168115
926.8994,183,12208.318948
512.7957,250,12217.215479
779.00146,250,12226.108377
541.445,250,12227.694098
607.3955,250,12232.337137
584.025,250,12240.387051
903.39996,242,12249.416507
740.2764,250,12251.620096
847.9146,250,12256.286187
619.59406,250,12264.588592
917.2002,207,12268.727749
715.6995,250,12275.274592
406.84998,250,12280.187517
790.9104,250,12289.112969
697.79474,250,12293.387057
865.03406,250,12385.456074
518.75085,250,12390.263112
789.96643,250,12398.546711
434.6539,250,12402.562519
907.9001,231,12406.874897
735.6641,250,12413.024165
394.8107,250,12421.879347
712.07874,250,12425.869885
914.7984,213,12426.935628
849.09204,250,12436.887675
558.0859,250,12445.247865
862.198,250,12449.317959
778.8919,250,12450.358711
864.16876,250,12460.508128
880.4657,250,12469.089844
921.0981,198,12469.38742
496.25766,250,12473.501527
904.69904,239,12483.485575
681.065,250,12493.495907
879.99945,250,12493.850469
658.7395,250,12497.979384
702.4672,250,12508.753246
911.9,221,12516.295963
875.77563,250,12519.575605
491.24045,250,12523.622422
728.07025,250,12535.138626
622.80695,250,12542.742839
884.0756,250,12546.408849
886.43835,250,12551.860557
765.45526,250,12566.565055
835.1156,250,12574.731853
882.20337,250,12578.449531
875.45966,250,12583.206347
516.88293,250,12687.583194
596.42615,250,12695.835643
896.6999,250,12698.929855
751.7337,250,12703.044575
868.74854,250,12713.235955
801.4088,250,12719.605929
907.8998,231,12720.824867
760.7138,250,12726.656621
762.0701,250,12737.022978
708.8237,250,12743.252855
398.30612,250,12744.457541
881.2006,250,12749.811685
838.1823,250,12759.734949
907.2991,232,12764.668213
896.3099,250,12767.654646
920.60004,199,12768.527774
892.67285,250,12783.421787
851.04803,250,12788.862962
703.8584,250,12792.055726
592.3048,250,12792.940586
445.7879,250,12807.716105
742.2934,250,12812.527193
833.1003,250,12815.587592
876.429,250,12816.52284
692.6422,250,12832.021041
278.00775,250,12837.101867
815.58356,250,12840.301694
871.0602,250,12841.198776
847.7361,250,12856.1552
861.8038,250,12861.294733
875.4377,250,12864.322791
848.52924,250,12865.229811
853.57135,250,12880.479782
732.3698,250,12971.094042
369.96585,250,12974.045703
658.3879,250,12974.896032
760.3774,250,12989.941426
792.9744,250,12994.804962
678.52313,250,12998.099811
874.7623,250,12998.978944
801.5138,250,13013.451072
863.5751,250,13018.070031
730.3243,250,13020.806884
893.12683,250,13021.651212
744.06537,250,13036.134503
896.138,250,13040.977608
827.9981,250,13043.90769
449.8286,250,13044.807279
404.79324,250,13059.982696
875.7573,250,13065.43122
390.3232,250,13068.727065
773.0152,250,13069.70418
890.2583,250,13085.703722
878.8744,250,13090.815019
663.8019,250,13094.098959
589.77844,250,13095.008193
885.1307,250,13110.522704
893.1954,250,13115.447741
867.73975,250,13118.504847
839.84686,250,13119.46927
733.33374,250,13134.739019
893.28723,250,13139.701586
861.5378,250,13142.680222
884.433,250,13143.58069
864.1554,250,13160.067644
865.51764,250,13165.22341
809.08923,250,13168.269596
857.59467,250,13253.893523
481.8193,250,13268.424869
740.67737,250,13273.536489
871.5282,250,13276.543501
785.994,250,13277.390448
759.203,250,13291.856219
873.977,250,13296.734071
841.39056,250,13299.615071
660.8695,250,13300.491321
855.17267,250,13315.760572
673.9929,250,13320.906046
644.8286,250,13323.856784
574.7729,250,13324.736571
873.6837,250,13339.953929
868.85565,250,13344.953177
837.9077,250,13348.04095
567.70996,250,13348.939996
883.81805,250,13363.961636
833.0841,250,13369.22282
594.5324,250,13372.268153
869.23004,250,13373.171031
360.26538,250,13388.825088
879.52057,250,13394.110024
731.2489,250,13397.304676
735.66364,250,13398.225114
635.2925,250,13414.03295
310.25726,250,13419.232797
732.2588,250,13422.232352
450.0011,250,13423.200281
882.87775,250,13439.35944
857.74713,250,13444.918644
368.46902,250,13447.985816
889.828,250,13448.919827
859.70605,250,13546.118145
633.7447,250,13551.085082
913.9998,215,13551.591731
886.7095,250,13553.975405
673.4611,250,13569.368339
621.6092,250,13574.047754
637.0031,250,13574.545268
842.65094,250,13576.867464
836.45355,250,13592.411332
870.6951,250,13597.828364
837.69476,250,13598.397227
536.63525,250,13600.909558
623.60266,250,13616.661744
886.3466,250,13621.661525
873.682,250,13622.175256
892.98157,250,13624.776778
870.26025,250,13640.847508
423.95288,250,13645.988392
407.9881,250,13646.595481
870.9681,250,13649.342216
748.10266,250,13665.922192
850.00006,250,13670.96176
868.8563,250,13671.517457
836.7067,250,13674.100418
885.1295,250,13689.7635
918.7,204,13690.30816
847.73584,250,13695.167413
850.18915,250,13698.086931
784.8678,250,13714.405394
565.5923,250,13715.039757
853.90106,250,13719.810405
735.123,250,13722.283708
735.36584,250,13821.375535
856.2044,250,13821.991502
867.4262,250,13827.927748
663.97375,250,13830.670131
851.3874,250,13846.839433
870.5879,250,13847.428441
396.40366,250,13852.20256
438.46198,250,13854.674439
627.913,250,13870.573527
820.7927,250,13871.21041
888.9298,250,13876.11571
409.7406,250,13878.755814
877.56244,250,13894.717184
768.8506,250,13895.39737
884.0755,250,13900.214089
906.49786,234,13901.382792
873.76776,250,13918.504602
861.6724,250,13919.090935
831.1597,250,13923.739852
896.75214,250,13924.66837
716.47894,250,13941.24514
785.1359,250,13941.838555
797.00836,250,13946.453724
401.66196,250,13947.386231
841.9789,250,13964.158391
349.51215,250,13964.757788
572.02545,250,13969.458725
837.3038,250,13970.376285
844.055,250,13987.023886
876.50867,250,13987.620291
619.59283,250,13992.394067
841.93524,250,13993.328569
824.1379,250,14087.903305
924.4992,189,14088.436515
867.5066,250,14088.436515
866.3597,250,14092.838747
831.4065,250,14109.752064
878.25995,250,14110.377392
880.0646,250,14110.377392
813.7357,250,14115.095316
325.8685,250,14132.749949
889.2445,250,14133.326561
654.32294,250,14133.326561
452.6314,250,14138.108308
643.2834,250,14155.816661
470.49268,250,14156.381151
828.326,250,14156.381151
457.25278,250,14160.923116
860.24304,250,14178.259276
757.14264,250,14178.85269
885.40137,250,14178.85269
913.69836,216,14180.370647
922.8988,193,14197.400573
916.09863,210,14197.400573
911.60065,221,14198.443784
896.5971,250,14200.547163
841.1747,250,14220.151782
659.07434,250,14220.151782
568.7108,250,14221.206961
705.28,250,14223.344255
914.29803,215,14239.568294
892.24567,250,14242.687853
470.94684,250,14243.729069
854.5457,250,14245.806517
888.888,250,14261.912562
911.4978,222,14262.526919
884.06213,250,14266.057337
519.19543,250,14268.236513
736.01263,250,14362.457867
674.43353,250,14363.102144
805.92505,250,14366.633303
585.2462,250,14368.717739
691.09644,250,14385.079512
566.6664,250,14385.740744
838.1107,250,14389.296241
753.3332,250,14391.352743
390.1195,250,14407.297972
902.5978,244,14407.380751
912.20013,220,14408.729148
882.7592,250,14413.421429
915.4015,212,14426.274516
504.56342,250,14429.604126
846.42804,250,14431.055776
685.71216,250,14435.858937
885.61084,250,14448.753673
907.0983,233,14450.50902
851.41486,250,14453.386847
818.08777,250,14458.153799
859.04364,250,14471.29498
621.77344,250,14473.117118
722.14685,250,14476.059255
916.99994,208,14477.058246
863.767,250,14493.86144
740.53143,250,14495.72047
389.4901,250,14498.790265
665.95703,250,14499.827493
300.00055,250,14517.283503
388.57263,250,14519.136082
618.95514,250,14522.130079
663.9753,250,14523.133415
874.82,250,14617.310866
289.5713,250,14619.091107
868.08484,250,14622.046214
697.5459,250,14623.05053
869.0714,250,14639.945802
756.69763,250,14641.790877
889.82837,250,14644.748971
764.5155,250,14645.745307
884.95966,250,14662.262152
918.90173,203,14662.837614
601.6393,250,14664.108218
345.5135,250,14667.994007
854.2261,250,14684.337865
561.8682,250,14684.930281
896.1662,250,14686.152015
896.09094,250,14690.02467
849.66376,250,14706.794693
878.8749,250,14707.36816
813.0421,250,14708.700138
687.0963,250,14712.792992
919.4008,202,14726.923726
909.4008,227,14727.902642
896.41394,250,14729.447518
871.32355,250,14735.284927
914.2008,215,14746.434302
856.0816,250,14750.746307
503.1139,250,14752.312653
707.6912,250,14758.032196
794.92664,250,14768.95747
848.80457,250,14773.044944
860.93506,250,14774.589815
889.0099,250,14780.247639
780.9514,250,14791.341096
788.0586,250,14795.463001
849.99994,250,14874.227254
635.84644,250,14879.724566
569.81195,250,14890.642031
635.1926,250,14894.807751
551.3382,250,14896.352621
868.6517,250,14902.073344
688.1936,250,14912.97075
703.3878,250,14917.118506
900.49927,249,14918.543697
924.60065,189,14918.939639
838.1832,250,14935.537717
365.51822,250,14939.689624
672.23914,250,14941.160692
655.81384,250,14941.553642
888.45996,250,14958.120043
833.77435,250,14962.275935
893.39954,250,14963.757972
818.14813,250,14964.127983
910.5003,224,14978.149917
882.93445,250,14984.612091
896.1382,250,14986.05181
471.93054,250,14986.463711
493.4058,250,15000.753827
672.27765,250,15007.361674
471.8572,250,15008.880286
836.0246,250,15009.250297
884.66205,250,15023.597693
919.0996,203,15027.299798
823.07776,250,15030.147188
502.074,250,15031.96832
425.80698,250,15046.417424
526.58264,250,15050.035754
839.6222,250,15052.803455
835.37244,250,15054.608983
659.25714,250,15151.504507
892.21545,250,15155.282708
676.2687,250,15158.051661
816.36444,250,15159.840877
681.8175,250,15173.943704
918.79987,203,15176.207488
867.96936,250,15177.653624
857.5951,250,15182.229344
917.3014,207,15192.721815
879.999,250,15198.874915
610.79987,250,15200.338004
882.076,250,15204.975138
864.5381,250,15215.396806
833.77454,250,15221.58234
795.7639,250,15223.033462
719.11115,250,15227.674598
412.72818,250,15237.977355
845.83154,250,15244.167548
774.19275,250,15245.639613
667.2109,250,15250.271799
337.06366,250,15260.598656
522.8345,250,15266.77054
889.72614,250,15268.245818
782.7349,250,15272.884909
829.291,250,15283.249113
627.9699,250,15289.382102
806.01324,250,15290.897054
638.87305,250,15295.541049
663.63477,250,15306.035215
738.0953,250,15312.444486
640.74066,250,15313.945474
783.3331,250,15318.562557
747.61914,250,15407.254376
621.36316,250,15413.195499
873.06165,250,15414.635651
917.1006,208,15415.472537
852.38116,250,15429.599352
904.1988,240,15434.961021
364.9685,250,15437.333678
830.4019,250,15438.166453
516.1627,250,15452.308869
892.09326,250,15457.673537
555.17346,250,15460.010291
797.95703,250,15460.844063
811.6592,250,15474.908461
877.1859,250,15480.140476
861.1283,250,15482.510143
588.80884,250,15483.370285
803.5361,250,15497.575203
772.4138,250,15502.78748
824.81067,250,15505.089333
773.6437,250,15505.958011
860.2858,250,15520.005335
884.1249,250,15525.256303
751.5883,250,15527.628492
803.97296,250,15528.478222
885.2929,250,15542.773834
540.77655,250,15548.129533
584.395,250,15550.549065
614.28577,250,15551.506505
711.25635,250,15565.644957
892.5361,250,15570.833196
880.82806,250,15573.139033
867.3193,250,15573.979786
873.1542,250,15588.182403
752.7389,250,15674.209065
579.38684,250,15676.52608
759.3744,250,15677.346886
222.18886,250,15691.517102
862.3294,250,15696.756105
668.4867,250,15699.117303
879.58966,250,15699.930131
869.1109,250,15713.905495
845.6518,250,15719.082658
738.3457,250,15721.342616
786.20667,250,15722.189352
852.5538,250,15736.289481
506.0587,250,15741.594836
484.506,250,15743.959526
455.55667,250,15744.828205
800.32074,250,15758.952799
867.62585,250,15764.115999
840.9813,250,15766.467773
406.66705,250,15767.322489
852.54004,250,15781.328605
773.3326,250,15786.469424
902.20013,245,15788.306514
820.9626,250,15789.596066
923.2004,192,15803.669058
869.922,250,15803.670054
865.75336,250,15810.631452
732.23706,250,15811.90513
882.26935,250,15825.820995
871.5272,250,15825.820995
885.714,250,15832.834878
846.99475,250,15834.131413
858.5045,250,15848.319768
893.7291,250,15848.319768
644.8073,250,15933.527753
436.91354,250,15934.771944
665.0789,250,15948.944149
815.8229,250,15948.944149
592.8086,250,15956.152676
629.4113,250,15957.47614
747.9739,250,15971.529057
710.3969,250,15971.529057
913.49976,217,15975.506718
849.0921,250,15979.627221
904.0991,240,15992.448694
889.1297,250,15993.35926
925.19995,187,15996.034914
863.8962,250,15997.47511
866.32776,250,16014.814296
845.2061,250,16015.752191
912.0002,220,16017.187357
833.3329,250,16018.476981
781.788,250,16037.538685
896.3638,250,16038.453468
851.3882,250,16039.894615
831.81775,250,16041.155242
920.60065,199,16055.122508
735.20435,250,16060.478123
876.8329,250,16061.939167
854.3554,250,16063.204785
914.3994,214,16074.318478
641.83093,250,16083.045262
883.1629,250,16084.495385
819.01495,250,16085.777957
841.66504,250,16096.678354
917.9003,206,16101.345885
842.8569,250,16106.751953
878.8734,250,16108.028738
846.0437,250,16197.014135
914.5991,214,16198.497171
686.7871,250,16207.005802
846.23395,250,16208.250471
425.18066,250,16219.364728
697.7939,250,16220.935529
909.9,226,16228.614577
646.9139,250,16229.551645
881.4803,250,16241.837136
893.0062,250,16243.390984
884.84796,250,16251.158242
639.9387,250,16252.082769
921.9999,195,16260.841099
850.70447,250,16264.206331
906.89844,233,16272.857246
854.2476,250,16273.522467
922.90045,193,16278.217921
624.49036,250,16286.745156
781.3537,250,16295.372128
784.3515,250,16296.049317
829.68506,250,16300.750263
562.335,250,16309.518876
881.9469,250,16318.06103
884.848,250,16318.732236
502.27084,250,16323.342456
793.1044,250,16331.94201
564.2835,250,16340.591135
732.16626,250,16341.224062
915.3016,212,16342.483229
707.69055,250,16354.447341
835.5917,250,16363.129156
866.21484,250,16363.803354
744.9372,250,16365.097894
745.90027,250,16377.037367
826.47046,250,16463.163845
863.89734,250,16463.79416
832.03845,250,16465.069751
826.5724,250,16476.820049
919.1014,203,16481.122565
802.3549,250,16485.971604
855.6307,250,16487.237653
507.71713,250,16499.101884
732.7626,250,16503.568471
877.3565,250,16508.357193
537.3234,250,16509.612836
837.93164,250,16521.661683
892.6463,250,16526.074886
720.94525,250,16530.934742
437.36746,250,16532.19637
848.14685,250,16544.022986
830.7941,250,16548.643469
797.8874,250,16553.522428
850.16473,250,16554.825943
709.0613,250,16566.903734
737.8388,250,16571.409689
390.74167,250,16576.307132
862.9607,250,16577.606674
878.7965,250,16589.587586
732.3179,250,16594.010655
766.4486,250,16598.911564
845.8458,250,16600.178259
916.60016,209,16608.434198
722.58105,250,16616.568338
715.96967,250,16621.459265
689.80774,250,16622.755799
906.3982,234,16629.578657
874.9079,250,16639.263827
893.50507,250,16721.99907
500.75833,250,16723.206841
715.87317,250,16729.829141
862.26166,250,16739.333246
825.3234,250,16744.093198
817.21844,250,16745.348842
870.03613,250,16752.233878
881.20154,250,16761.589491
913.5996,216,16763.442537
727.46484,250,16767.781938
800.3824,250,16774.590739
811.2609,250,16784.346661
443.86005,250,16786.207686
704.4861,250,16790.710657
583.7606,250,16797.628183
861.8036,250,16807.188756
691.1398,250,16809.018864
827.83344,250,16813.276483
854.3721,250,16819.998078
908.9997,228,16829.420718
739.46295,250,16829.64411
822.2973,250,16835.721475
589.0246,250,16842.590113
913.79846,216,16848.894751
855.32465,250,16852.185963
872.0272,250,16858.38929
880.1979,250,16865.471867
862.49786,250,16872.192426
568.45013,250,16875.507565
817.2187,250,16881.519046
869.9984,250,16888.316884
391.5836,250,16894.584039
700.7233,250,16897.852303
401.75513,250,16982.376767
433.74246,250,16989.095185
780.50226,250,16995.477097
513.6342,250,16998.727806
905.49866,237,17003.725911
685.46436,250,17011.76177
807.0493,250,17018.085887
582.53876,250,17021.379095
914.1009,215,17023.195241
629.09467,250,17034.473772
863.0772,250,17040.831068
727.3378,250,17044.056452
827.8676,250,17045.854651
863.45306,250,17056.880688
922.79865,193,17061.234003
836.8416,250,17063.101012
403.18497,250,17067.982963
832.38116,250,17078.92257
863.2631,250,17083.334788
855.22217,250,17085.225734
756.6876,250,17090.277178
661.08923,250,17101.757912
781.0979,250,17106.274276
822.82837,250,17108.198412
716.15497,250,17113.478711
924.2992,190,17119.289557
747.1761,250,17129.197763
505.17694,250,17131.139572
746.3949,250,17136.30477
910.19885,225,17143.025676
713.146,250,17166.515981
903.0973,243,17169.147147
503.6572,250,17182.621813
634.3747,250,17186.368796
