#{"t_start": 1701212617.8546655, "env_id": "None"}
r,l,t
-78.647835,250,69.754341
-54.80232,250,69.754341
-26.57337,250,69.754341
-24.092398,250,69.754341
-40.25158,250,69.754341
-26.73988,250,69.754341
-34.9845,250,130.333555
-34.640476,250,130.333555
-59.459568,250,130.333555
12.970736,250,130.334159
-17.241344,250,130.334159
-42.857143,250,130.334159
-29.99997,250,165.109686
-65.75353,250,165.109686
-78.41742,250,165.109686
-43.894398,250,165.109686
-32.86215,250,165.109686
-72.30782,250,165.109686
-67.42683,250,197.280831
-20.289839,250,197.280831
-7.6433115,250,197.280831
-35.01815,250,197.280831
-16.666662,250,197.280831
-53.405075,250,197.280831
-39.16347,250,225.773664
-8.759124,250,225.773664
-58.18821,250,225.774661
-0.76332736,250,225.774661
-33.120987,250,225.774661
-22.261467,250,225.774661
-54.386032,250,255.43299
-42.307682,250,255.43299
-29.889372,250,255.43299
-50.495132,250,255.43299
-45.57824,250,255.43299
-47.735207,250,255.43299
-32.90732,250,282.661724
-46.043205,250,282.661724
-76.11955,250,282.661724
-52.381012,250,282.661724
-19.540192,250,282.661724
-70.37049,250,282.661724
-25.093624,250,308.889284
-51.672916,250,308.890282
-62.406097,250,308.890282
-71.786964,250,308.890282
-44.62542,250,308.890282
-57.236908,250,308.890282
-46.23656,250,445.094715
-69.38786,250,445.094715
-63.57628,250,445.094715
-42.760967,250,445.094715
-78.41742,250,445.094715
-20.86331,250,445.094715
-73.33347,250,473.891858
-70.58835,250,473.891858
-29.32857,250,473.891858
-77.34643,250,473.891858
-32.15335,250,473.891858
71.00355,250,473.891858
-71.87512,250,503.103482
-32.20333,250,503.103482
-33.110355,250,503.103482
-66.44306,250,503.103482
-71.608955,250,503.103482
-75.35224,250,503.103482
-48.27588,250,530.83233
-50.31059,250,530.83233
-47.368423,250,530.83233
-42.76093,250,530.83233
-39.57706,250,530.83233
-35.593193,250,530.83233
-45.945946,250,557.454282
-25.764257,250,557.454282
-34.169304,250,557.454282
-25.925974,250,557.454282
-69.178185,250,557.454282
-38.650284,250,557.454282
-77.049324,250,584.068626
-60.854225,250,584.068626
-27.71079,250,584.068626
-52.554775,250,584.068626
-29.078058,250,584.068626
-36.96274,250,584.068626
-66.03784,250,610.792876
-40.14088,250,610.792876
-37.70495,250,610.792876
-30.656956,250,610.792876
-39.929295,250,610.792876
-60.85417,250,610.792876
-52.83026,250,637.970102
-41.176506,250,637.970102
-73.42205,250,637.970102
-77.564255,250,637.970102
-14.473745,250,637.970102
-70.03757,250,637.970102
-30.147018,250,760.143675
-35.153595,250,760.143675
-28.057577,250,760.143675
-70.03756,250,760.143675
-26.98409,250,760.143675
-66.21631,250,760.143675
0.34587726,250,787.159066
-4.2554703,250,787.159066
-62.32884,250,787.160064
4.026664,250,787.160064
-65.4089,250,787.160064
4.692968,250,787.160064
-34.707916,250,813.685298
-59.876606,250,813.685298
-37.31345,250,813.685298
-33.77485,250,813.685298
-5.1384783,250,813.685298
-26.380365,250,813.685298
-70.8739,250,841.020665
-58.21733,250,841.020665
-75.26515,250,841.020665
-40.983604,250,841.020665
-52.21853,250,841.020665
15.999792,250,841.020665
44.404114,250,867.516813
-67.742035,250,867.516813
-17.91054,250,867.516813
15.789467,250,867.516813
-73.85634,250,867.516813
-63.768196,250,867.516813
-31.818226,250,894.178536
-50.000023,250,894.178536
13.33338,250,894.178536
41.73201,250,894.178536
-51.070415,250,894.178536
-31.407911,250,894.178536
-147.93686,227,918.437661
-61.089565,250,920.8911
-57.792263,250,920.8911
-73.42205,250,920.8911
76.27112,250,920.8911
-64.85632,250,920.8911
-28.030348,250,945.197112
-29.10451,250,947.77023
6.4637127,250,947.77023
-26.470598,250,947.77023
-32.907383,250,947.77023
-40.520485,250,947.77023
-46.360165,250,1069.713859
8.77191,250,1072.176273
60.53503,250,1072.176273
189.80963,250,1072.176273
-41.39192,250,1072.176273
-50.49508,250,1072.176273
-35.84902,250,1097.002314
5.084717,250,1099.563464
-29.012377,250,1099.563464
-13.846111,250,1099.563464
50.876907,250,1099.563464
38.68582,250,1099.563464
-0.34381852,250,1124.250509
40.740646,250,1126.813672
-47.882816,250,1126.813672
6.382858,250,1126.813672
-21.933184,250,1126.813672
63.636368,250,1126.813672
-33.13072,250,1169.328357
-32.692326,250,1176.020021
7.142689,250,1176.020021
59.99975,250,1176.020021
3.7734303,250,1176.020021
-37.037083,250,1176.020021
-40.298515,250,1202.60761
30.612133,250,1205.209653
-9.722352,250,1205.209653
29.031967,250,1205.209653
81.81818,250,1205.209653
-33.33332,250,1205.209653
-65.29978,250,1232.054702
2.8367267,250,1234.985999
38.789772,250,1234.985999
-13.333367,250,1234.985999
37.036736,250,1234.985999
-28.315454,250,1234.985999
-3.3458245,250,1261.819446
-47.69232,250,1264.349687
-58.457024,250,1264.349687
62.454567,250,1264.349687
-0.36917862,250,1264.349687
-43.2836,250,1264.350685
-36.24163,250,1288.876207
-0.7354243,250,1291.413421
-22.848686,250,1291.413421
27.340584,250,1291.413421
-13.978589,250,1291.413421
-5.2631335,250,1291.413421
-60.78438,250,1413.860678
-22.360271,250,1416.307136
74.84644,250,1416.307136
46.666405,250,1416.307136
-44.444466,250,1416.307136
43.410553,250,1416.307136
107.01758,250,1440.67898
0.62889576,250,1443.123442
-74.545586,250,1443.123442
214.81569,250,1443.123442
-12.213872,250,1443.123442
29.138779,250,1443.123442
-37.037083,250,1467.795851
-24.914736,250,1470.386922
-13.183393,250,1470.386922
10.091551,250,1470.386922
-54.692596,250,1470.386922
-0.6212904,250,1470.386922
33.550224,250,1495.233475
100.000084,250,1497.771687
76.07954,250,1497.771687
30.434464,250,1497.771687
102.95229,250,1497.771687
80.4279,250,1497.771687
47.92868,250,1522.546433
2.1020074,250,1525.10559
-7.0423865,250,1525.10559
32.403877,250,1525.10559
41.342728,250,1525.10559
71.14065,250,1525.10559
33.093193,250,1549.964126
63.636078,250,1552.52428
-1.6950697,250,1552.52428
24.600424,250,1552.52428
98.01998,250,1552.52428
46.71788,250,1552.52428
24.999805,250,1577.57033
20.914772,250,1580.116521
-50.920277,250,1580.116521
256.6674,250,1580.116521
19.740858,250,1580.116521
87.72579,250,1580.116521
83.60662,250,1604.651917
69.88406,250,1607.119318
-12.58752,250,1607.119318
-1.4086103,250,1607.119318
58.78351,250,1607.119318
-49.10184,250,1607.119318
19.298203,250,1634.027859
-13.357505,250,1733.605909
85.87375,250,1733.605909
18.055319,250,1733.605909
114.28536,250,1733.606906
-65.90918,250,1733.606906
100.716774,250,1758.04057
233.33417,250,1760.582755
61.51168,250,1760.582755
40.350594,250,1760.582755
-67.742035,250,1760.582755
481.6338,250,1760.582755
192.77628,250,1785.176536
-4.9297075,250,1787.698791
39.610138,250,1787.698791
169.5035,250,1787.698791
140.26027,250,1787.698791
213.29181,250,1787.698791
66.13413,250,1812.453633
108.60929,250,1815.005807
111.41002,250,1815.005807
77.14268,250,1815.005807
74.37702,250,1815.005807
192.25394,250,1815.005807
-13.207664,250,1839.213865
303.9227,250,1841.756066
315.66324,250,1841.756066
196.29724,250,1841.757063
249.39735,250,1841.757063
341.78146,250,1841.757063
262.00803,250,1866.679312
31.672335,250,1869.199573
206.5479,250,1869.20057
330.00006,250,1869.20057
13.712181,250,1869.20057
179.36577,250,1869.20057
-30.232586,250,1893.535491
31.944132,250,1896.013864
-25.423779,250,1896.013864
346.15457,250,1896.013864
133.33423,250,1896.013864
78.6942,250,1896.013864
119.08197,250,1920.560191
-35.785088,228,1920.675882
5.095379,250,1923.119347
62.068817,250,1923.119347
287.32434,250,1923.120347
101.9542,250,1923.120347
-12.587398,250,1949.894742
181.68996,250,1950.036368
52.823593,250,1952.766069
121.42919,250,1952.766069
348.5298,250,1952.766069
254.16705,250,1952.766069
-77.04932,250,2071.994105
415.1518,250,2072.127749
248.24371,250,2074.491427
370.14932,250,2074.491427
182.53983,250,2074.491427
406.84955,250,2074.491427
68.195465,250,2099.295104
117.85715,250,2099.418774
269.23096,250,2101.826335
197.21411,250,2101.826335
175.40959,250,2101.826335
493.33252,250,2101.826335
457.55417,250,2126.678746
512.1789,250,2126.805407
482.19214,250,2129.249871
385.8051,250,2129.249871
255.34616,250,2129.249871
284.12726,250,2129.249871
252.22787,250,2153.666591
2.836719,250,2153.79026
380.31573,250,2156.193832
260.39023,250,2156.193832
281.6575,250,2156.19483
102.20626,250,2156.19483
327.67386,250,2180.462393
499.99915,250,2180.613988
506.87115,250,2183.028532
182.78716,250,2183.029528
340.67902,250,2183.029528
127.759026,250,2183.029528
485.45447,250,2208.02171
323.07727,250,2208.151363
329.4122,250,2210.581863
519.8631,250,2210.581863
408.03854,250,2210.581863
77.257576,250,2210.581863
87.49968,250,2235.388524
384.42993,250,2235.522166
249.15277,250,2237.982586
561.3928,250,2237.982586
303.27917,250,2237.982586
512.67523,250,2237.982586
301.4604,250,2264.547544
293.65054,250,2264.730056
48.147842,250,2267.385626
394.81055,250,2267.385626
182.28287,250,2267.385626
561.13,250,2267.385626
585.82367,250,2386.898503
516.0996,250,2387.029154
429.63086,250,2389.382872
528.47266,250,2389.382872
681.0217,250,2389.382872
447.4016,250,2389.382872
313.91977,250,2413.930253
242.96127,250,2414.074866
271.23843,250,2416.524315
530.59564,250,2416.525313
548.4639,250,2416.525313
561.9216,250,2416.525313
430.40656,250,2441.915931
342.42523,250,2442.037607
357.47876,250,2444.454145
457.75604,250,2444.454145
435.94888,250,2444.454145
646.4286,250,2444.455142
439.2495,250,2469.110232
105.12862,250,2469.253848
747.655,250,2471.691329
710.035,250,2471.691329
450.52295,250,2471.691329
599.0287,250,2471.691329
321.45673,250,2496.570795
581.1587,250,2496.720396
279.74728,250,2499.155883
572.59784,250,2499.155883
474.1937,250,2499.155883
413.72665,250,2499.155883
516.8825,250,2524.351526
523.6936,250,2524.487164
486.3309,250,2526.884751
694.32654,250,2526.884751
359.36508,250,2526.884751
419.1642,250,2526.884751
673.3328,250,2551.814114
388.95984,250,2551.956732
603.4216,250,2554.510929
649.9999,250,2554.510929
323.078,250,2554.510929
450.95465,250,2554.510929
704.1243,250,2597.941802
535.4175,250,2598.130298
387.18,250,2605.374318
425.69266,250,2605.374318
704.5106,250,2605.374318
674.64874,250,2605.374318
660.79706,250,2727.536451
577.5359,250,2727.668098
455.55627,250,2730.126523
535.4839,250,2730.126523
639.13055,250,2730.126523
705.65314,250,2730.126523
619.4719,250,2755.359773
440.71707,250,2755.485437
709.5234,250,2757.962813
588.52454,250,2757.962813
659.717,250,2757.962813
777.19214,250,2757.962813
291.5854,250,2782.661761
752.9415,250,2782.7964
645.76227,250,2785.265797
488.2362,250,2785.265797
788.88855,250,2785.265797
375.09668,250,2785.265797
742.46625,250,2809.603731
-8.063852,228,2809.737374
757.6498,250,2809.737374
652.6879,250,2812.149934
340.39755,250,2812.149934
485.6169,250,2812.149934
-25.61555,198,2833.57233
750.8467,250,2836.813661
488.68027,250,2836.961267
599.6699,250,2836.961267
634.21954,250,2839.421686
672.7262,250,2839.421686
551.31525,250,2861.095751
419.38083,250,2864.316139
588.17084,250,2864.455764
745.6373,250,2864.455764
543.5991,250,2866.844377
621.6114,250,2866.844377
598.92456,250,2888.263098
724.3254,250,2891.400735
531.58,250,2891.54834
874.9992,250,2891.54834
848.2063,250,2893.999785
150.84766,250,2893.999785
590.85156,250,2917.603182
854.22705,250,2921.119772
617.47034,250,2921.275356
781.9192,250,2921.275356
676.1198,250,2923.986107
635.19257,250,2923.986107
718.79224,250,3042.187963
606.08264,250,3045.37444
402.9248,250,3045.519053
603.3328,250,3045.519053
569.90265,250,3048.026348
639.8663,250,3048.026348
705.3693,250,3070.301797
610.52545,250,3073.495256
459.85928,250,3073.631892
398.38184,250,3073.631892
277.6227,250,3076.034466
775.8872,250,3076.034466
858.76337,250,3097.864087
605.47894,250,3101.099436
801.4597,250,3101.261003
825.6496,250,3101.261003
697.38654,250,3103.698485
673.8513,250,3103.698485
287.3876,250,3125.680702
493.33224,250,3128.87516
804.05963,250,3129.01678
77.6317,250,3129.01678
349.54248,250,3131.457254
840.39703,250,3131.458251
350.7938,250,3153.13281
591.7807,250,3156.321282
774.55054,250,3156.465981
859.51276,250,3156.465981
29.251394,250,3158.943357
794.94025,250,3158.943357
705.9204,250,3180.921579
810.4479,250,3184.128014
727.5868,250,3184.258665
681.7585,250,3184.259663
722.69556,250,3186.728076
868.0858,250,3186.728076
808.04486,250,3208.692502
346.92807,250,3211.95777
667.3608,250,3212.100389
754.01465,250,3212.100389
814.0897,250,3214.508948
648.40704,250,3214.509946
733.3324,250,3238.195604
652.5421,250,3241.639394
817.7499,250,3241.779019
425.08472,250,3241.779019
649.9992,250,3244.439544
101.38938,250,3244.440542
256.66733,250,3269.03477
343.36588,250,3272.734874
798.1831,250,3272.891456
550.6392,250,3272.892454
764.5828,250,3370.083877
297.59088,250,3370.083877
741.32904,250,3392.696963
734.9508,250,3396.178652
810.93024,250,3396.334236
541.51,250,3396.334236
255.26431,250,3399.019064
762.8145,250,3399.019064
625.1643,250,3422.177147
456.29138,250,3425.396546
688.52954,250,3425.535174
569.72516,250,3425.535174
759.2045,250,3427.942736
721.67737,250,3427.942736
697.2019,250,3449.825217
670.27185,250,3452.993742
684.4516,250,3453.132372
638.9704,250,3453.132372
605.29724,250,3455.576835
732.7283,250,3455.576835
674.74316,250,3477.300742
681.1444,250,3480.553044
673.19684,250,3480.695662
834.0656,250,3480.695662
697.1014,250,3483.184007
652.47534,250,3483.184007
807.40814,250,3505.072542
756.654,250,3508.353793
688.39526,250,3508.490427
616.3753,250,3508.490427
784.89307,250,3510.951849
736.66675,250,3510.951849
561.3929,250,3533.020882
665.6765,250,3536.346987
175.36336,250,3536.489606
747.3901,250,3536.489606
738.34515,250,3538.909148
613.30914,250,3538.909148
660.3826,250,3562.726927
583.00726,250,3566.190664
781.9193,250,3566.340264
598.2437,250,3566.340264
648.38684,250,3568.953278
310.49454,250,3568.953278
632.8244,250,3593.336083
543.35504,250,3596.940443
635.50726,250,3597.096027
611.19104,250,3597.096027
649.1295,250,3599.819743
5.610368,250,3599.819743
771.3242,250,3717.781712
641.8175,250,3721.058948
828.314,250,3721.210542
437.21686,250,3721.210542
743.5366,250,3723.618103
832.43365,250,3723.618103
613.83636,250,3745.519552
441.0343,250,3748.768863
638.8306,250,3748.917466
635.90466,250,3748.918463
105.57557,250,3751.345971
679.069,250,3751.345971
318.6056,250,3773.14667
661.9043,250,3776.368056
511.28473,250,3776.507681
802.6218,250,3776.507681
752.6304,250,3778.969114
684.565,250,3778.969114
796.42896,250,3800.666103
695.77454,250,3803.900453
831.65533,250,3804.039083
755.7041,250,3804.039083
703.4488,250,3806.502494
822.5096,250,3806.502494
668.5182,250,3828.797145
868.42017,250,3832.05146
674.3905,250,3832.17912
811.2618,250,3832.17912
644.86774,250,3834.664473
517.6471,250,3834.664473
336.30606,250,3856.352494
817.6459,250,3859.570887
770.3055,250,3859.698546
879.75525,250,3859.698546
489.66672,250,3862.169949
829.6305,250,3862.169949
352.63196,250,3885.920452
737.3688,250,3889.339312
808.1623,250,3889.479936
838.62646,250,3889.479936
851.3111,250,3892.096937
286.07666,250,3892.096937
672.1529,250,3916.42602
779.84357,250,3920.061297
835.6059,250,3920.20292
772.26276,250,3920.20292
698.21985,250,3923.020384
614.75323,250,3923.020384
842.65045,250,4040.292713
810.00006,250,4043.462238
686.6237,250,4043.602861
862.26495,250,4043.602861
711.074,250,4046.106268
758.0858,250,4046.106268
850.0013,250,4067.979782
634.10406,250,4071.244053
746.66644,250,4071.396644
827.27423,250,4071.397642
741.7273,250,4073.837119
502.94098,250,4073.837119
732.19183,250,4095.683702
733.3328,250,4098.936011
737.8394,250,4099.086608
790.84644,250,4099.086608
760.92664,250,4101.443307
842.9662,250,4101.443307
844.23676,250,4123.309848
640.29913,250,4126.60404
765.5181,250,4126.739675
807.5348,250,4126.739675
768.3258,250,4129.169178
761.8416,250,4129.169178
554.83734,250,4151.140424
671.52264,250,4154.398711
839.2867,250,4154.532354
884.43384,250,4154.532354
806.2491,250,4156.951882
574.6998,250,4156.951882
655.93207,250,4178.813433
682.8943,250,4182.066733
876.92456,250,4182.21334
787.32544,250,4182.21334
621.2132,250,4184.676753
775.44336,250,4184.676753
676.315,250,4208.664257
708.72473,250,4212.187833
710.9977,250,4212.340433
724.9992,250,4212.340433
778.78705,250,4215.014284
795.3051,250,4215.014284
746.6664,250,4239.19562
657.8937,250,4242.835402
777.2548,250,4242.987995
784.35315,250,4242.987995
871.8891,250,4245.711341
694.0197,250,4245.712337
771.88434,250,4366.477782
678.1245,250,4369.663263
767.85767,250,4369.807875
789.6779,250,4369.807875
760.84094,250,4372.218429
726.08606,250,4372.218429
871.92914,250,4394.284456
770.0349,250,4397.512823
792.192,250,4397.640481
849.0924,250,4397.640481
580.4412,250,4400.176698
809.42065,250,4400.176698
779.4773,250,4422.03243
849.09283,250,4425.230877
785.62177,250,4425.374493
839.16394,250,4425.374493
636.02484,250,4427.8449
850.9444,250,4427.8449
837.9319,250,4449.854714
691.66644,250,4453.168851
888.88965,250,4453.317455
702.58844,250,4453.317455
691.5298,250,4455.765906
808.1261,250,4455.765906
794.3678,250,4478.038359
781.4088,250,4481.27271
749.82806,250,4481.424304
769.0079,250,4481.424304
849.6416,250,4483.881732
700.5947,250,4483.881732
728.38275,250,4506.047482
640.7399,250,4509.266874
706.3485,250,4509.399518
801.02277,250,4509.399518
739.3426,250,4511.861934
731.68317,250,4511.861934
835.8125,250,4535.62938
822.5577,250,4539.171906
748.38715,250,4539.321507
798.9889,250,4539.321507
819.2973,250,4542.038242
892.51013,250,4542.038242
776.25287,250,4566.161036
867.0326,250,4569.780357
830.40265,250,4569.929958
880.91705,250,4569.929958
800.36975,250,4572.532995
791.22705,250,4572.532995
867.2745,250,4694.778169
723.53046,250,4697.918774
671.3421,250,4698.062391
612.49945,250,4698.062391
763.4796,250,4700.453993
758.55194,250,4700.453993
900.30133,250,4722.124078
815.8238,250,4725.401319
720.6694,250,4725.54294
836.171,250,4725.54294
762.746,250,4727.966458
889.7952,250,4727.966458
863.6378,250,4749.676405
812.4985,250,4752.820996
787.04224,250,4752.975582
800.345,250,4752.97658
770.5496,250,4755.478889
863.561,250,4755.478889
862.0701,250,4777.347887
759.37396,250,4780.446599
432.50858,250,4780.58523
424.7529,250,4780.58523
860.132,250,4783.039665
528.83246,250,4783.039665
788.8898,250,4805.078496
767.50793,250,4808.30089
811.18353,250,4808.442511
778.20355,250,4808.442511
877.6939,250,4810.820153
896.2972,250,4810.820153
846.80865,250,4832.591952
901.79895,246,4835.479236
613.4836,250,4835.831294
721.085,250,4836.007822
760.9265,250,4838.409399
812.751,250,4838.409399
902.7019,244,4861.594931
855.48004,250,4865.404757
885.9641,250,4865.794713
725.68744,250,4865.943316
858.6453,250,4868.545357
655.6824,250,4868.545357
808.23,250,4892.105887
757.5858,250,4896.011443
889.05115,250,4896.409379
888.8467,250,4896.548008
732.8077,250,4899.234827
885.7154,250,4899.234827
902.1975,245,4920.374849
882.077,250,5023.69699
889.39746,250,5024.035085
885.3475,250,5024.158755
871.99805,250,5026.499495
742.27155,250,5026.499495
718.471,250,5047.038971
905.8987,236,5049.524325
900.7012,249,5051.412275
865.0343,250,5051.412275
686.78766,250,5053.922563
715.0477,250,5053.922563
875.5101,250,5074.592442
794.7363,250,5077.089671
744.88446,250,5079.07536
774.58765,250,5079.07536
807.8024,250,5083.197366
835.7152,250,5083.197366
146.46217,185,5117.272677
880.6193,250,5117.66463
776.9718,250,5122.332148
813.4928,250,5128.685868
808.1625,250,5128.686862
857.59546,250,5131.35373
854.5446,250,5153.585042
716.45746,250,5153.858311
871.83246,250,5156.599979
807.2175,250,5158.618581
814.2865,250,5158.618581
783.16284,250,5161.303422
867.50726,250,5183.578851
736.01215,250,5183.893012
678.09064,250,5187.052562
900.7009,249,5189.055207
825.1691,250,5189.205803
454.73868,231,5189.702476
754.9376,250,5214.352574
800.3447,250,5214.60789
879.6595,250,5217.313655
905.70154,236,5217.703612
203.03114,250,5219.190635
751.3532,250,5219.800014
905.29865,237,5242.841038
890.03217,250,5244.144553
715.53296,250,5247.133979
801.0223,250,5247.509974
902.1984,245,5248.518275
884.5553,250,5249.757976
753.82025,250,5273.432912
901.30066,247,5274.33051
900.80084,248,5277.227778
726.7487,250,5277.805234
767.74194,250,5278.728764
892.7778,250,5279.843783
730.5069,250,5399.968073
901.102,248,5400.640275
916.40137,209,5400.640275
845.8461,250,5403.592381
884.125,250,5404.196764
880.2628,250,5406.151537
872.7873,250,5427.506212
846.56476,250,5428.199359
874.5465,250,5428.199359
431.91562,250,5431.211303
896.71893,250,5431.772802
781.75726,250,5433.84127
757.58575,250,5454.926122
833.33386,250,5455.603312
383.63718,250,5455.603312
893.12756,250,5458.669112
873.3334,250,5459.239587
907.2012,232,5459.239587
883.33344,250,5482.261039
875.6933,250,5482.940223
338.8726,250,5482.940223
867.3909,250,5485.994056
439.73938,249,5486.461805
621.42676,250,5486.592457
904.8002,238,5508.881852
861.40247,250,5509.526125
838.2229,250,5510.173395
907.6009,231,5511.673388
310.77557,250,5513.166395
667.6048,250,5513.613199
902.4015,244,5536.602803
868.5307,250,5536.602803
531.9198,250,5537.902328
756.6864,250,5539.372396
553.19714,250,5540.939211
511.61923,250,5541.383025
890.2273,250,5564.022264
877.09924,250,5564.022264
914.2987,215,5564.566807
882.93396,250,5565.36567
660.7345,250,5566.899843
600.9627,250,5568.86709
907.6993,231,5589.588675
880.39264,250,5591.720973
862.32916,250,5592.281475
902.3978,244,5592.421102
863.10065,250,5594.654129
854.24896,250,5596.68769
911.99915,220,5714.556804
750.49677,250,5715.237982
455.55673,250,5717.277528
824.8374,250,5717.94973
398.15585,250,5720.166801
856.987,250,5722.122499
867.21094,250,5741.960454
594.9151,250,5742.645621
807.28424,250,5744.775924
869.4901,250,5745.477049
878.10187,250,5747.690131
871.7735,250,5749.675821
889.69147,250,5769.458963
884.9055,250,5770.121193
861.4026,250,5772.182679
833.09894,250,5772.833937
51.702538,250,5774.928337
841.17615,250,5776.88411
913.899,216,5793.098755
234.29471,250,5797.476049
889.4383,250,5799.529557
234.52066,250,5800.184806
704.19415,250,5802.331067
211.76569,250,5804.280852
768.09784,250,5820.359852
902.59906,244,5824.061951
907.7982,231,5824.715637
289.70676,250,5827.461295
907.5007,232,5827.689686
878.10187,250,5831.661064
609.5798,250,5848.002367
796.4507,250,5851.779285
793.4173,250,5852.456474
892.9593,250,5855.212106
885.3475,250,5855.473405
876.2695,250,5859.409886
834.4242,250,5875.728757
840.1422,250,5879.506659
848.3872,250,5880.197811
910.20105,225,5880.410243
841.9785,250,5882.97638
903.4008,242,5886.310479
757.1422,250,5903.175377
757.56757,250,5906.863885
889.32153,250,5907.5311
848.81683,250,5907.767469
881.8843,250,5910.282742
884.90564,250,5913.512106
44.261948,250,5930.120697
896.4539,250,6032.50381
559.79175,250,6033.121159
827.0068,250,6033.350546
654.044,250,6035.784038
385.50327,223,6036.118144
-66.4303,93,6038.712715
-67.05564,92,6042.587354
-62.36701,93,6042.91049
-73.07028,93,6045.260206
-70.675095,91,6045.41579
-66.12465,91,6047.967964
-61.06054,92,6052.00816
-67.14763,91,6052.221589
-67.03265,93,6054.689988
-64.78228,92,6057.184317
61.29026,250,6058.00213
-24.100883,126,6058.104855
-70.84061,91,6061.231494
-71.7975,90,6061.347185
-67.32115,92,6064.116778
-62.61588,91,6067.35213
-67.77287,90,6067.35213
-65.113655,91,6070.584486
-63.407402,92,6070.808887
-69.50744,92,6076.680185
-64.72774,92,6079.778898
-63.173515,92,6079.981356
52.72709,250,6082.571431
-75.20006,95,6086.238624
-60.294216,94,6089.329541
-58.148415,93,6089.460191
-35.483932,250,6089.460191
-74.16989,91,6091.949534
63.265244,250,6092.783304
-66.130295,92,6095.814992
-54.347157,92,6099.026414
-58.041878,92,6099.026414
-65.67152,93,6101.638434
-67.33459,91,6105.206711
-70.46234,92,6108.41912
54.76169,250,6114.846937
-73.50697,92,6117.497849
65.58445,250,6118.128172
81.48179,250,6124.105189
74.90519,250,6126.621459
-64.62773,91,6127.28269
69.960556,250,6130.191918
-71.07953,92,6133.484396
-45.952587,163,6133.983063
-68.70348,92,6135.995681
-67.300095,94,6136.848401
-69.7549,91,6139.464404
69.93472,250,6140.132619
-62.656425,92,6142.878281
-66.93265,92,6143.425816
-65.37811,91,6145.399538
-59.657764,91,6148.931371
-67.94763,93,6149.761163
-65.154144,91,6152.279428
-69.954895,92,6152.903759
-64.38228,91,6154.74683
-68.50349,91,6159.05431
-69.610466,92,6161.618454
24.999706,250,6162.460203
-65.92465,91,6164.012053
-74.38269,100,6171.618599
-69.11828,94,6171.824049
-62.79937,92,6173.1515
66.10171,250,6174.194709
83.4536,250,6178.163103
-56.954643,92,6180.925715
-64.87151,91,6181.046392
-72.07989,91,6182.40477
-17.518936,92,6183.568657
75.25789,250,6184.324637
-69.63341,91,6187.636785
22.841068,70,6189.810984
-68.83892,93,6190.73651
-60.90009,90,6193.004445
-63.115883,93,6194.058625
-63.3074,91,6196.992789
-77.128456,91,6200.057594
-61.967007,92,6202.45419
-63.268883,114,6205.550908
71.929955,250,6206.800566
-67.06367,92,6209.336792
-59.764214,91,6211.523942
-70.17491,92,6214.843067
58.844673,250,6215.173183
-66.96367,92,6216.088736
-72.40231,91,6220.762237
42.404762,250,6222.252253
-74.280556,91,6224.095324
-60.13646,92,6224.51221
-63.88342,93,6225.511537
-55.288036,93,6231.568339
-71.353485,92,6233.286743
-67.94721,126,6233.41141
-71.57515,91,6233.655757
69.014145,250,6234.628157
-62.795155,93,6234.938327
-56.654644,91,6341.815296
-72.963715,92,6343.659365
-68.0407,91,6343.659365
-66.06599,91,6343.894735
-55.93085,92,6344.913012
-70.76234,93,6345.332889
-88.704636,176,6361.678692
-91.05436,168,6362.087598
-95.730156,166,6362.301028
-30.555494,250,6367.330591
-20.75473,250,6369.249458
-39.130405,250,6369.485826
-104.11049,175,6385.559848
-23.913025,250,6387.608374
29.692562,250,6388.030245
-44.90361,250,6388.275589
35.313217,250,6395.333127
-33.33328,250,6395.576475
-97.963524,169,6405.661505
-88.8189,175,6406.478321
-37.68541,250,6411.569717
-98.82097,165,6412.610932
-96.17139,170,6412.915118
-37.869793,250,6413.542441
-99.09289,175,6424.506558
-89.58219,154,6427.422759
-91.4154,158,6428.879861
-95.59502,175,6430.860565
-18.918888,250,6431.30737
-95.24827,185,6432.593929
-99.44056,170,6442.346865
-91.99411,174,6447.162984
-31.372486,250,6453.717144
26.581997,250,6457.358417
18.279333,250,6457.795249
-32.25801,250,6459.036927
-92.75632,167,6464.732696
-22.794096,250,6468.549488
-23.076859,250,6479.583983
-90.48771,166,6481.669407
-33.96221,250,6482.99187
-34.85337,250,6483.416734
60.784004,250,6484.640463
78.861435,250,6494.297636
-104.16149,165,6499.090817
-99.299965,174,6501.308885
53.845795,250,6505.566499
23.711084,250,6509.464076
58.844475,250,6510.719719
-87.25208,168,6511.641254
-108.17496,185,6520.245245
-97.68329,177,6523.686042
-27.27273,250,6524.605584
69.3545,250,6534.981834
-22.509161,250,6536.231492
-32.88583,250,6537.168985
-101.38457,166,6540.660648
-26.056278,250,6545.950515
30.434551,250,6550.512315
-104.06987,186,6660.536454
-30.463505,250,6667.971572
-80.2001,161,6668.376488
-28.813505,250,6668.894104
-29.053999,250,6672.304984
-92.035614,162,6676.828889
-30.232494,250,6681.968145
-93.96689,172,6686.07915
-41.17647,250,6693.532191
-34.782566,250,6694.494616
-95.19501,174,6694.605321
-33.96222,250,6698.067064
-32.69225,250,6707.596579
-33.12097,250,6711.722545
-108.96354,197,6714.86913
-97.38788,198,6718.25308
30.292929,250,6719.185586
36.18647,250,6720.120087
-25.79498,250,6733.249974
57.675995,250,6737.374944
-27.58616,250,6740.452544
-26.056278,250,6743.926747
-26.573355,250,6744.872219
54.121544,250,6745.884511
-97.8363,186,6756.659701
-28.082119,250,6759.148057
63.63613,250,6766.502388
-28.31535,250,6770.11772
-26.315727,250,6771.167911
-36.170166,250,6772.15926
-100.96686,190,6776.649289
-31.818111,250,6785.438799
-26.31578,250,6792.635554
-24.99994,250,6796.040448
64.658394,250,6796.97096
-103.448265,206,6797.760848
60.447495,250,6797.896484
-107.773384,204,6806.511445
-101.67055,189,6812.275033
-28.813498,250,6821.784611
-29.999945,250,6822.710143
-35.779808,250,6823.505017
-32.258003,250,6823.617716
-107.73499,200,6826.81517
-31.596046,250,6837.81925
-88.15472,169,6840.992769
-37.12571,250,6847.434542
-32.25801,250,6848.392978
-34.78256,250,6849.330471
-29.530155,250,6852.560846
-25.794985,250,6863.843676
-33.7539,250,6867.171776
-117.04754,215,6978.209012
60.447502,250,6983.052059
29.999744,250,6984.047399
62.96266,250,6987.689565
19.047403,250,6999.777241
-23.076885,250,7003.245965
49.465897,250,7006.591025
-25.266914,250,7011.581679
-26.573378,250,7012.637855
-31.596022,250,7016.265167
6.109265,250,7027.82327
-26.573353,250,7031.10649
-22.794058,250,7034.140376
-23.63629,250,7038.768509
-24.812052,250,7039.697027
51.202423,250,7042.999211
-32.258007,250,7054.205244
51.291237,250,7057.477492
-24.999952,250,7060.465502
-27.335583,250,7065.053234
-26.573357,250,7066.042587
-29.765831,250,7069.366708
-35.48384,250,7080.37427
-26.31572,250,7083.600649
-27.834988,250,7086.653486
-23.076849,250,7091.220278
-21.052572,250,7092.151787
-30.69301,250,7095.360209
-20.7547,250,7106.30991
23.551868,250,7109.478437
-21.052576,250,7112.509332
29.449663,250,7117.106046
-26.573349,250,7118.068472
-22.509155,250,7121.338728
-33.554768,250,7132.471953
-33.96222,250,7135.71528
-26.829216,250,7138.757146
-35.58278,250,7143.432642
-32.907295,250,7144.393073
-29.53013,250,7147.670319
-23.076849,250,7158.820506
50.197334,250,7162.05654
-31.818113,250,7165.142296
-32.038773,250,7169.731024
-31.596035,250,7170.673503
-30.555498,250,7173.985646
50.375633,250,7185.135838
-26.829208,250,7188.444988
-35.89739,250,7191.515776
-16.334612,250,7304.198773
-42.148766,250,7305.136265
-22.222162,250,7308.318754
22.676323,250,7319.045076
-38.080463,250,7322.22956
-59.375076,250,7325.279423
-59.119564,250,7329.811317
-42.76093,250,7330.743822
-64.412895,250,7333.929304
-63.087326,250,7344.552904
-70.58835,250,7347.742375
-57.29543,250,7350.723402
-74.92176,250,7355.255284
-49.15256,250,7356.192776
-69.89977,250,7359.345356
-61.07792,250,7370.122541
-67.32036,250,7373.259164
-70.8739,250,7376.245188
-54.54549,250,7380.691299
-58.59878,250,7381.622815
-51.21954,250,7384.810292
-49.458504,250,7395.414942
-65.957535,250,7398.550557
-45.454548,250,7401.581464
-63.899,250,7406.031931
-67.164276,250,7406.986378
-46.619236,250,7410.168866
-69.970085,250,7421.023838
-46.996487,250,7424.209319
-47.16984,250,7427.152454
-44.63668,250,7431.630491
-50.35463,250,7432.557012
-51.55712,250,7435.687641
-46.76807,250,7446.284098
-61.93779,250,7449.422704
-54.703873,250,7452.31497
-60.474377,250,7456.760091
-58.333393,250,7457.696587
-56.666718,250,7460.936921
-60.13296,250,7471.880656
-59.459522,250,7475.069129
-62.963043,250,7478.082072
-57.44686,250,7482.656837
-62.19939,250,7483.596324
-54.22539,250,7486.791778
-54.88726,250,7497.57395
-59.885456,250,7500.70757
-59.259323,250,7503.666656
-56.229004,250,7508.224467
-60.784386,250,7509.203849
-51.04897,250,7622.079487
-57.29543,250,7632.849684
-61.40358,250,7636.069083
-71.8311,250,7639.144858
128.01288,250,7643.873212
91.4893,250,7644.843617
128.66919,250,7648.22458
145.67519,250,7659.579222
77.25729,250,7662.756724
34.54521,250,7665.677974
18.811731,250,7670.309606
45.328503,250,7671.297963
-26.984112,250,7674.606116
7.4072905,250,7685.529931
-27.899746,250,7688.766275
173.72276,250,7691.835069
-20.415283,250,7696.434767
-31.596117,250,7697.468004
132.39412,250,7700.881875
-12.75166,250,7711.994157
141.10681,250,7715.246477
-32.692284,250,7718.292341
62.068764,250,7722.880092
144.82794,250,7723.863461
-22.600683,250,7727.070885
-6.015099,250,7737.839111
-33.33335,250,7741.071671
-34.984516,250,7744.082628
44.780857,250,7748.829954
-23.611168,250,7749.847233
72.41348,250,7753.168351
-89.42593,159,7754.721199
-38.356163,250,7767.499269
22.69929,250,7770.534153
-36.877068,250,7775.062045
26.666454,250,7775.990561
-57.095768,250,7779.177056
-34.25608,250,7780.781769
-37.106915,250,7793.177014
102.84719,250,7796.147072
-18.518572,250,7800.678953
-33.333344,250,7801.619437
-12.4089,250,7804.820876
-37.888218,250,7806.410624
67.85685,250,7819.372959
118.95401,250,7822.431779
230.73924,250,7827.0235
-29.054022,250,7827.949024
182.52821,250,7831.24521
-29.889338,250,7832.840944
81.49456,250,7950.114125
-15.129201,250,7953.165965
-92.38021,226,7955.211493
57.72853,250,7958.744047
84.818275,250,7962.027041
73.01024,250,7963.547974
4.895046,250,7976.264965
-26.38041,250,7979.2809
-34.02781,250,7981.355353
216.17688,250,7984.995616
156.31764,250,7988.37159
57.67601,250,7990.031151
-25.709581,222,7999.975557
22.033709,250,8005.786018
145.09848,250,8007.822571
14.55101,250,8011.203531
-18.36742,250,8014.33316
-15.254354,250,8015.865064
42.259132,250,8025.393581
-41.348976,250,8031.246927
-12.3377,250,8033.319386
-27.868858,250,8036.768163
31.034246,250,8040.037421
148.25218,250,8041.717926
-23.913101,250,8051.27038
32.352707,250,8057.105787
-8.517463,250,8059.249481
126.61899,250,8062.752119
163.88936,250,8066.023371
-35.81083,250,8067.650021
192.13557,250,8077.659253
122.99641,250,8083.67317
152.6692,250,8085.687783
-7.8015237,250,8089.015751
80.60172,250,8092.250112
23.188192,250,8093.825902
-34.911266,250,8103.568847
82.18595,250,8109.426183
-6.1489797,250,8111.522576
-34.853455,250,8114.955396
12.727076,250,8118.202712
177.77814,250,8119.799442
-75.129684,131,8123.155481
-25.08148,250,8134.014129
-19.46316,250,8147.624737
-34.42623,250,8153.071183
190.10307,250,8158.16556
38.88861,250,8160.641938
21.672787,250,8168.482361
162.41168,250,8277.496694
-22.580717,250,8285.755612
78.91356,250,8289.286169
96.96946,250,8292.563405
-18.149551,250,8294.142184
-27.152325,250,8297.574006
-38.77555,250,8304.400748
135.29395,250,8312.651879
219.87631,250,8316.037827
60.377083,250,8319.238269
61.511673,250,8320.75222
75.298645,250,8324.002528
33.135788,250,8330.527087
23.239174,250,8338.642386
144.06856,250,8342.16297
382.4907,250,8345.457161
-35.975643,250,8347.039928
115.54741,250,8350.382987
76.25877,250,8356.761928
53.845833,250,8364.974964
-35.384624,250,8368.502581
209.27869,250,8371.848633
76.84871,250,8373.542105
150.89691,250,8376.978914
105.992325,250,8383.567572
-40.594086,250,8391.733733
144.6818,250,8395.257326
183.73776,250,8398.541544
60.883057,250,8400.148247
9.848282,250,8403.604513
225.50397,250,8410.409316
199.69452,250,8418.473752
-132.13333,248,8421.734033
-28.571411,250,8425.262598
235.64099,250,8426.857332
-8.759269,250,8430.240323
148.17567,250,8436.921469
-28.082235,250,8445.020808
45.985085,250,8448.255158
168.29303,250,8451.782734
191.26254,250,8453.36949
-16.955122,250,8456.754438
-32.20343,250,8463.388707
154.71762,250,8471.449151
270.74854,250,8474.692477
50.73506,250,8478.135679
-40.397385,250,8479.74338
116.21652,250,8483.213105
204.63593,250,8489.911193
151.79953,250,8598.279539
190.85054,250,8601.591681
179.31114,250,8605.161134
429.63058,250,8606.802745
-51.219543,250,8610.33031
101.08719,250,8617.143091
391.63983,250,8625.462842
88.46149,250,8628.789944
450.5617,250,8632.366406
225.15393,250,8633.997046
68.31655,250,8637.36105
55.40513,250,8643.834737
171.84525,250,8651.965996
35.04807,250,8655.320027
133.33405,250,8658.97226
106.22541,250,8660.616863
206.05074,250,8664.085601
261.94092,250,8670.661016
94.805,250,8679.146324
401.67328,250,8682.551218
398.25815,250,8686.037894
152.4922,250,8687.695461
46.17913,250,8691.120319
84.66885,250,8697.750496
70.96749,250,8706.045313
175.09384,250,8709.461177
377.35226,250,8713.063544
259.55148,250,8714.769979
353.57162,250,8718.245685
396.32358,250,8725.074423
192.16908,250,8733.380212
103.25169,250,8736.706316
318.83157,250,8740.380491
66.6666,250,8742.090916
134.87645,250,8745.586567
213.79358,250,8752.419296
48.788704,250,8760.534593
386.20755,250,8763.798862
32.685806,250,8767.349369
143.05533,250,8769.016908
132.97475,250,8772.420806
15.755426,250,8778.847619
34.751526,250,8787.185321
288.31665,250,8790.705908
323.33356,250,8794.386065
49.846825,250,8796.078539
354.21268,250,8799.627048
347.8125,250,8806.492687
305.145,250,8814.909188
374.10437,250,8917.572183
408.41843,250,8921.168565
298.4679,250,8922.76729
99.36689,250,8926.204099
210.23126,250,8932.944844
430.9451,250,8941.23568
428.16913,250,8944.704403
275.4388,250,8948.341676
244.20308,250,8950.076038
88.15302,250,8953.58567
388.74606,250,8960.519138
324.05115,250,8968.797001
181.25092,250,8972.227826
406.84976,250,8975.836175
473.58594,250,8977.523662
204.19635,250,8981.079154
423.4665,250,8987.889951
329.02292,250,8996.291405
155.17273,250,8999.636458
87.70193,250,9003.193945
90.32228,250,9004.839544
346.9454,250,9008.391046
480.29218,250,9015.119054
190.65846,250,9023.293195
345.31354,250,9026.658195
356.34988,250,9030.389217
446.87592,250,9032.058752
441.04456,250,9035.553407
208.19734,250,9042.087442
96.610306,250,9050.457146
425.09665,250,9053.871017
400.0,250,9057.615004
272.09363,250,9059.301494
359.284,250,9062.871946
211.32155,250,9069.689713
346.3096,250,9078.293704
310.42416,250,9081.695649
105.882065,250,9085.313982
394.95044,250,9086.986508
268.07892,250,9090.565936
252.75082,250,9097.35877
300.69733,250,9105.628929
18.279413,250,9108.98296
346.48413,250,9112.62842
405.3773,250,9114.322889
359.18454,250,9117.891545
290.07172,250,9124.624546
440.74188,250,9132.874483
403.33298,250,9136.260427
243.53738,250,9240.164089
76.4704,250,9241.79473
437.03815,250,9245.253772
335.06522,250,9251.969811
53.354404,250,9260.307515
177.34457,250,9263.810148
330.86832,250,9267.398551
245.58905,250,9268.993287
371.42874,250,9272.501913
182.20923,250,9279.231914
380.89145,250,9287.473385
261.62396,250,9290.810465
385.07462,250,9294.407845
96.773895,250,9296.104309
244.61617,250,9299.734605
331.973,250,9306.640156
282.08972,250,9315.06963
131.97461,250,9318.518406
180.37427,250,9322.217523
317.80884,250,9323.929944
219.48953,250,9327.536299
337.06287,250,9334.318162
270.7172,250,9342.683106
179.24521,250,9346.048107
104.89334,250,9349.741231
113.52319,250,9351.417748
357.447,250,9354.893453
396.09473,250,9361.730508
278.73804,250,9370.372411
324.051,250,9373.752373
385.4017,250,9377.44734
313.58072,250,9379.164747
388.6368,250,9382.707273
398.1957,250,9389.393158
378.9278,250,9397.747814
415.05124,250,9401.20457
221.42935,250,9404.894702
356.14017,250,9406.596153
385.81583,250,9410.15264
373.50992,250,9416.866686
347.0199,250,9425.210373
230.76917,250,9428.590333
121.83084,250,9432.117899
380.00006,250,9433.735573
355.93936,250,9437.276114
346.0436,250,9444.120809
211.11163,250,9452.501397
398.05484,250,9455.807566
100.66909,250,9459.40395
332.9904,250,9461.086321
353.84702,250,9565.089468
497.70206,250,9571.93117
294.64972,250,9580.487289
444.48468,250,9583.885202
391.58356,250,9587.473606
457.3133,250,9589.065349
280.47238,250,9592.530089
335.81155,250,9599.366239
342.30853,250,9607.795696
284.3542,250,9611.251968
230.4849,250,9614.831395
391.0402,250,9616.500931
445.1273,250,9619.986609
214.48781,250,9626.823327
140.60129,250,9635.040363
310.9595,250,9638.351508
79.99983,250,9642.014711
91.0568,250,9643.746082
265.77182,250,9647.348273
398.2453,250,9654.249829
415.03867,250,9662.827888
277.04974,250,9666.293621
415.57184,250,9669.95882
125.8071,250,9671.632344
136.52728,250,9675.138965
409.74005,250,9681.922828
454.2168,250,9690.297432
385.1863,250,9693.637501
240.20662,250,9697.300711
425.73523,250,9698.929355
263.63635,250,9702.516762
333.12094,250,9709.353478
252.40958,250,9717.867709
332.43335,250,9721.289568
208.55116,250,9724.947786
392.70087,250,9726.56147
319.0145,250,9730.06512
374.63766,250,9736.800109
388.05508,250,9745.097918
427.97174,250,9748.509794
228.18512,250,9752.164021
126.66751,250,9753.837546
452.81693,250,9757.432968
240.5575,250,9764.333507
390.04056,250,9772.916154
287.09723,250,9776.479625
371.15378,250,9780.256528
236.20709,250,9781.918085
121.55656,250,9785.457618
390.19705,250,9891.874892
378.68912,250,9900.213592
165.23381,250,9903.520747
360.81592,250,9907.05729
323.56686,250,9908.713371
425.59756,250,9912.183093
63.69014,250,9919.079649
221.54398,250,9927.660709
490.4441,250,9931.023716
451.1552,250,9934.72382
451.23767,250,9936.396348
303.84668,250,9939.883024
559.091,250,9946.746674
408.4184,250,9955.416489
473.88394,250,9958.904167
507.54828,250,9962.546291
471.42953,250,9964.243751
364.05334,250,9967.704496
283.33386,250,9974.448461
41.478867,250,9982.807129
470.9089,250,9986.284829
262.00812,250,9990.036795
291.168,250,9991.702353
381.84845,250,9995.194015
508.20825,250,10002.063382
222.28955,250,10010.704274
256.68848,250,10014.144076
474.99966,250,10017.847174
470.88208,250,10019.525684
285.41724,250,10023.010364
267.28406,250,10029.616697
173.03743,250,10038.153867
190.7357,250,10041.520871
443.47797,250,10045.191506
462.27835,250,10046.85406
512.9033,250,10050.320789
42.856842,250,10057.101655
28.712587,250,10065.550082
264.2181,250,10069.107708
493.857,250,10072.764936
513.47473,250,10074.471373
287.62283,250,10077.914177
361.53842,250,10084.750892
146.57617,250,10093.10954
417.857,250,10096.541363
411.1939,250,10100.264405
169.50372,250,10101.963861
359.36487,250,10105.4645
480.20517,250,10112.327147
406.32947,250,10219.840593
569.20184,250,10223.306325
417.85703,250,10226.900712
354.5461,250,10228.547309
482.75937,250,10232.054929
522.8966,250,10238.890679
349.1228,250,10247.225903
384.74692,250,10250.605864
272.3726,250,10254.364829
125.58895,250,10256.028381
410.94928,250,10259.55096
316.20187,250,10266.316866
547.0592,250,10275.029583
439.00696,250,10278.409543
315.03375,250,10281.99296
625.19257,250,10283.678459
526.0164,250,10287.198047
539.99915,250,10294.027782
389.7968,250,10302.524061
629.0091,250,10305.953888
546.4281,250,10309.665962
424.99997,250,10311.395336
342.4787,250,10314.913161
255.14117,250,10321.829664
372.78992,250,10330.389772
561.9218,250,10333.780224
474.75195,250,10337.459385
467.1154,250,10339.131913
520.81836,250,10342.773175
283.2759,250,10349.706309
428.05307,250,10358.266422
305.2299,250,10361.642393
357.44705,250,10365.18792
592.9132,250,10366.874759
477.28784,250,10370.477126
496.82495,250,10377.348623
545.61334,250,10385.863871
504.744,250,10389.322622
476.15875,250,10393.042673
76.67813,250,10394.773046
451.72488,250,10398.303603
576.9244,250,10405.235918
255.55594,250,10413.849891
458.21954,250,10417.284706
420.54843,250,10420.940928
453.05447,250,10422.595503
402.95953,250,10426.092152
473.88412,250,10432.986723
305.49893,250,10540.985804
563.08276,250,10544.344821
345.54504,250,10548.040936
522.1502,250,10549.716456
380.96976,250,10553.231057
656.1994,250,10560.006949
473.77127,250,10568.527163
518.2448,250,10572.020828
287.6927,250,10575.687021
372.13193,250,10577.390467
556.1388,250,10580.882141
584.78204,250,10588.178628
426.14493,250,10597.80988
650.9282,250,10601.518972
458.14062,250,10605.511004
589.6555,250,10607.333131
425.64066,250,10611.174859
392.11444,250,10618.691447
229.8974,250,10627.671107
410.70447,250,10631.170762
306.78067,250,10634.862675
407.418,250,10636.562142
486.09244,250,10640.247296
300.001,250,10647.071091
236.28384,250,10655.430743
406.579,250,10658.809816
415.82318,250,10662.407198
294.55847,250,10664.061771
450.78232,250,10667.595322
644.3607,250,10674.427265
516.7885,250,10682.978924
323.88107,250,10686.40576
391.69528,250,10690.072959
475.25198,250,10691.693143
595.48834,250,10695.331771
539.1763,250,10702.107824
462.29062,250,10710.57917
530.5965,250,10714.036923
418.03354,250,10717.707114
359.9405,250,10719.430503
605.4547,250,10722.968048
518.42084,250,10729.820726
390.13187,250,10738.317014
550.48486,250,10741.832613
587.7475,250,10745.464899
596.96924,250,10747.100526
109.16972,250,10750.638066
285.13596,250,10757.509713
507.01706,250,10766.034923
391.58365,250,10769.304179
256.87827,250,10873.052037
603.5575,250,10874.723567
240.20682,250,10878.230189
573.4012,250,10884.993119
533.5619,250,10893.262005
429.41266,250,10896.679864
512.501,250,10900.273254
548.3871,250,10901.931328
735.49896,250,10905.453908
547.4176,250,10912.406325
547.05884,250,10921.092105
587.71844,250,10924.515949
548.65,250,10928.114326
308.2285,250,10929.804804
169.23174,250,10933.277518
464.10242,250,10940.073111
587.0754,250,10948.540474
543.1227,250,10952.008199
606.56274,250,10955.62752
536.6658,250,10957.304037
549.99963,250,10960.838584
649.0916,250,10967.689269
361.7833,250,10976.004216
565.55237,250,10979.362236
388.55093,250,10983.019456
606.8969,250,10984.709356
592.3077,250,10988.241919
706.69,250,10995.279099
433.54712,250,11003.973854
553.1994,250,11007.420637
476.05164,250,11011.14767
702.083,250,11012.818202
460.13815,250,11016.396633
626.3146,250,11023.174429
429.94104,250,11031.64777
549.2531,250,11035.07661
354.83914,250,11038.730837
522.89667,250,11040.415332
621.189,250,11043.950877
571.42816,250,11050.849216
435.1181,250,11059.4981
129.77428,250,11062.855123
210.24155,250,11066.548245
705.0531,250,11068.180887
716.7956,250,11071.671552
483.07306,250,11078.464386
703.999,250,11086.945704
543.6362,250,11090.374534
473.20963,250,11094.02178
409.93384,250,11095.688369
630.7704,250,11201.289865
573.8352,250,11208.096681
595.97015,250,11216.500167
575.8625,250,11219.981868
595.3403,250,11223.676986
557.89435,250,11225.377439
474.4679,250,11228.822227
602.05505,250,11235.747705
221.3124,250,11244.202097
605.47974,250,11247.702735
607.39484,250,11251.357964
519.205,250,11253.031489
556.86383,250,11256.544107
650.9023,250,11263.248178
229.34128,250,11271.823261
467.04037,250,11275.243114
662.773,250,11278.962195
311.41165,250,11280.621756
229.23077,250,11284.162288
517.0196,250,11290.948142
645.3182,250,11299.516229
580.2972,250,11302.98595
440.62604,250,11306.695029
565.54205,250,11308.325669
520.69055,250,11311.785417
215.64307,250,11318.508947
667.7902,250,11326.941396
664.925,250,11330.367233
685.1555,250,11334.005503
676.8603,250,11335.658084
606.89703,250,11339.186649
643.944,250,11345.934603
588.3564,250,11354.313679
518.89276,250,11357.73454
727.16034,250,11361.399739
616.2179,250,11363.051322
587.9429,250,11366.64571
703.84735,250,11373.497387
222.88507,250,11381.872
392.66956,250,11385.18514
543.8848,250,11388.838371
543.3326,250,11390.481975
554.3636,250,11394.046443
641.2576,250,11400.706631
540.94086,250,11409.126122
598.88434,250,11412.531019
615.32806,250,11416.192337
700.7246,250,11417.855888
325.0003,250,11421.362509
649.0915,250,11530.12854
750.0016,250,11538.524093
575.40955,250,11541.942959
769.7309,250,11545.518397
586.0836,250,11547.218863
787.1584,250,11550.869456
694.223,250,11557.690154
579.87787,250,11566.260246
158.47575,250,11569.571771
423.8102,250,11573.210043
258.60132,250,11574.81475
595.9476,250,11578.270508
504.983,250,11585.029443
789.7067,250,11593.447932
789.7344,250,11596.938595
611.86414,250,11600.634711
747.0581,250,11602.327185
570.1041,250,11605.844777
730.9359,250,11612.643456
517.0888,250,11621.064945
656.49207,250,11624.519705
684.7221,250,11628.227789
686.20746,250,11629.937225
768.6129,250,11633.452837
777.9653,250,11640.313504
604.8613,250,11648.835725
706.45056,250,11652.294474
704.12476,250,11655.942119
650.88873,250,11657.620629
553.84546,250,11661.19906
552.5689,250,11668.040779
667.91656,250,11676.386466
719.8534,250,11679.693623
45.110153,250,11683.192266
735.66376,250,11684.859807
136.5598,250,11688.362392
769.0923,250,11695.287522
742.2928,250,11703.728947
701.3701,250,11707.065037
160.72699,250,11710.67021
719.72766,250,11712.331768
442.85687,250,11715.85136
626.02783,250,11722.574382
531.035,250,11731.108558
752.51874,250,11734.51844
583.5022,250,11738.191617
638.6772,250,11739.864145
611.8056,250,11743.352816
697.1015,250,11750.211477
623.40515,250,11861.539909
627.2715,250,11864.963751
696.7203,250,11868.570107
761.20844,250,11870.260586
521.9086,250,11873.824057
645.16113,250,11880.523141
580.1341,250,11888.962586
564.4736,250,11892.334569
723.5286,250,11895.963874
632.6733,250,11897.663329
804.0596,250,11901.297611
697.25195,250,11908.065511
483.33304,250,11916.63766
521.9497,250,11920.062502
641.0998,250,11923.780723
636.0248,250,11925.472199
447.17078,250,11929.010736
802.0971,250,11935.931229
675.91925,250,11944.424525
573.78015,250,11947.959077
566.6674,250,11951.640233
675.0856,250,11953.347667
700.0005,250,11956.789463
522.8967,250,11963.594265
592.54675,250,11972.149396
732.08954,250,11975.595405
701.4187,250,11979.253623
582.43286,250,11980.921164
654.32434,250,11984.509288
445.7313,250,11991.327059
818.4399,250,11999.79242
758.209,250,12003.212274
419.4037,250,12006.904423
590.5532,250,12008.554002
644.89795,250,12012.095532
318.60535,250,12018.912315
599.691,250,12027.386653
649.19543,250,12030.830442
758.2668,250,12034.463726
652.6144,250,12036.110333
685.4661,250,12039.660707
676.6984,250,12046.423621
730.25885,250,12055.096447
314.17896,250,12058.497364
648.2994,250,12062.143612
645.8746,250,12063.837084
644.1073,250,12067.329743
677.38446,250,12074.152499
741.08527,250,12186.022326
591.82367,250,12189.336462
564.4947,250,12192.940836
838.18317,250,12194.577461
770.37115,250,12198.052168
693.104,250,12204.990123
817.6035,250,12213.565734
760.6288,250,12216.952414
567.599,250,12220.549793
696.3644,250,12222.197388
687.7808,250,12225.705007
693.7051,250,12232.568675
682.6082,250,12240.958251
801.95953,250,12244.365725
682.2883,250,12247.996015
717.2752,250,12249.623662
659.61395,250,12253.175164
734.5084,250,12259.990951
662.54114,250,12268.414433
3.7678146,169,12271.599914
737.9318,250,12271.733557
750.53235,250,12275.327945
593.0103,250,12277.020418
740.5797,250,12287.236099
737.03687,250,12295.568827
781.35486,250,12298.835095
739.85626,250,12298.957768
823.666,250,12302.499297
667.4415,250,12304.098055
802.6222,250,12314.253862
177.46765,224,12319.761136
751.2094,250,12325.905709
788.8882,250,12326.039351
666.18677,250,12329.683628
657.66815,250,12331.374107
570.847,250,12341.733789
-2.1375382,147,12345.838156
847.17017,250,12347.265339
748.70905,250,12353.533577
781.48206,250,12353.758974
639.2735,250,12359.177909
618.2664,250,12369.62497
612.4594,250,12373.956393
614.2869,250,12375.412499
797.7273,250,12381.586003
665.1007,250,12381.719645
645.1611,250,12387.065349
797.1635,250,12397.418661
824.81104,250,12401.667301
609.77094,250,12403.141359
750.1616,250,12515.415163
783.2116,250,12515.537836
710.16895,250,12520.69305
683.5061,250,12531.068139
710.2188,250,12535.278878
687.7806,250,12536.746952
600.96405,250,12542.957351
602.61536,250,12543.081021
541.61847,250,12548.31503
664.5042,250,12558.474861
414.5631,250,12562.660677
777.7789,250,12564.144709
767.18634,250,12570.195527
695.302,250,12570.332161
556.536,250,12575.610048
732.11664,250,12585.888563
595.2057,250,12590.059409
789.7067,250,12591.496566
688.5296,250,12597.538408
624.014,250,12597.678035
409.37598,250,12602.965905
436.5075,250,12613.188574
642.37274,250,12617.354445
626.3146,250,12618.809554
652.54205,250,12624.955119
586.8319,250,12625.088761
788.43066,250,12630.238989
625.978,250,12640.039779
816.33374,250,12643.978245
-4.9181795,250,12645.34958
59.999702,250,12651.284706
656.1833,250,12651.420344
703.6374,250,12656.766047
608.0544,250,12667.174213
666.7841,250,12671.347055
532.9112,250,12672.819122
740.14703,250,12678.945742
714.28595,250,12679.094345
721.01056,250,12684.458001
625.63153,250,12694.854734
584.88684,250,12699.137281
679.6046,250,12700.663201
620.1358,250,12706.95338
485.85974,250,12707.089016
775.45746,250,12712.35594
683.9736,250,12722.636448
603.4488,250,12726.866137
430.74435,250,12728.309277
658.38947,250,12734.486757
614.2867,250,12734.626384
608.1964,250,12847.256034
446.2692,250,12857.538548
606.66595,250,12861.724354
651.6127,250,12863.168493
664.92505,250,12869.279172
648.32227,250,12869.421791
566.6659,250,12874.70566
682.6087,250,12884.781713
632.4413,250,12888.805953
708.6632,250,12890.196233
650.8415,250,12896.134354
17.469637,250,12896.262013
587.5005,250,12901.532944
564.5162,250,12911.917152
599.99994,250,12916.139861
663.06757,250,12917.569037
675.43726,250,12923.8283
590.7888,250,12923.966928
674.30566,250,12929.198936
626.31464,250,12939.751715
486.10382,250,12944.036257
595.79236,250,12945.515314
741.9121,250,12951.776573
589.3198,250,12951.922183
537.50073,250,12957.167412
670.833,250,12967.523723
590.85236,250,12971.729474
664.2858,250,12973.142694
744.44556,250,12979.410932
427.33118,250,12979.569508
734.55927,250,12984.866343
744.7641,250,12995.346332
644.8975,250,12999.812387
521.6211,250,13001.247549
675.0001,250,13007.366186
657.67804,250,13007.505813
604.9174,250,13012.764769
705.97015,250,13023.011013
712.9787,250,13027.125012
728.89746,250,13028.543219
736.5023,250,13034.702747
507.0292,250,13034.831404
664.9111,250,13040.05245
339.874,250,13050.212285
639.4373,250,13054.340247
514.64856,250,13055.770422
800.39746,250,13061.788333
543.1091,250,13061.937932
473.77118,250,13067.212825
537.77155,250,13185.775851
704.597,250,13189.978612
610.96375,250,13191.429745
764.34064,250,13197.451639
732.08966,250,13197.586279
545.3493,250,13202.805322
651.655,250,13213.206765
854.20044,250,13217.350682
688.3206,250,13218.73897
534.8319,250,13224.911464
685.4784,250,13225.045107
682.46594,250,13230.350925
611.92,250,13240.600536
627.27203,250,13244.688603
729.2702,250,13246.116784
775.00055,250,13252.391005
660.1368,250,13252.569527
706.12213,250,13261.066803
740.426,250,13278.396007
725.927,250,13285.599751
800.0006,250,13287.974401
764.96344,250,13301.705188
685.4785,250,13301.851795
649.99854,250,13307.568507
787.27435,250,13318.926651
790.51074,250,13323.503411
507.84436,250,13325.067411
530.1789,250,13331.84554
734.5084,250,13331.998132
643.67206,250,13337.751758
699.25525,250,13349.050541
658.62085,250,13353.628318
655.93195,250,13355.371656
779.24677,250,13362.378571
649.9986,250,13362.529167
772.7284,250,13368.460305
622.7423,250,13379.740903
702.7209,250,13383.942666
740.57996,250,13385.38082
369.64944,250,13391.507437
764.46826,250,13391.625121
718.81714,250,13396.863127
739.0795,250,13407.265318
710.81274,250,13411.387295
634.9823,250,13412.827444
544.17145,250,13418.948076
895.77875,250,13419.082715
744.76416,250,13424.352622
624.3575,250,13544.109034
590.2666,250,13548.253953
684.5112,250,13549.735018
647.21075,250,13555.867626
615.75323,250,13555.996283
445.1817,250,13561.18941
-38.11078,250,13571.401116
51.006695,250,13575.615843
-40.594116,250,13577.043028
-37.70496,250,13583.066942
67.74183,250,13583.199588
-36.24165,250,13588.49343
-34.853455,250,13598.785905
-33.774826,250,13602.980689
-35.810833,250,13604.358004
-35.69137,250,13610.485618
-10.652917,250,13610.640205
-31.899607,250,13615.843311
-93.33354,250,13625.991176
4.377107,250,13630.115147
-8.16326,250,13631.556293
-13.333332,250,13637.650006
13.71239,250,13637.786641
-93.421265,250,13642.955823
-11.262797,250,13653.182482
-93.266205,250,13657.228662
-35.81084,250,13658.663824
15.131586,250,13664.619896
-8.450696,250,13664.74157
-46.488342,250,13669.848917
-92.157074,250,13679.928962
-93.48556,250,13684.149674
-32.624073,250,13685.576857
-31.8996,250,13691.651611
-36.454895,250,13691.803205
-5.9233346,250,13696.97284
-16.39871,250,13707.227417
-45.859924,250,13711.4601
-15.032677,250,13712.896383
-28.825583,250,13718.983105
-36.908558,250,13719.129714
-32.885883,250,13724.266975
-4.0589995,250,13734.3909
-13.043474,250,13738.598649
-23.303816,250,13740.015858
-93.86524,250,13746.078651
-8.4507,250,13746.207309
-33.9934,250,13751.475227
-93.769684,250,13761.618101
-10.652912,250,13765.751061
32.867172,250,13881.105171
-6.5743866,250,13887.25273
-35.15361,250,13887.373408
-20.152025,250,13892.436866
-7.2164903,250,13902.50893
14.8649025,250,13906.636892
-21.921906,250,13908.078038
-21.933022,250,13914.051064
-21.42854,250,13914.191688
-23.076866,250,13919.299029
-15.309442,250,13929.34867
-16.981073,250,13933.459676
-29.32858,250,13934.903815
1.5625675,250,13940.980565
-34.210533,250,13941.110217
-24.999954,250,13946.389107
-30.147003,250,13956.613768
-35.691345,250,13960.791608
-92.700935,250,13962.232753
-37.50004,250,13968.232707
-33.121,250,13968.359368
-23.636305,250,13973.660205
-20.138868,250,13983.797105
-30.555529,250,13987.897156
-17.355309,250,13989.29442
-6.249998,250,13995.485861
-35.153606,250,13995.624491
-36.026943,250,14000.862492
-40.00004,250,14011.114149
23.287735,250,14015.281005
-32.885883,250,14016.731127
-21.501678,250,14022.856747
-9.699,250,14022.987395
-30.555532,250,14028.158566
-34.54542,250,14038.332272
-18.74999,250,14042.481683
-7.473298,250,14043.89989
-30.069893,250,14050.012544
-18.699116,250,14050.141199
-12.162159,250,14055.411105
-28.315367,250,14065.542767
-9.090901,250,14069.776396
21.428625,250,14071.23649
-2.6216774,250,14077.164636
-32.142815,250,14077.303266
-1.8181483,250,14082.457483
-11.347509,250,14092.713469
-27.272682,250,14096.958117
-20.289808,250,14098.426192
-25.781178,250,14224.310617
-41.53853,250,14224.443056
-32.03881,250,14229.599275
108.632935,250,14239.803018
124.755615,250,14244.019741
190.44154,250,14245.47771
273.7032,250,14251.545991
170.35852,250,14251.670656
197.57835,250,14256.906658
191.39073,250,14267.200654
267.34714,250,14271.274915
223.43263,250,14272.723042
216.72632,250,14278.82772
263.63657,250,14278.953384
201.47113,250,14284.244246
292.15765,250,14294.554672
134.56769,250,14298.762422
242.28217,250,14300.227502
190.00027,250,14306.297025
216.54713,250,14306.426679
302.34454,250,14311.728511
190.00035,250,14321.998048
289.47366,250,14326.193828
233.33356,250,14327.670877
239.101,250,14333.911198
215.15218,250,14334.05282
192.89966,250,14339.363617
225.34293,250,14349.64114
263.6367,250,14353.771095
151.33702,250,14355.252134
234.39532,250,14361.496452
200.67589,250,14361.632088
244.37091,250,14366.960838
215.06895,250,14377.36502
182.46779,250,14381.577754
225.17497,250,14383.085724
202.49167,250,14389.296113
170.62721,250,14389.429755
236.84218,250,14394.636236
232.07587,250,14404.915745
193.75046,250,14409.111538
261.31427,250,14410.518776
190.42928,250,14416.778036
191.9466,250,14416.909685
289.31366,250,14422.273347
213.38054,250,14432.587776
213.79356,250,14436.896253
238.98372,250,14438.380284
207.1901,250,14444.477912
173.88542,250,14444.625517
167.85712,250,14566.843745
258.80423,250,14576.905857
252.72736,250,14581.073712
209.81606,250,14582.4989
303.39072,250,14588.57928
280.64545,250,14588.706939
266.19742,250,14593.931965
289.09103,250,14603.990068
295.6046,250,14608.113041
243.84924,250,14609.497339
302.21457,250,14615.592039
285.21417,250,14615.724685
286.02997,250,14620.913901
318.44012,250,14631.240292
302.93054,250,14635.383212
307.1432,250,14636.87124
221.54366,250,14643.033761
272.41437,250,14643.158427
266.8837,250,14648.425347
306.89728,250,14658.830539
261.20474,250,14663.071196
313.53476,250,14664.519324
333.09885,250,14670.681844
267.21368,250,14670.835432
312.58734,250,14675.979676
302.82773,250,14686.076674
290.2443,250,14690.189581
309.4206,250,14691.65965
253.89665,250,14697.647636
405.74777,250,14697.774297
330.10834,250,14702.949458
266.19748,250,14713.179101
278.57184,250,14717.270159
365.2016,250,14718.724276
321.05255,250,14724.894775
259.62204,250,14725.02343
247.0792,250,14730.234827
306.59366,250,14740.421585
333.96286,250,14744.563508
277.1052,250,14746.022606
309.8949,250,14752.218536
337.72318,250,14752.354174
313.19504,250,14757.695413
325.24973,250,14767.983898
293.9398,250,14772.170712
301.9294,250,14773.608866
322.81952,250,14779.757423
345.69327,250,14779.88907
220.80957,250,14785.228703
267.13287,250,14912.350057
266.10254,250,14916.370306
293.38293,250,14917.795495
286.28232,250,14923.765529
274.12607,250,14923.900169
241.13779,250,14929.104662
48.437424,250,14939.287632
82.10854,250,14943.453491
17.449661,250,14944.926552
8.000092,250,14950.970995
69.696754,250,14951.110621
62.251656,250,14956.307726
78.5713,250,14966.536386
104.545364,250,14970.614491
64.037766,250,14972.055637
22.58065,250,14978.001746
93.30849,250,14978.129406
154.82619,250,14983.310624
50.170647,250,14993.493718
178.81064,250,14997.592755
123.3675,250,14999.021934
71.7791,250,15005.022617
109.059105,250,15005.161246
48.484787,250,15010.364337
129.0909,250,15020.400711
93.3333,250,15024.494272
157.73184,250,15025.885551
12.903303,250,15031.938445
102.70252,250,15032.075079
135.91534,250,15037.315074
78.57132,250,15047.593601
75.62709,250,15051.767438
20.634943,250,15053.25147
-5.5943904,250,15059.243954
35.313435,250,15059.374604
97.27878,250,15064.632543
39.99999,250,15074.930006
54.545418,250,15079.126781
170.07303,250,15080.530029
-18.831152,250,15086.684688
40.410847,250,15086.81833
91.27504,250,15092.044704
46.616325,250,15102.108831
73.28518,250,15106.204503
118.0449,250,15107.607749
70.81852,250,15113.599891
92.05279,250,15113.731539
89.6551,250,15118.986497
49.25377,250,15247.205331
65.5172,250,15251.248517
168.48244,250,15252.643785
94.13911,250,15258.622797
69.06468,250,15258.746465
120.338844,250,15263.954657
186.19559,250,15274.091547
153.2895,250,15278.284335
165.01802,250,15279.758394
224.13849,250,15285.878027
159.13618,250,15286.013664
227.13808,250,15291.274596
163.51363,250,15301.61994
165.37222,250,15305.809735
131.27025,250,15307.296758
125.48997,250,15313.65675
192.20822,250,15313.794382
150.77396,250,15319.213888
176.45068,250,15330.837803
158.27806,250,15335.646943
163.97537,250,15337.400254
173.31207,250,15344.67081
148.44717,250,15344.858309
135.29413,250,15350.571031
187.09682,250,15361.843884
186.76505,250,15366.327893
149.2401,250,15367.917641
165.62515,250,15374.424241
214.96082,250,15374.573841
215.98566,250,15379.891624
218.51909,250,15391.276745
153.42471,250,15396.715201
166.45787,250,15398.739786
138.70947,250,15407.20814
238.7757,250,15407.346769
200.34164,250,15412.877137
205.84198,250,15423.932323
211.35548,250,15428.148062
230.76956,250,15429.600178
140.24026,250,15435.796813
170.75827,250,15435.923473
125.07111,250,15441.270175
162.06909,250,15451.513815
158.89961,250,15455.72655
197.20284,250,15457.227535
162.45845,250,15463.411
225.92657,250,15463.547633
199.29594,250,15468.769677
199.21277,250,15478.844746
197.65933,250,15602.326882
131.24985,250,15603.774025
201.07558,250,15609.76601
127.81051,250,15609.906634
194.1177,250,15615.053877
241.9124,250,15625.364321
204.34836,250,15629.434894
249.15334,250,15630.866068
131.23169,250,15636.775276
243.43501,250,15636.895954
123.442856,250,15642.076101
268.42105,250,15652.164129
264.31274,250,15656.279135
253.50356,250,15657.715292
243.85971,250,15663.940652
215.11296,250,15664.0723
160.07378,250,15669.32278
296.76187,250,15679.613261
197.4688,250,15683.794086
193.57849,250,15685.27014
287.09695,250,15691.672019
276.76083,250,15691.801672
258.3622,250,15697.004758
128.66928,250,15707.196513
327.5098,250,15711.27361
214.64232,250,15712.743678
326.16055,250,15718.802476
224.6759,250,15718.942103
202.39534,250,15724.181092
263.97113,250,15734.347919
222.36906,250,15738.407063
317.29398,250,15739.82926
325.2878,250,15745.932714
183.38805,250,15746.06936
184.61594,250,15751.225587
253.84648,250,15761.493129
195.73178,250,15765.748763
222.68434,250,15767.209855
222.5813,250,15773.339469
257.86008,250,15773.475107
236.99673,250,15778.761976
270.13034,250,15789.018553
215.97227,250,15793.243256
194.11841,250,15794.674428
117.39167,250,15800.80708
234.45987,250,15800.9487
173.31221,250,15806.238554
250.59796,250,15816.416352
235.68974,250,15820.61313
234.49533,250,15822.039315
273.62668,250,15946.843007
270.62946,250,15946.980638
272.263,250,15952.121896
281.75723,250,15962.199945
226.92369,250,15966.370945
300.70966,250,15967.845003
283.1172,250,15974.059383
147.52522,250,15974.190034
272.5498,250,15979.496377
232.26884,250,15989.689142
195.08255,250,15993.846037
251.79193,250,15995.284191
318.97296,250,16001.387501
303.10117,250,16001.5381
200.33046,250,16006.747099
307.80182,250,16016.907166
285.76822,250,16021.070047
292.08685,250,16022.526164
263.63687,250,16028.662262
310.3454,250,16028.790919
247.54144,250,16033.932177
336.50858,250,16044.094025
268.60107,250,16048.206029
302.21454,250,16049.643185
235.54837,250,16055.756842
273.18884,250,16055.890485
293.7285,250,16061.118504
254.16682,250,16071.38405
277.62234,250,16075.556903
212.10231,250,16076.95616
128.84045,250,16083.105714
276.3843,250,16083.264292
237.83804,250,16088.401551
240.1362,250,16098.687045
231.03502,250,16102.777108
294.92783,250,16104.176365
280.64542,250,16110.306972
236.80571,250,16110.441611
268.07867,250,16115.682594
303.16254,250,16125.851409
318.7733,250,16130.044207
242.19287,250,16131.514275
341.86118,250,16137.694011
183.01912,250,16137.820673
161.74539,250,16143.068637
250.0003,250,16153.318228
196.53047,250,16157.517996
221.54352,250,16158.929222
226.0877,250,16165.173523
263.97104,250,16165.303176
